index,filename,viewpoint,species,shown_at_iso
1,oth_vvel2_1415_jpg.rf.82b140939b01ae29fc03f3523190c93e.jpg,oth,vve,2026-04-27T16:56:32.059Z
2,sid_NULL_1491_jpg.rf.b71393a82e12e4818aa6f9ab96c28c44.jpg,sid,NUL,2026-04-27T16:56:36.071Z
3,top_vvel2_0052_jpg.rf.494cc5e19a9c0e8efd24c84305a2fa91.jpg,top,vve,2026-04-27T16:56:40.093Z
4,top_vcra1_2262_jpg.rf.66a100a6bcf10a9f94a651d26a4dcd97.jpg,top,vcr,2026-04-27T16:56:44.117Z
5,top_vespsp2_5751_jpg.rf.2f3c650787659405a2f337b014e95602.jpg,top,ves,2026-04-27T16:56:48.145Z
6,top_vcra2_3246_jpg.rf.752f908bbca348dc40172eaf6613f144.jpg,top,vcr,2026-04-27T16:56:52.165Z
7,top_amel2_1598_jpg.rf.c4a90826a5f9aa5a2418c45462704bf0.jpg,top,ame,2026-04-27T16:56:56.188Z
8,oth_vvel2_2642_jpg.rf.907276ecc8f317156b4f26e54172eaa1.jpg,oth,vve,2026-04-27T16:57:00.209Z
9,oth_vespsp2_0688_jpg.rf.c261078e19d68a6a011475dbdeae38d9.jpg,oth,ves,2026-04-27T16:57:04.228Z
10,sid_vvel2_4022_jpg.rf.c6ee2a5100f50d02124bc1a9493021e8.jpg,sid,vve,2026-04-27T16:57:08.248Z
11,sid_vcra2_1191_jpg.rf.34d86079ff7ebe957ee8986350e9dfce.jpg,sid,vcr,2026-04-27T16:57:12.297Z
12,oth_vcra2_5852_jpg.rf.ec9c50a2a5b00d722b490172a80b09c2.jpg,oth,vcr,2026-04-27T16:57:16.303Z
13,oth_vvel2_3685_jpg.rf.1b5d173726099966a47c80dcc37a9b33.jpg,oth,vve,2026-04-27T16:57:20.338Z
14,top_vvel2_4601_jpg.rf.eccfbdf96cdd6e7a08d268d6b76a6664.jpg,top,vve,2026-04-27T16:57:24.367Z
15,oth_vvel1_2503_jpg.rf.8776d94ff7061ba43b91a0c190c7c269.jpg,oth,vve,2026-04-27T16:57:28.392Z
16,top_vvel1_1222_jpg.rf.5c0b73feadb3c6a7285e4f62953b5bc2.jpg,top,vve,2026-04-27T16:57:32.419Z
17,top_vcra2_4993_jpg.rf.1749e3f9c6ba7d91a5d8c6faff59d937.jpg,top,vcr,2026-04-27T16:57:36.451Z
18,sid_vvel2_4971_jpg.rf.f605f9ce04fb230a355e188490407b9f.jpg,sid,vve,2026-04-27T16:57:40.457Z
19,top_NULL_1189_jpg.rf.6fb152c3e8032c2755cd5d5adf305d9c.jpg,top,NUL,2026-04-27T16:57:44.487Z
20,top_vcra2_5417_jpg.rf.f529ebec88e3ecfa35109b56ae0f1837.jpg,top,vcr,2026-04-27T16:57:48.502Z
21,top_amel1_2241_jpg.rf.0dc1fb6205b2c346a0db197d3d0e02cc.jpg,top,ame,2026-04-27T16:57:52.532Z
22,top_vvel2_2282_jpg.rf.58d632c09325b78bf4c19b30a58c2859.jpg,top,vve,2026-04-27T16:57:56.559Z
23,top_vcra2_4610_jpg.rf.5ec59bcdb51b620b817e0d82e2fce210.jpg,top,vcr,2026-04-27T16:58:00.570Z
24,sid_vcra2_0169_jpg.rf.1d450a03e04c1a9888333284d12c8398.jpg,sid,vcr,2026-04-27T16:58:04.599Z
25,sid_vespsp2_4146_jpg.rf.29def1c64f390a6d15252bde98452c97.jpg,sid,ves,2026-04-27T16:58:08.608Z
26,oth_amel2_8276_jpg.rf.6aa5659f172f6e8c3c3f1e20b13f0028.jpg,oth,ame,2026-04-27T16:58:12.627Z
27,oth_vespsp1_0414_jpg.rf.2391cc301bb7cd82923ff97acb806485.jpg,oth,ves,2026-04-27T16:58:16.641Z
28,oth_vespsp2_4642_jpg.rf.b3cfa113738382648f179b746cfb40fe.jpg,oth,ves,2026-04-27T16:58:20.652Z
29,sid_amel1_2405_jpg.rf.9a67327e04b326d84dccc65fd3e1ab86.jpg,sid,ame,2026-04-27T16:58:24.677Z
30,sid_vcra2_2704_jpg.rf.aef45048fdad19521b71ff8dc85b43e6.jpg,sid,vcr,2026-04-27T16:58:28.688Z
31,top_amel2_7053_jpg.rf.cf11f61a0914805604a3933c51e93cf1.jpg,top,ame,2026-04-27T16:58:32.701Z
32,oth_vespsp2_4443_jpg.rf.1929ed54bf5a67301f44a3235e7c6999.jpg,oth,ves,2026-04-27T16:58:36.715Z
33,oth_vvel2_5978_jpg.rf.81930247ae3450667e779ce99ffae6e6.jpg,oth,vve,2026-04-27T16:58:40.729Z
34,top_NULL_0353_jpg.rf.8d9c33044b01adf899fd538e76d31d15.jpg,top,NUL,2026-04-27T16:58:44.741Z
35,top_amel1_1106_jpg.rf.266b96b36c4c6e1fe4391354b86f7d00.jpg,top,ame,2026-04-27T16:58:48.762Z
36,oth_vcra1_1835_jpg.rf.49360b95a1a0021244d1557f5fb168de.jpg,oth,vcr,2026-04-27T16:58:52.774Z
37,oth_amel2_5354_jpg.rf.d8a38fc5e4fc2787865e4d057be87af6.jpg,oth,ame,2026-04-27T16:58:56.781Z
38,oth_vvel1_1642_jpg.rf.d1d9c62eb82cf0fed9a891f4afb53ddb.jpg,oth,vve,2026-04-27T16:59:00.801Z
39,oth_vespsp2_3057_jpg.rf.451e57b37252867c3392139d357468f3.jpg,oth,ves,2026-04-27T16:59:04.829Z
40,sid_amel2_2483_jpg.rf.bbfb8f66439e654268454864d95bf122.jpg,sid,ame,2026-04-27T16:59:08.842Z
41,top_amel2_6382_jpg.rf.befac5fc9a6d6f19d394c578d7c8825a.jpg,top,ame,2026-04-27T16:59:12.873Z
42,top_vespsp2_1324_jpg.rf.9f3526ffde3405f8261ef62b5303332a.jpg,top,ves,2026-04-27T16:59:16.892Z
43,top_vcra2_1572_jpg.rf.873180f675911b65da332461a2ddd7d4.jpg,top,vcr,2026-04-27T16:59:20.910Z
44,top_vespsp2_3595_jpg.rf.54946e20e7c823ba6670531f6e397e68.jpg,top,ves,2026-04-27T16:59:24.921Z
45,top_vcra2_4981_jpg.rf.4a2280b28b8590e7ffde5e3a224d6434.jpg,top,vcr,2026-04-27T16:59:28.931Z
46,sid_vespsp2_1773_jpg.rf.acdfb1032d20f333933f1379efb2f7d7.jpg,sid,ves,2026-04-27T16:59:32.938Z
47,top_amel2_6507_jpg.rf.090c5a89085ac6282ec9b049f23961b2.jpg,top,ame,2026-04-27T16:59:36.954Z
48,oth_vvel2_1030_jpg.rf.50bf8416a0f974ad1d81fb7cc9068d08.jpg,oth,vve,2026-04-27T16:59:40.974Z
49,top_amel1_0617_jpg.rf.1e306b4979d6ee1e07a142aeba33b690.jpg,top,ame,2026-04-27T16:59:44.986Z
50,sid_amel1_2436_jpg.rf.2078a2d88b20a77fcd24604a5d089c1e.jpg,sid,ame,2026-04-27T16:59:49.006Z
51,top_vcra2_0592_jpg.rf.c8279c25e8c87779b27f2ea88b419173.jpg,top,vcr,2026-04-27T16:59:53.020Z
52,oth_amel2_3759_jpg.rf.e3e9ac5d6912a501ccae113822614306.jpg,oth,ame,2026-04-27T16:59:57.024Z
53,sid_vespsp2_1055_jpg.rf.a4d772cabae42b8e441c14431d8f4019.jpg,sid,ves,2026-04-27T17:00:01.031Z
54,top_amel2_3359_jpg.rf.9b20f628a7fdc99278d91bdcc25d0eef.jpg,top,ame,2026-04-27T17:00:05.061Z
55,oth_NULL_1590_jpg.rf.f0ab9a8f5ccbc924263ca37eab5586bd.jpg,oth,NUL,2026-04-27T17:00:09.075Z
56,oth_vcra1_0406_jpg.rf.f69de260a45a3cd9773eb897e0e8eb5e.jpg,oth,vcr,2026-04-27T17:00:13.091Z
57,sid_vespsp1_0502_jpg.rf.00d39cc7ebce84a997ab3ecf3f2edabf.jpg,sid,ves,2026-04-27T17:00:17.123Z
58,top_vvel2_0464_jpg.rf.2dd3eb315a558ac9b3fe4567360517a4.jpg,top,vve,2026-04-27T17:00:21.167Z
59,oth_vvel2_0060_jpg.rf.e4c73ba7828c17e38aa417146b17dd69.jpg,oth,vve,2026-04-27T17:00:25.175Z
60,sid_amel1_1815_jpg.rf.98375f470f95d58e5067b6a52a12be9b.jpg,sid,ame,2026-04-27T17:00:29.182Z
61,sid_vcra2_0083_jpg.rf.8aa2e60a91553eafd52e5f36494e5e2a.jpg,sid,vcr,2026-04-27T17:00:33.186Z
62,sid_vvel1_2275_jpg.rf.9935f4facb2f0b517539f91b6abf7e72.jpg,sid,vve,2026-04-27T17:00:37.192Z
63,top_vcra2_3243_jpg.rf.471b68ca048c1f0c9d39e95c07e528e8.jpg,top,vcr,2026-04-27T17:00:41.199Z
64,sid_amel2_4833_jpg.rf.d08e1df20ba60c3b08892a42af79d4ef.jpg,sid,ame,2026-04-27T17:00:45.208Z
65,oth_vespsp2_1469_jpg.rf.cdbc97ec5504453d290099f9b97b8c75.jpg,oth,ves,2026-04-27T17:00:49.212Z
66,sid_vcra2_5563_jpg.rf.fb2bad3355ba8cfc88b1268c8679ceee.jpg,sid,vcr,2026-04-27T17:00:53.217Z
67,top_amel1_2037_jpg.rf.b85dc62f31ec5c7a6f56da94c2a2f262.jpg,top,ame,2026-04-27T17:00:57.224Z
68,oth_amel1_1546_jpg.rf.6de31c982a7d34e7b9cdf52400722fc8.jpg,oth,ame,2026-04-27T17:01:01.232Z
69,oth_vespsp2_0465_jpg.rf.75bac31d920b3d74ece9b585110deb27.jpg,oth,ves,2026-04-27T17:01:05.240Z
70,top_amel2_4706_jpg.rf.a855f2a1e323503094150ea16840c8d0.jpg,top,ame,2026-04-27T17:01:09.247Z
71,top_NULL_0872_jpg.rf.f456a6f2be88b1aca4f5630add0c0bc7.jpg,top,NUL,2026-04-27T17:01:13.264Z
72,sid_vvel2_5289_jpg.rf.44cc13d6e0d76162908e2da5854f9323.jpg,sid,vve,2026-04-27T17:01:17.280Z
73,oth_vespsp2_0353_jpg.rf.517e9ec46296464d7a6f456b17355efc.jpg,oth,ves,2026-04-27T17:01:21.295Z
74,top_vvel2_1498_jpg.rf.68a79957ca037d46bcfc51f15e3b311d.jpg,top,vve,2026-04-27T17:01:25.313Z
75,oth_vvel1_1000_jpg.rf.5c020230e1a9bb08146797a7bff921bb.jpg,oth,vve,2026-04-27T17:01:29.327Z
76,top_vespsp2_0975_jpg.rf.6a188772eef6b2bf29db23339c29e06b.jpg,top,ves,2026-04-27T17:01:33.352Z
77,top_vcra2_5962_jpg.rf.7958c3485dc25bf2703527b6d1e35a9c.jpg,top,vcr,2026-04-27T17:01:37.355Z
78,top_vcra1_0051_jpg.rf.88201619136a2a594e7423dbb94bb572.jpg,top,vcr,2026-04-27T17:01:41.369Z
79,top_vcra2_0894_jpg.rf.d7295df20cf4994f682ba11d7c0921c4.jpg,top,vcr,2026-04-27T17:01:45.379Z
80,top_vcra2_1648_jpg.rf.cff8c54054fe31da6f8fc85a9c5e843b.jpg,top,vcr,2026-04-27T17:01:49.382Z
81,oth_vespsp2_4262_jpg.rf.654f83a1d4f009df07e996fdaf3ca167.jpg,oth,ves,2026-04-27T17:01:53.410Z
82,top_vespsp2_2995_jpg.rf.4eedda9155b3761ad7c2a31458fdf305.jpg,top,ves,2026-04-27T17:01:57.417Z
83,oth_vvel2_4040_jpg.rf.408c6c9cb338fe35b4639afde331d7ce.jpg,oth,vve,2026-04-27T17:02:01.447Z
84,oth_amel2_8968_jpg.rf.e4899431d2d0625f4c50471dda96a1f7.jpg,oth,ame,2026-04-27T17:02:05.455Z
85,sid_amel2_5882_jpg.rf.68be86445ba755828fc4c72f5fb7fedd.jpg,sid,ame,2026-04-27T17:02:09.485Z
86,oth_amel2_1181_jpg.rf.b159639b6ad04194e3aceb7b7126aafb.jpg,oth,ame,2026-04-27T17:02:13.494Z
87,top_vcra2_3239_jpg.rf.9f16acf1eb5986cdf2195e5ff74edca3.jpg,top,vcr,2026-04-27T17:02:17.505Z
88,top_amel2_4743_jpg.rf.f9ac5c7a02843c08c162e622f170eed7.jpg,top,ame,2026-04-27T17:02:21.519Z
89,sid_vcra1_1728_jpg.rf.c429e57c14ef1965e7d5e5c1f4ec469d.jpg,sid,vcr,2026-04-27T17:02:25.544Z
90,oth_vvel1_2572_jpg.rf.97cd91025e8f0724f9f8fb020f75be92.jpg,oth,vve,2026-04-27T17:02:29.550Z
91,top_vcra2_4220_jpg.rf.c9128a3ac62e44f27b054a21928c9e39.jpg,top,vcr,2026-04-27T17:02:33.582Z
92,top_vespsp2_5842_jpg.rf.3e6111636236159b11d52b15585bbdb0.jpg,top,ves,2026-04-27T17:02:37.589Z
93,top_vespsp2_5740_jpg.rf.e88a5e738089a3a8874177fca76a2a29.jpg,top,ves,2026-04-27T17:02:41.623Z
94,sid_amel2_8519_jpg.rf.bd9fce732ef096e134dbf2015fd004b4.jpg,sid,ame,2026-04-27T17:02:45.655Z
95,sid_amel2_1827_jpg.rf.2d191c93e632fdf5d6b6d899213d9616.jpg,sid,ame,2026-04-27T17:02:49.686Z
96,top_amel2_7062_jpg.rf.51e15ebd545b368f92dcdf4cbb42f1be.jpg,top,ame,2026-04-27T17:02:53.721Z
97,top_vvel2_0310_jpg.rf.357ad908d2f81b87ea71925fe6583cf6.jpg,top,vve,2026-04-27T17:02:57.739Z
98,sid_amel2_8480_jpg.rf.17cfddac54cf5cfa3dac6248ee45eedd.jpg,sid,ame,2026-04-27T17:03:01.768Z
99,oth_amel1_0782_jpg.rf.a89a46ef3965ec93a4878d8b418106fd.jpg,oth,ame,2026-04-27T17:03:05.802Z
100,sid_vvel1_1416_jpg.rf.b34a42cd44513a31e8b1624fcb1c35a7.jpg,sid,vve,2026-04-27T17:03:09.822Z
101,sid_vespsp2_5083_jpg.rf.ee849cb42aa0cd6661327ab6ce1a642d.jpg,sid,ves,2026-04-27T17:03:13.846Z
102,top_amel1_0456_jpg.rf.d3be1392ea3a385f13524e980b1876ea.jpg,top,ame,2026-04-27T17:03:17.858Z
103,top_vespsp2_2700_jpg.rf.90755a640cd2b22aa04173f87d9d6a49.jpg,top,ves,2026-04-27T17:03:21.865Z
104,top_vvel2_5859_jpg.rf.e3f80ebc3da180d4a480eb09ac49e1f3.jpg,top,vve,2026-04-27T17:03:25.894Z
105,top_NULL_0843_jpg.rf.62929cb4b4eb3742840f2c8d79a87323.jpg,top,NUL,2026-04-27T17:03:29.921Z
106,sid_vespsp2_3391_jpg.rf.f8a501a08474545228aa96a33aac880f.jpg,sid,ves,2026-04-27T17:03:33.936Z
107,oth_vvel2_1967_jpg.rf.cf408efebd90bbd94b281e586937f33d.jpg,oth,vve,2026-04-27T17:03:37.967Z
108,oth_amel1_1610_jpg.rf.772b485f885ed74ceb70c448834a4c35.jpg,oth,ame,2026-04-27T17:03:41.980Z
109,sid_vespsp1_0024_jpg.rf.c9e83bdd63f272e1c459cd7b96d1eed2.jpg,sid,ves,2026-04-27T17:03:46.000Z
110,top_vespsp2_0967_jpg.rf.c4b982c9606dc0dd9af08ca8eff4fe33.jpg,top,ves,2026-04-27T17:03:50.015Z
111,oth_vespsp2_1848_jpg.rf.ec574b1058c14ddd82de03f413011ca9.jpg,oth,ves,2026-04-27T17:03:54.031Z
112,top_vcra2_6048_jpg.rf.b043aa437cb523b7397b4cc4f2ec58a1.jpg,top,vcr,2026-04-27T17:03:58.041Z
113,oth_amel1_0702_jpg.rf.2dd393c6504a82b005a0d181d56e7c33.jpg,oth,ame,2026-04-27T17:04:02.056Z
114,top_vvel2_5949_jpg.rf.31928502f277678cd60100297b5ecf04.jpg,top,vve,2026-04-27T17:04:06.065Z
115,top_vespsp2_4926_jpg.rf.b8424fd38daac3b2369aee522e5b125e.jpg,top,ves,2026-04-27T17:04:10.077Z
116,oth_vvel2_6210_jpg.rf.520f0293de0fbaf08ec2791a35cd89b6.jpg,oth,vve,2026-04-27T17:04:14.094Z
117,top_vespsp2_1857_jpg.rf.f74fbeb80a32f0dbf404cefd0a3c5095.jpg,top,ves,2026-04-27T17:04:18.127Z
118,top_vvel2_1179_jpg.rf.7ca23447f37daeeffb5e9111d14e0fff.jpg,top,vve,2026-04-27T17:04:22.136Z
119,sid_vvel2_4547_jpg.rf.d4d0ea5ebad163453a57d1fbbf14a951.jpg,sid,vve,2026-04-27T17:04:26.161Z
120,oth_amel1_1349_jpg.rf.c03d28b2dd63f0cd05fd95a63000e48b.jpg,oth,ame,2026-04-27T17:04:30.170Z
121,sid_amel1_1458_jpg.rf.e2d9dbc32fab63347990fa7c9273f72a.jpg,sid,ame,2026-04-27T17:04:34.177Z
122,top_vcra1_0602_jpg.rf.8a82b12875a2e6a5d93935433588860b.jpg,top,vcr,2026-04-27T17:04:38.205Z
123,oth_amel2_6212_jpg.rf.2d04ad9be02a5d3de54c70b95d3dfc2e.jpg,oth,ame,2026-04-27T17:04:42.213Z
124,oth_vespsp1_1409_jpg.rf.34fec0515876eb5e15b77439f52afb7e.jpg,oth,ves,2026-04-27T17:04:46.225Z
125,sid_amel2_0183_jpg.rf.f502906f8f0edfe1c4d2050b69e45cab.jpg,sid,ame,2026-04-27T17:04:50.252Z
126,top_vespsp2_2950_jpg.rf.0c89f9cc0271280f3e7ada597c19dcac.jpg,top,ves,2026-04-27T17:04:54.283Z
127,sid_vcra1_0437_jpg.rf.ccd2c10d7dbc78e59b443fc71602be92.jpg,sid,vcr,2026-04-27T17:04:58.289Z
128,top_vespsp2_2980_jpg.rf.8c432d77581612e4f0f430f812e15065.jpg,top,ves,2026-04-27T17:05:02.306Z
129,top_vvel2_5345_jpg.rf.fe505a5c7b997ab12c5847d1b0919f23.jpg,top,vve,2026-04-27T17:05:06.316Z
130,top_NULL_0908_jpg.rf.e5c1eceb174c35a63ce8ae328fe9b9b1.jpg,top,NUL,2026-04-27T17:05:10.327Z
131,top_vvel1_0860_jpg.rf.67348bcb961f98e4c55d3baf5c0f3732.jpg,top,vve,2026-04-27T17:05:14.353Z
132,sid_vespsp2_3327_jpg.rf.51cdb139c4837a8b23c6ab35321bf581.jpg,sid,ves,2026-04-27T17:05:18.365Z
133,top_amel2_5053_jpg.rf.adc8bd421008dedfc25d2886ebbd706f.jpg,top,ame,2026-04-27T17:05:22.395Z
134,top_vcra1_1082_jpg.rf.3f3b96ed62726422bd5744d8644fe22f.jpg,top,vcr,2026-04-27T17:05:26.424Z
135,oth_vvel2_4806_jpg.rf.b4ddea816d52a1279f1bcc8ddd5ce43f.jpg,oth,vve,2026-04-27T17:05:30.434Z
136,sid_vcra2_4251_jpg.rf.e243cb7dae9e351321b17efa8f34781f.jpg,sid,vcr,2026-04-27T17:05:34.446Z
137,oth_amel2_3625_jpg.rf.e0e34124078b7a113aef678d8a1eae79.jpg,oth,ame,2026-04-27T17:05:38.453Z
138,top_vvel2_2268_jpg.rf.f79c70f86dc3aa7575d3ac40b2017006.jpg,top,vve,2026-04-27T17:05:42.474Z
139,top_vespsp2_2373_jpg.rf.274dfb5531d9cf2773b27ae88710f716.jpg,top,ves,2026-04-27T17:05:46.482Z
140,oth_vvel2_5352_jpg.rf.3111b8fb746b34d927353d667a628c4c.jpg,oth,vve,2026-04-27T17:05:50.489Z
141,top_vespsp2_4623_jpg.rf.560c029e6a5db5455f86c8e935c65178.jpg,top,ves,2026-04-27T17:05:54.517Z
142,oth_vvel1_2602_jpg.rf.0210cc0ef7f1d5e722a67491691f6e59.jpg,oth,vve,2026-04-27T17:05:58.521Z
143,top_vvel1_1550_jpg.rf.47cff2a89160872b31dd0f9fd2a87dc0.jpg,top,vve,2026-04-27T17:06:02.548Z
144,sid_amel2_6047_jpg.rf.1982fe1f2d6858d6fde14e61d32e812d.jpg,sid,ame,2026-04-27T17:06:06.572Z
145,top_vcra2_1464_jpg.rf.5b12712c64c32a47f932f3b2d612bcd3.jpg,top,vcr,2026-04-27T17:06:10.583Z
146,oth_vcra2_2530_jpg.rf.b08c6dca5189eb97c480aab6fd385fa5.jpg,oth,vcr,2026-04-27T17:06:14.596Z
147,oth_vvel2_4895_jpg.rf.008b4280d207b296ea665b67cae1227a.jpg,oth,vve,2026-04-27T17:06:18.629Z
148,sid_amel2_7790_jpg.rf.82c965c9d6700560aa0ae0aa3cd8d0a5.jpg,sid,ame,2026-04-27T17:06:22.646Z
149,oth_vespsp2_0194_jpg.rf.f3fa00ea84b0316e9b7f5f670c0ee953.jpg,oth,ves,2026-04-27T17:06:26.663Z
150,top_amel2_0279_jpg.rf.0a6b2640f008d573c2b156e32fbfe0ec.jpg,top,ame,2026-04-27T17:06:30.670Z
151,sid_amel2_7434_jpg.rf.8d567b3815813c57acf7683e98865d12.jpg,sid,ame,2026-04-27T17:06:34.705Z
152,sid_amel2_7064_jpg.rf.f7d87437ea85b6716707da6897e99597.jpg,sid,ame,2026-04-27T17:06:38.719Z
153,top_vcra2_4915_jpg.rf.bb3f572efec02d16d48dd746e59d636f.jpg,top,vcr,2026-04-27T17:06:42.736Z
154,sid_vvel2_0160_jpg.rf.7c094d46d8f5ca285eb9cec96195296c.jpg,sid,vve,2026-04-27T17:06:46.749Z
155,sid_vvel2_0193_jpg.rf.a50673486a63bd9748088f7d443c5cb9.jpg,sid,vve,2026-04-27T17:06:50.768Z
156,top_NULL_0293_jpg.rf.0b39ade101d0d800a0963b349d042dcd.jpg,top,NUL,2026-04-27T17:06:54.793Z
157,top_vvel2_1367_jpg.rf.8423a97bbd7e1b8b2c2190285f9f91a4.jpg,top,vve,2026-04-27T17:06:58.811Z
158,oth_vespsp1_1576_jpg.rf.9b7c9229fc614825a105239950518c49.jpg,oth,ves,2026-04-27T17:07:02.844Z
159,sid_amel2_1992_jpg.rf.cf8f0c60fd32817d1cb36c891113c499.jpg,sid,ame,2026-04-27T17:07:06.856Z
160,top_vvel1_0745_jpg.rf.bc071cca94611ff789993811708c69bc.jpg,top,vve,2026-04-27T17:07:10.866Z
161,oth_vvel1_1411_jpg.rf.2108d5965422840d9deb0ea6dbe4515e.jpg,oth,vve,2026-04-27T17:07:14.882Z
162,oth_amel1_1261_jpg.rf.23761262d09b507278a95fa9bd9b0d91.jpg,oth,ame,2026-04-27T17:07:18.892Z
163,top_vcra2_0848_jpg.rf.236e8ad3814d6e7997144e78f8af7a4d.jpg,top,vcr,2026-04-27T17:07:22.923Z
164,sid_vespsp1_0869_jpg.rf.da5a780194dec3942c569e89e316f680.jpg,sid,ves,2026-04-27T17:07:26.945Z
165,top_vvel2_3756_jpg.rf.ec5271b2f58b3a7be0d82851ac6f57f5.jpg,top,vve,2026-04-27T17:07:30.975Z
166,top_vcra2_4765_jpg.rf.43c950dbb5ed169a21b35626ac080468.jpg,top,vcr,2026-04-27T17:07:34.988Z
167,oth_amel2_0791_jpg.rf.0aafef4091ca3eab68d3de3fc6d3fcaa.jpg,oth,ame,2026-04-27T17:07:39.017Z
168,oth_NULL_0994_jpg.rf.5491ed2d69aa6ce44d84159b4bc18a32.jpg,oth,NUL,2026-04-27T17:07:43.037Z
169,top_vcra2_1058_jpg.rf.3301589d00a20b39c8b0e49d43179c72.jpg,top,vcr,2026-04-27T17:07:47.071Z
170,top_vvel1_1321_jpg.rf.db0562a56d65aa9ece845c85b66446c2.jpg,top,vve,2026-04-27T17:07:51.101Z
171,top_vcra1_1482_jpg.rf.82fbed067c77a4f8021677f8d8d269ec.jpg,top,vcr,2026-04-27T17:07:55.130Z
172,sid_amel2_5446_jpg.rf.fab1fcc546ae419c2400ced998f31ae7.jpg,sid,ame,2026-04-27T17:07:59.134Z
173,top_vvel2_1578_jpg.rf.c189acc45eca8527350ea97e3b35a94f.jpg,top,vve,2026-04-27T17:08:03.147Z
174,top_vespsp1_1771_jpg.rf.33d4f6b3e61cc4dd3a42e3799087eb63.jpg,top,ves,2026-04-27T17:08:07.180Z
175,oth_vvel1_2005_jpg.rf.e4247e942cf280e422c88b364c33fe9e.jpg,oth,vve,2026-04-27T17:08:11.215Z
176,top_vcra2_5249_jpg.rf.3bf1369fa6714a4fb6a0ba906fcae346.jpg,top,vcr,2026-04-27T17:08:15.227Z
177,top_vcra1_0786_jpg.rf.96e07f3dd40f8a20ac5177bf48600893.jpg,top,vcr,2026-04-27T17:08:19.237Z
178,top_vespsp2_4659_jpg.rf.e9b98d36d00ec7447ec4287e5e13bea3.jpg,top,ves,2026-04-27T17:08:23.268Z
179,oth_amel2_5819_jpg.rf.c95f421411caa7b1fbd802ec474b2cd0.jpg,oth,ame,2026-04-27T17:08:27.293Z
180,sid_NULL_1600_jpg.rf.3ca07886e66987e79f9dc41c859031d9.jpg,sid,NUL,2026-04-27T17:08:31.304Z
181,sid_amel2_2174_jpg.rf.517d1065024362f67e497f3dc527cf25.jpg,sid,ame,2026-04-27T17:08:35.314Z
182,top_vcra2_3914_jpg.rf.4b0fcd8e4b1aa06f649adea7be64447c.jpg,top,vcr,2026-04-27T17:08:39.325Z
183,top_amel2_2896_jpg.rf.6983483f791433ea608a24cc1a654e42.jpg,top,ame,2026-04-27T17:08:43.331Z
184,top_vcra2_5461_jpg.rf.871029a9b3ba1053473d6275169b8251.jpg,top,vcr,2026-04-27T17:08:47.337Z
185,sid_vespsp1_1235_jpg.rf.8820d1eeae626ce63cdb2e466500aaab.jpg,sid,ves,2026-04-27T17:08:51.367Z
186,oth_vvel2_4584_jpg.rf.91cd4d5371c5fd18239a197880df8368.jpg,oth,vve,2026-04-27T17:08:55.379Z
187,top_vvel1_1806_jpg.rf.24953a72d0dabb94907ef800392f18c5.jpg,top,vve,2026-04-27T17:08:59.388Z
188,sid_vespsp2_5485_jpg.rf.e29e84b92a197a5e23d798248f356f68.jpg,sid,ves,2026-04-27T17:09:03.405Z
189,top_vespsp2_2329_jpg.rf.1de5e8239d960ab2dee599096cdc3411.jpg,top,ves,2026-04-27T17:09:07.410Z
190,top_vespsp2_5868_jpg.rf.0a703f85037eb966957ef574c9eba5dd.jpg,top,ves,2026-04-27T17:09:11.416Z
191,top_vespsp2_1765_jpg.rf.f47bc633f839c344072aaaffd59560ed.jpg,top,ves,2026-04-27T17:09:15.422Z
192,top_amel2_1510_jpg.rf.1e6a1a54cd6702b9842f777948a1dd18.jpg,top,ame,2026-04-27T17:09:19.438Z
193,oth_vespsp1_0298_jpg.rf.24677fb15b1ef9aa9edd593026b9328a.jpg,oth,ves,2026-04-27T17:09:23.457Z
194,top_vcra2_4755_jpg.rf.370d0adb05a320668262584100c6cb65.jpg,top,vcr,2026-04-27T17:09:27.469Z
195,top_amel2_5391_jpg.rf.92e8f7ee833ac2504e0f4280e1302a0d.jpg,top,ame,2026-04-27T17:09:31.478Z
196,top_amel1_2410_jpg.rf.bad4ebb3dced8e92c5c8cf6f4cc6a48d.jpg,top,ame,2026-04-27T17:09:35.492Z
197,top_amel2_6898_jpg.rf.661317a1d27a128ea1be533a6c9634c3.jpg,top,ame,2026-04-27T17:09:39.501Z
198,oth_vcra1_1751_jpg.rf.04ccb8622c3acf807551b524c815862f.jpg,oth,vcr,2026-04-27T17:09:43.515Z
199,top_vvel2_5773_jpg.rf.fe39272a856fada45c9e9db78c2d5b27.jpg,top,vve,2026-04-27T17:09:47.526Z
200,sid_amel1_2235_jpg.rf.b6200c55250c49b5bb9a00ea993aa80e.jpg,sid,ame,2026-04-27T17:09:51.553Z
201,sid_vespsp1_0275_jpg.rf.d35e98875e70e2e67afdb2f2732dc316.jpg,sid,ves,2026-04-27T17:09:55.566Z
202,top_vcra2_4674_jpg.rf.f827cab150c4c4b8c760cdde42854c5d.jpg,top,vcr,2026-04-27T17:09:59.586Z
203,top_vcra2_0800_jpg.rf.08aa00f2aa0b00d5a43354ae9b79af55.jpg,top,vcr,2026-04-27T17:10:03.604Z
204,sid_vvel2_2353_jpg.rf.07cc9434ceacb72d043a79da489ea33c.jpg,sid,vve,2026-04-27T17:10:07.619Z
205,top_vvel2_2302_jpg.rf.b5ef25a356f101d2617e2e2485938a63.jpg,top,vve,2026-04-27T17:10:11.641Z
206,top_vcra2_5953_jpg.rf.396f1fb7aad744cc9ee4852dcfd98c7c.jpg,top,vcr,2026-04-27T17:10:15.657Z
207,oth_amel2_0362_jpg.rf.d6c67af17a787bcf8f0e58cf36b43d25.jpg,oth,ame,2026-04-27T17:10:19.670Z
208,sid_amel1_2466_jpg.rf.e13bf1bc923a51dd66f006f12519356b.jpg,sid,ame,2026-04-27T17:10:23.691Z
209,sid_vvel1_0836_jpg.rf.f5d56b8633338b37a1a276e782944c4a.jpg,sid,vve,2026-04-27T17:10:27.711Z
210,oth_amel2_1568_jpg.rf.f15d2be08ab73d329495ffdbc6368150.jpg,oth,ame,2026-04-27T17:10:31.723Z
211,oth_amel2_1419_jpg.rf.3fb27c217fc1ea78d0ef140b33dd32cb.jpg,oth,ame,2026-04-27T17:10:35.744Z
212,sid_amel2_6635_jpg.rf.1d08032ea8d7166a2ecb57117d79999d.jpg,sid,ame,2026-04-27T17:10:39.751Z
213,top_vvel2_1217_jpg.rf.13a97f887795d7e5c8d5fae5e735f896.jpg,top,vve,2026-04-27T17:10:43.763Z
214,oth_amel1_2291_jpg.rf.c10085c7da1fb5132f0741f974a2a991.jpg,oth,ame,2026-04-27T17:10:47.792Z
215,oth_vespsp2_0045_jpg.rf.30b6673629190ec5b25c4d9f056b272b.jpg,oth,ves,2026-04-27T17:10:51.802Z
216,top_vcra2_0981_jpg.rf.6c8949a865bcf249c353c20a48d1f766.jpg,top,vcr,2026-04-27T17:10:55.812Z
217,top_NULL_0158_jpg.rf.33847b4506179351a95f349224e65d9d.jpg,top,NUL,2026-04-27T17:10:59.824Z
218,top_NULL_0959_jpg.rf.683180f1e383390bcfa70fd6233e4fd3.jpg,top,NUL,2026-04-27T17:11:03.852Z
219,oth_vvel2_0640_jpg.rf.587be184ac9bacd05620269fdb00569f.jpg,oth,vve,2026-04-27T17:11:07.863Z
220,top_vcra2_5454_jpg.rf.f1bf857e36bdc92a68c6dd202130902a.jpg,top,vcr,2026-04-27T17:11:11.871Z
221,oth_amel1_0143_jpg.rf.28b70a35af0801a729978fe982e3d2f4.jpg,oth,ame,2026-04-27T17:11:15.891Z
222,top_vespsp1_0882_jpg.rf.b80cd6b4fe6fed224f2ac932bd2f5ae6.jpg,top,ves,2026-04-27T17:11:19.908Z
223,oth_vvel1_1126_jpg.rf.af615dac6decea49f87d2dea57dd18ba.jpg,oth,vve,2026-04-27T17:11:23.919Z
224,sid_vcra1_0363_jpg.rf.5e0a04a62469f13a9d009b6546490693.jpg,sid,vcr,2026-04-27T17:11:27.946Z
225,top_amel2_7589_jpg.rf.b7878d5d0c8e7f474565f697c0f42a1c.jpg,top,ame,2026-04-27T17:11:32.002Z
226,top_vcra2_4519_jpg.rf.ae243e4728ee9666afddce32c7c7dc80.jpg,top,vcr,2026-04-27T17:11:36.011Z
227,sid_vvel2_4215_jpg.rf.639869da6d5c52feea359e960b4751e8.jpg,sid,vve,2026-04-27T17:11:40.042Z
228,top_vvel2_4428_jpg.rf.6935a11e8275681588308f85707f69c3.jpg,top,vve,2026-04-27T17:11:44.078Z
229,oth_vcra1_1247_jpg.rf.117af6bfc11c6bbc7d72d401872ac9a8.jpg,oth,vcr,2026-04-27T17:11:48.108Z
230,top_amel2_7465_jpg.rf.a38194ecae71a07c987c052da8381610.jpg,top,ame,2026-04-27T17:11:52.121Z
231,oth_vvel2_1842_jpg.rf.140bdd50cb4cbc33597701f82912a69e.jpg,oth,vve,2026-04-27T17:11:56.127Z
232,oth_vcra1_0637_jpg.rf.18b98fd2db01b00fa03b52d3cdf62e07.jpg,oth,vcr,2026-04-27T17:12:00.142Z
233,oth_vcra2_2986_jpg.rf.a3215b8242896cfe6bb31b859d77e6fc.jpg,oth,vcr,2026-04-27T17:12:04.157Z
234,sid_vcra1_1208_jpg.rf.7c8af001959b2f6bec7fbc5e658316e3.jpg,sid,vcr,2026-04-27T17:12:08.172Z
235,top_amel2_5483_jpg.rf.318cb45abd81ea8d57c2ea89f99933b7.jpg,top,ame,2026-04-27T17:12:12.192Z
236,sid_vcra2_4108_jpg.rf.3f7f9c1e91a62c5e1e2bdde72581a675.jpg,sid,vcr,2026-04-27T17:12:16.210Z
237,top_amel1_0077_jpg.rf.3576c80f3b9493d5c47abff5e76b9750.jpg,top,ame,2026-04-27T17:12:20.222Z
238,oth_vespsp2_4641_jpg.rf.3ff452706110de72d4f51721226a9279.jpg,oth,ves,2026-04-27T17:12:24.237Z
239,sid_vcra2_1740_jpg.rf.cf6bb72b6a4cc17c820b7d9296d6664b.jpg,sid,vcr,2026-04-27T17:12:28.257Z
240,top_amel1_2081_jpg.rf.49ce636094d5e46c8497855d2c94b36c.jpg,top,ame,2026-04-27T17:12:32.272Z
241,oth_amel2_4035_jpg.rf.3948747a5d45b347543f8832ccd783ff.jpg,oth,ame,2026-04-27T17:12:36.291Z
242,top_amel2_4320_jpg.rf.04a3640f8ea91748a1ff85843f138b02.jpg,top,ame,2026-04-27T17:12:40.299Z
243,sid_amel2_0884_jpg.rf.9612f4acdb7105d58fc28766bac393c2.jpg,sid,ame,2026-04-27T17:12:44.318Z
244,oth_vcra1_2161_jpg.rf.d6373f248d214da16255e955aec3bb04.jpg,oth,vcr,2026-04-27T17:12:48.331Z
245,top_vcra2_0584_jpg.rf.40fe342e03a6987b2f0b01dc19d3d3ab.jpg,top,vcr,2026-04-27T17:12:52.344Z
246,top_vcra1_1715_jpg.rf.c325d65b50b77a2a677e0ab225be605d.jpg,top,vcr,2026-04-27T17:12:56.348Z
247,oth_vespsp2_0965_jpg.rf.b73370b100d3497ee30d671cbf95456d.jpg,oth,ves,2026-04-27T17:13:00.358Z
248,top_amel2_7444_jpg.rf.5bf2bfac54df5f220c8d04e6e1d7932c.jpg,top,ame,2026-04-27T17:13:04.370Z
249,top_amel1_2376_jpg.rf.fef4c6aac69d96b5a08ba14914024f5d.jpg,top,ame,2026-04-27T17:13:08.389Z
250,sid_vvel1_0332_jpg.rf.7d7822eec97fd40492a80dc5e98c9471.jpg,sid,vve,2026-04-27T17:13:12.395Z
251,top_amel2_6492_jpg.rf.fcce79cf4540c3c7b850cfe2c2829b6b.jpg,top,ame,2026-04-27T17:13:16.427Z
252,oth_NULL_0630_jpg.rf.c356a87e5de2735e6080aceff1aae5e3.jpg,oth,NUL,2026-04-27T17:13:20.443Z
253,top_vespsp2_2836_jpg.rf.75a9b9b47c1626c4071a9857d7803079.jpg,top,ves,2026-04-27T17:13:24.448Z
254,top_vespsp2_3617_jpg.rf.9b33ead1ef37d99e406a9bc60e079a73.jpg,top,ves,2026-04-27T17:13:28.455Z
255,top_vvel2_2720_jpg.rf.07fe7fe8424847c8a7198dfc4ae35d5f.jpg,top,vve,2026-04-27T17:13:32.467Z
256,top_vespsp2_3817_jpg.rf.77f3cbd3821bfe80ace89b9fb029fcc5.jpg,top,ves,2026-04-27T17:13:36.500Z
257,top_vvel2_6251_jpg.rf.d878e7198c09c918b92383b82ed09465.jpg,top,vve,2026-04-27T17:13:40.519Z
258,top_vvel1_2136_jpg.rf.c23113ad6c6bfa74538e736881d48c08.jpg,top,vve,2026-04-27T17:13:44.538Z
259,top_vespsp2_0778_jpg.rf.8456f229b6db3805b58e9a6c001d33a0.jpg,top,ves,2026-04-27T17:13:48.548Z
260,oth_vespsp1_1240_jpg.rf.faf7b38b1df4e2d1e12d03c9d17986af.jpg,oth,ves,2026-04-27T17:13:52.564Z
261,oth_amel1_0209_jpg.rf.dd8368c621da13b6cf566d3da582dac7.jpg,oth,ame,2026-04-27T17:13:56.590Z
262,sid_amel2_0872_jpg.rf.a85f11708d034ca33d6bdc7f483a8028.jpg,sid,ame,2026-04-27T17:14:00.601Z
263,top_amel2_4852_jpg.rf.644a65e51ad74d8d066d557d869ddedc.jpg,top,ame,2026-04-27T17:14:04.624Z
264,sid_vvel2_1434_jpg.rf.0493e80a5c39efa9b6689975bf6cb716.jpg,sid,vve,2026-04-27T17:14:08.637Z
265,sid_vvel2_3209_jpg.rf.861af0a45b1971ce98f7241e7f46dd6e.jpg,sid,vve,2026-04-27T17:14:12.651Z
266,oth_amel2_6609_jpg.rf.9e3f9232d2aaca3c148be4f8ecdb5c47.jpg,oth,ame,2026-04-27T17:14:16.660Z
267,top_vvel1_2239_jpg.rf.00f0ee56400047eef28cd39a429297ba.jpg,top,vve,2026-04-27T17:14:20.671Z
268,top_vvel1_2379_jpg.rf.b252f6c633e409b15beeda3d202245b3.jpg,top,vve,2026-04-27T17:14:24.686Z
269,oth_vespsp2_5519_jpg.rf.92c39355560fb77d264d97d504ef5288.jpg,oth,ves,2026-04-27T17:14:28.696Z
270,oth_vespsp1_0677_jpg.rf.ca2806a266f23c8cb52083aebe66d959.jpg,oth,ves,2026-04-27T17:14:32.708Z
271,oth_amel2_3014_jpg.rf.da7c58897b51d8e7a2f82def64723041.jpg,oth,ame,2026-04-27T17:14:36.738Z
272,oth_vcra2_0094_jpg.rf.a877e1cfd3b1ab32aa98a3ff227479ce.jpg,oth,vcr,2026-04-27T17:14:40.749Z
273,top_amel2_8849_jpg.rf.28dcc45dcc62754a3daddd93c654bb76.jpg,top,ame,2026-04-27T17:14:44.757Z
274,top_vcra1_1626_jpg.rf.032ed5b9ffdb08e7c0f88d3e05721802.jpg,top,vcr,2026-04-27T17:14:48.770Z
275,oth_vespsp2_2282_jpg.rf.b70d2e700699db18217636d22c65ce51.jpg,oth,ves,2026-04-27T17:14:52.786Z
276,top_vcra2_5463_jpg.rf.791e948d23ed14220ed8d4b9293d4958.jpg,top,vcr,2026-04-27T17:14:56.806Z
277,top_vespsp2_3453_jpg.rf.ffef281435e27997d94abbc52d285cbc.jpg,top,ves,2026-04-27T17:15:00.831Z
278,sid_vvel2_5562_jpg.rf.31eaec29094a15a99c5a74436d1d41bd.jpg,sid,vve,2026-04-27T17:15:04.840Z
279,top_amel1_0880_jpg.rf.f287e25346644c03ee63b95a66632b99.jpg,top,ame,2026-04-27T17:15:08.852Z
280,sid_amel2_2589_jpg.rf.b6cd604f3dac65dd54b2b2e0e2cfbc02.jpg,sid,ame,2026-04-27T17:15:12.879Z
281,top_vcra2_3162_jpg.rf.0750634e21473f7c7a37288e9543ff1b.jpg,top,vcr,2026-04-27T17:15:16.912Z
282,sid_amel2_0136_jpg.rf.779a53c0f4ab9f42f4c8c8e2263fa86f.jpg,sid,ame,2026-04-27T17:15:20.942Z
283,top_vvel2_5257_jpg.rf.be9508d8e558f06b92c873b5fab31787.jpg,top,vve,2026-04-27T17:15:24.952Z
284,top_vespsp2_5781_jpg.rf.ce45102d09bcd89b8529a0cb5a42a47f.jpg,top,ves,2026-04-27T17:15:28.962Z
285,oth_vespsp2_3457_jpg.rf.4b5a634d59d8d3657a892ff77c40fccd.jpg,oth,ves,2026-04-27T17:15:32.973Z
286,top_amel2_4342_jpg.rf.05ed29a383a30b8526ea4c4cec83957a.jpg,top,ame,2026-04-27T17:15:37.004Z
287,sid_vvel2_5287_jpg.rf.4c54f00f7d13e9850a7dd3566f0686f2.jpg,sid,vve,2026-04-27T17:15:41.018Z
288,top_vcra1_0645_jpg.rf.f031f620a1780d31c61b83791bcda229.jpg,top,vcr,2026-04-27T17:15:45.033Z
289,top_vcra2_4903_jpg.rf.7b1540439e49702b0a279c3ab0fa6c59.jpg,top,vcr,2026-04-27T17:15:49.042Z
290,top_vvel2_6285_jpg.rf.948fe7d614db3bdfab019885135bc3f6.jpg,top,vve,2026-04-27T17:15:53.071Z
291,top_vcra2_4778_jpg.rf.073c450b4b9c8953f5f7c329dbe5b657.jpg,top,vcr,2026-04-27T17:15:57.095Z
292,oth_vvel2_6073_jpg.rf.fa0bc634093021d6173c59738efd6ae0.jpg,oth,vve,2026-04-27T17:16:01.113Z
293,oth_amel2_8100_jpg.rf.058c56bb31c4efccf81c2e10e8ac1ff5.jpg,oth,ame,2026-04-27T17:16:05.119Z
294,sid_amel2_4379_jpg.rf.b88b55529dd01f289013ab6fd4d8239a.jpg,sid,ame,2026-04-27T17:16:09.138Z
295,top_NULL_0015_jpg.rf.a604ee1549684da27fb8101692d29fce.jpg,top,NUL,2026-04-27T17:16:13.169Z
296,sid_vcra2_2301_jpg.rf.68b3a64c3e6d1da59ffb1ccfae56c5ed.jpg,sid,vcr,2026-04-27T17:16:17.204Z
297,top_vvel2_3999_jpg.rf.19a667dc230a2b0a53169832aa1b2818.jpg,top,vve,2026-04-27T17:16:21.220Z
298,sid_amel1_0501_jpg.rf.9b8b53deb5a69ab7c97baed0cc653660.jpg,sid,ame,2026-04-27T17:16:25.249Z
299,oth_amel2_4274_jpg.rf.f0aa08b9a255f8304f28df1401014633.jpg,oth,ame,2026-04-27T17:16:29.277Z
300,sid_vcra2_5638_jpg.rf.3342caf941afe6b51bfaf110e771dcfe.jpg,sid,vcr,2026-04-27T17:16:33.289Z
301,top_vvel2_0673_jpg.rf.a4029a2f6374bfa0e303c52ce21b49d6.jpg,top,vve,2026-04-27T17:16:37.301Z
302,top_vcra2_4671_jpg.rf.626e1ce83bcca63913c979c09a582b91.jpg,top,vcr,2026-04-27T17:16:41.314Z
303,sid_amel2_4602_jpg.rf.985dd364c065ab4ed65f924f182a652f.jpg,sid,ame,2026-04-27T17:16:45.323Z
304,top_vespsp2_2289_jpg.rf.0c8717c66c0cd7bfa9c8fab32b94cd92.jpg,top,ves,2026-04-27T17:16:49.334Z
305,top_amel2_4455_jpg.rf.a36cafa521beac9daadaedd36eea75c8.jpg,top,ame,2026-04-27T17:16:53.359Z
306,top_vespsp2_1745_jpg.rf.acbd792376a62a30d11db1eeecd2442c.jpg,top,ves,2026-04-27T17:16:57.365Z
307,top_vvel2_5675_jpg.rf.fc15e1acf5b8ae6c171ac3faac78f831.jpg,top,vve,2026-04-27T17:17:01.392Z
308,top_vcra2_3027_jpg.rf.bfe328b68e294509454cec535d2e05ec.jpg,top,vcr,2026-04-27T17:17:05.401Z
309,oth_vvel1_2113_jpg.rf.ccaf77babcaf195f4b4177d58f16f019.jpg,oth,vve,2026-04-27T17:17:09.419Z
310,oth_amel2_8902_jpg.rf.1059a80475934994a79fac07666bb7af.jpg,oth,ame,2026-04-27T17:17:13.439Z
311,sid_amel2_3553_jpg.rf.bcbf6da836bc9d2b69e0abac6f497ae5.jpg,sid,ame,2026-04-27T17:17:17.472Z
312,oth_vvel2_6019_jpg.rf.7f20b4ab9de25149eb64634fd3a17d3e.jpg,oth,vve,2026-04-27T17:17:21.486Z
313,sid_vespsp2_5457_jpg.rf.0a7b35092c5f227d9e55dfe3cdda4b26.jpg,sid,ves,2026-04-27T17:17:25.503Z
314,sid_vvel1_1485_jpg.rf.277265744818c5775b09d49b2d7758c8.jpg,sid,vve,2026-04-27T17:17:29.516Z
315,oth_vvel1_1394_jpg.rf.85daaf87ab310f36cdc6c5a8463af8e2.jpg,oth,vve,2026-04-27T17:17:33.527Z
316,sid_vvel1_0621_jpg.rf.0014804cea9a35f93ffac4ceebe07fb2.jpg,sid,vve,2026-04-27T17:17:37.545Z
317,top_amel2_3618_jpg.rf.c8b31777d2bab0c26bccb4d2ea7bc7e9.jpg,top,ame,2026-04-27T17:17:41.573Z
318,top_vvel1_2101_jpg.rf.13530ce12c8f42cd9691650929a98947.jpg,top,vve,2026-04-27T17:17:45.591Z
319,top_vvel1_0953_jpg.rf.5de85f3ca4bb7e944e9764a7968c0bdb.jpg,top,vve,2026-04-27T17:17:49.603Z
320,oth_vcra2_3222_jpg.rf.ae1b34f14766ec7d562f9e8283a3eff5.jpg,oth,vcr,2026-04-27T17:17:53.618Z
321,top_vvel2_2329_jpg.rf.7000119b196a3f2c3eac4a8521726280.jpg,top,vve,2026-04-27T17:17:57.649Z
322,top_vespsp2_4508_jpg.rf.80a60263cff46441b28a65234a060c24.jpg,top,ves,2026-04-27T17:18:01.672Z
323,sid_amel2_7468_jpg.rf.da506371c6f565e03fe9a5c58b0ad0f6.jpg,sid,ame,2026-04-27T17:18:05.685Z
324,sid_amel1_0438_jpg.rf.0d0e7d36d4d46c0da80f741cc973b1d7.jpg,sid,ame,2026-04-27T17:18:09.700Z
325,oth_amel2_2929_jpg.rf.2b728c5a9586cd3eada56bb41654070d.jpg,oth,ame,2026-04-27T17:18:13.721Z
326,oth_amel2_8880_jpg.rf.0ce12c0b6a717d6f7222c233fd7c4c98.jpg,oth,ame,2026-04-27T17:18:17.748Z
327,oth_vvel2_2911_jpg.rf.523936d873d6232190261ddd6d5ccfc9.jpg,oth,vve,2026-04-27T17:18:21.769Z
328,top_vcra2_5094_jpg.rf.3348fe4e05e8e10ddcdacb476eb37e81.jpg,top,vcr,2026-04-27T17:18:25.779Z
329,sid_vvel1_0620_jpg.rf.603f15e7b590513132a46bd8a5bc60cf.jpg,sid,vve,2026-04-27T17:18:29.788Z
330,top_vespsp2_1801_jpg.rf.7cee1d3f3d7aacaf1c3c3eb7e4e7c9e4.jpg,top,ves,2026-04-27T17:18:33.807Z
331,top_vespsp2_2472_jpg.rf.82b9ad2d65d10b35bf357dec3b902172.jpg,top,ves,2026-04-27T17:18:37.825Z
332,sid_amel2_8391_jpg.rf.7afa1a2173487557689f771bf847ab2e.jpg,sid,ame,2026-04-27T17:18:41.846Z
333,top_vcra2_4503_jpg.rf.16d674467ff7b41eaa68387b83857d66.jpg,top,vcr,2026-04-27T17:18:45.860Z
334,oth_vcra1_0783_jpg.rf.25a40f67c3ee1cc4b12e3136e0df19df.jpg,oth,vcr,2026-04-27T17:18:49.868Z
335,sid_vvel2_0751_jpg.rf.4bcfb9e5245e27fea4478cab0e971eb3.jpg,sid,vve,2026-04-27T17:18:53.875Z
336,oth_vespsp2_0200_jpg.rf.2cfe1ca5f72b2a4865c2d35b47bd320c.jpg,oth,ves,2026-04-27T17:18:57.885Z
337,top_vcra2_3116_jpg.rf.823936e9793cb03618bbd6b70539a2f1.jpg,top,vcr,2026-04-27T17:19:01.900Z
338,top_amel2_4369_jpg.rf.453c1b2ec323b8cd0884dfa15c91c668.jpg,top,ame,2026-04-27T17:19:05.919Z
339,oth_amel2_2778_jpg.rf.df9099f1ec28aa1837063cf74a85e413.jpg,oth,ame,2026-04-27T17:19:09.947Z
340,sid_amel2_2898_jpg.rf.28b56230be34f2596fdd76c9b327b47d.jpg,sid,ame,2026-04-27T17:19:13.960Z
341,top_vespsp1_2314_jpg.rf.55e9c79794e83a6df37963266d1245fa.jpg,top,ves,2026-04-27T17:19:17.971Z
342,sid_vespsp2_2362_jpg.rf.bace50e6ad165d522297adb3fc01d876.jpg,sid,ves,2026-04-27T17:19:22.007Z
343,sid_vespsp2_6361_jpg.rf.783f1295d5facfc1482600477293ad3e.jpg,sid,ves,2026-04-27T17:19:26.013Z
344,oth_vcra2_2697_jpg.rf.3314ed4ee8d9d5024bbbb7d0bbbd6e94.jpg,oth,vcr,2026-04-27T17:19:30.033Z
345,sid_vvel2_1225_jpg.rf.91a7e86c5376f8db01ad15fe8b971f90.jpg,sid,vve,2026-04-27T17:19:34.046Z
346,top_vvel2_3206_jpg.rf.e7ca779484032acb2f23fb58f5e40885.jpg,top,vve,2026-04-27T17:19:38.061Z
347,top_vvel2_5020_jpg.rf.9a37cc4afd18c3c6d0d2167967b2717a.jpg,top,vve,2026-04-27T17:19:42.078Z
348,sid_vespsp2_0430_jpg.rf.17d89bc65d821057955d98a7f1967231.jpg,sid,ves,2026-04-27T17:19:46.106Z
349,oth_vvel2_6217_jpg.rf.07f40a5af2e8beeee12b3181585bd999.jpg,oth,vve,2026-04-27T17:19:50.135Z
350,oth_vespsp2_6041_jpg.rf.1df712275c00ad595f4007cdca604cb1.jpg,oth,ves,2026-04-27T17:19:54.163Z
351,top_vvel2_0088_jpg.rf.2b0a13f23f692345922353b732769c89.jpg,top,vve,2026-04-27T17:19:58.186Z
352,sid_vespsp2_1679_jpg.rf.5874a74c2aa16875fbe8a31a2337bbcc.jpg,sid,ves,2026-04-27T17:20:02.197Z
353,top_vvel2_4177_jpg.rf.73110402d97901327f23e48857450068.jpg,top,vve,2026-04-27T17:20:06.208Z
354,oth_vvel1_1039_jpg.rf.72a145494eea9811b86090cc59bbce0f.jpg,oth,vve,2026-04-27T17:20:10.219Z
355,oth_NULL_1759_jpg.rf.86e8c179458ca2e08d8f5a41d8b760e7.jpg,oth,NUL,2026-04-27T17:20:14.228Z
356,sid_amel2_5641_jpg.rf.ce68a0f96913e9cc655958bbf6487b6e.jpg,sid,ame,2026-04-27T17:20:18.240Z
357,top_vcra2_5577_jpg.rf.ee45adc444bd88bfefb653f0aa061598.jpg,top,vcr,2026-04-27T17:20:22.251Z
358,top_amel2_2466_jpg.rf.4f523637b86f39000b9e4cf046de88b7.jpg,top,ame,2026-04-27T17:20:26.272Z
359,sid_NULL_0018_jpg.rf.6bb7611b96dda211e5425ca727ffcc28.jpg,sid,NUL,2026-04-27T17:20:30.277Z
360,top_NULL_1539_jpg.rf.d386180a1174631c5cb8b8030c6f4bf4.jpg,top,NUL,2026-04-27T17:20:34.295Z
361,top_vvel2_4779_jpg.rf.569480dae6deea43c9e97718c30489e2.jpg,top,vve,2026-04-27T17:20:38.313Z
362,top_vvel2_0842_jpg.rf.f188b704d79a8520852a58998480fae8.jpg,top,vve,2026-04-27T17:20:42.326Z
363,top_vespsp2_4213_jpg.rf.3d04d18402cf05c9b4d198e0910cd453.jpg,top,ves,2026-04-27T17:20:46.337Z
364,oth_vvel2_4579_jpg.rf.8a3e0316beb5430b048d504539d84c20.jpg,oth,vve,2026-04-27T17:20:50.367Z
365,top_vcra2_4708_jpg.rf.3ba986c1f0c2d65db91b2d1f309ffc4f.jpg,top,vcr,2026-04-27T17:20:54.378Z
366,oth_amel1_1998_jpg.rf.e825cd029b1464a9c180fca891fec428.jpg,oth,ame,2026-04-27T17:20:58.387Z
367,top_vespsp1_2209_jpg.rf.e6a026c4c2fda477f17fa57e9649addb.jpg,top,ves,2026-04-27T17:21:02.394Z
368,top_vcra1_1404_jpg.rf.2bc499c61fc9254a3d6969511ecfd905.jpg,top,vcr,2026-04-27T17:21:06.408Z
369,sid_amel1_1495_jpg.rf.c26f1b34a4b55f3ab567f2df1ef6f9c3.jpg,sid,ame,2026-04-27T17:21:10.444Z
370,oth_vvel2_6286_jpg.rf.cd22b01c7b07d4657b0dc7adac5094ee.jpg,oth,vve,2026-04-27T17:21:14.454Z
371,oth_vcra2_0170_jpg.rf.d4eac8e8025493cf81a5ef7c06851eb6.jpg,oth,vcr,2026-04-27T17:21:18.464Z
372,oth_amel1_2371_jpg.rf.a72d62e72f265be0b119d462d3d0716d.jpg,oth,ame,2026-04-27T17:21:22.498Z
373,oth_amel2_0205_jpg.rf.6edafd9c2cf6e09689c35bfaa6e5ab46.jpg,oth,ame,2026-04-27T17:21:26.510Z
374,top_amel1_0282_jpg.rf.892f0983d55737474296559a1f9064c3.jpg,top,ame,2026-04-27T17:21:30.524Z
375,top_vcra2_5640_jpg.rf.a93eb57a0a750f8ad466796fc8f66fc4.jpg,top,vcr,2026-04-27T17:21:34.555Z
376,oth_vcra1_1990_jpg.rf.f17a031c822d7bc20bb9eadc53ef3a45.jpg,oth,vcr,2026-04-27T17:21:38.568Z
377,top_vcra2_3845_jpg.rf.92f4fedd711b4e8c21c87eefb8607b51.jpg,top,vcr,2026-04-27T17:21:42.597Z
378,top_vvel1_1319_jpg.rf.99106d9bbd3c1321b75c2c76d8771d78.jpg,top,vve,2026-04-27T17:21:46.612Z
379,oth_vcra2_4596_jpg.rf.bb7e58c543a594840c3ce27e198f9a2c.jpg,oth,vcr,2026-04-27T17:21:50.621Z
380,top_vvel2_4915_jpg.rf.5e20488dcbfbcdd280e3157fe7e36480.jpg,top,vve,2026-04-27T17:21:54.665Z
381,oth_vespsp2_2566_jpg.rf.adf5115ef36d089e2c68499fbe20f3d9.jpg,oth,ves,2026-04-27T17:21:58.681Z
382,sid_NULL_1509_jpg.rf.b3b670d7ed2d9a972c73ed96472c6d93.jpg,sid,NUL,2026-04-27T17:22:02.696Z
383,sid_amel2_0032_jpg.rf.5c5dc0e44d13c6c0f7d52d8c1e9f1cea.jpg,sid,ame,2026-04-27T17:22:06.715Z
384,sid_amel2_5363_jpg.rf.7689b084ee58cdee9d200acbc280ce25.jpg,sid,ame,2026-04-27T17:22:10.738Z
385,top_vvel2_5244_jpg.rf.fc4d528baf0901679e44c9fe90a86d94.jpg,top,vve,2026-04-27T17:22:14.758Z
386,oth_amel1_1702_jpg.rf.3b17b6aa566045574ec46e8ff52c88fb.jpg,oth,ame,2026-04-27T17:22:18.775Z
387,oth_vespsp1_0748_jpg.rf.2c94509dcad05e45b73e0520e49df2e8.jpg,oth,ves,2026-04-27T17:22:22.788Z
388,top_vespsp2_3243_jpg.rf.4bbe2fcc1fbe8e0b52197873b875c7b1.jpg,top,ves,2026-04-27T17:22:26.799Z
1,oth_vvel2_1415_jpg.rf.82b140939b01ae29fc03f3523190c93e.jpg,oth,vve,2026-04-27T17:22:30.810Z
2,sid_NULL_1491_jpg.rf.b71393a82e12e4818aa6f9ab96c28c44.jpg,sid,NUL,2026-04-27T17:22:34.822Z
3,top_vvel2_0052_jpg.rf.494cc5e19a9c0e8efd24c84305a2fa91.jpg,top,vve,2026-04-27T17:22:38.836Z
4,top_vcra1_2262_jpg.rf.66a100a6bcf10a9f94a651d26a4dcd97.jpg,top,vcr,2026-04-27T17:22:42.853Z
5,top_vespsp2_5751_jpg.rf.2f3c650787659405a2f337b014e95602.jpg,top,ves,2026-04-27T17:22:46.871Z
6,top_vcra2_3246_jpg.rf.752f908bbca348dc40172eaf6613f144.jpg,top,vcr,2026-04-27T17:22:50.904Z
7,top_amel2_1598_jpg.rf.c4a90826a5f9aa5a2418c45462704bf0.jpg,top,ame,2026-04-27T17:22:54.925Z
8,oth_vvel2_2642_jpg.rf.907276ecc8f317156b4f26e54172eaa1.jpg,oth,vve,2026-04-27T17:22:58.946Z
9,oth_vespsp2_0688_jpg.rf.c261078e19d68a6a011475dbdeae38d9.jpg,oth,ves,2026-04-27T17:23:02.957Z
10,sid_vvel2_4022_jpg.rf.c6ee2a5100f50d02124bc1a9493021e8.jpg,sid,vve,2026-04-27T17:23:06.969Z
11,sid_vcra2_1191_jpg.rf.34d86079ff7ebe957ee8986350e9dfce.jpg,sid,vcr,2026-04-27T17:23:10.980Z
12,oth_vcra2_5852_jpg.rf.ec9c50a2a5b00d722b490172a80b09c2.jpg,oth,vcr,2026-04-27T17:23:14.987Z
13,oth_vvel2_3685_jpg.rf.1b5d173726099966a47c80dcc37a9b33.jpg,oth,vve,2026-04-27T17:23:19.021Z
14,top_vvel2_4601_jpg.rf.eccfbdf96cdd6e7a08d268d6b76a6664.jpg,top,vve,2026-04-27T17:23:23.038Z
15,oth_vvel1_2503_jpg.rf.8776d94ff7061ba43b91a0c190c7c269.jpg,oth,vve,2026-04-27T17:23:27.069Z
16,top_vvel1_1222_jpg.rf.5c0b73feadb3c6a7285e4f62953b5bc2.jpg,top,vve,2026-04-27T17:23:31.090Z
17,top_vcra2_4993_jpg.rf.1749e3f9c6ba7d91a5d8c6faff59d937.jpg,top,vcr,2026-04-27T17:23:35.100Z
18,sid_vvel2_4971_jpg.rf.f605f9ce04fb230a355e188490407b9f.jpg,sid,vve,2026-04-27T17:23:39.110Z
19,top_NULL_1189_jpg.rf.6fb152c3e8032c2755cd5d5adf305d9c.jpg,top,NUL,2026-04-27T17:23:43.122Z
20,top_vcra2_5417_jpg.rf.f529ebec88e3ecfa35109b56ae0f1837.jpg,top,vcr,2026-04-27T17:23:47.149Z
21,top_amel1_2241_jpg.rf.0dc1fb6205b2c346a0db197d3d0e02cc.jpg,top,ame,2026-04-27T17:23:51.159Z
22,top_vvel2_2282_jpg.rf.58d632c09325b78bf4c19b30a58c2859.jpg,top,vve,2026-04-27T17:23:55.188Z
23,top_vcra2_4610_jpg.rf.5ec59bcdb51b620b817e0d82e2fce210.jpg,top,vcr,2026-04-27T17:23:59.196Z
24,sid_vcra2_0169_jpg.rf.1d450a03e04c1a9888333284d12c8398.jpg,sid,vcr,2026-04-27T17:24:03.207Z
25,sid_vespsp2_4146_jpg.rf.29def1c64f390a6d15252bde98452c97.jpg,sid,ves,2026-04-27T17:24:07.221Z
26,oth_amel2_8276_jpg.rf.6aa5659f172f6e8c3c3f1e20b13f0028.jpg,oth,ame,2026-04-27T17:24:11.242Z
27,oth_vespsp1_0414_jpg.rf.2391cc301bb7cd82923ff97acb806485.jpg,oth,ves,2026-04-27T17:24:15.252Z
28,oth_vespsp2_4642_jpg.rf.b3cfa113738382648f179b746cfb40fe.jpg,oth,ves,2026-04-27T17:24:19.262Z
29,sid_amel1_2405_jpg.rf.9a67327e04b326d84dccc65fd3e1ab86.jpg,sid,ame,2026-04-27T17:24:23.290Z
30,sid_vcra2_2704_jpg.rf.aef45048fdad19521b71ff8dc85b43e6.jpg,sid,vcr,2026-04-27T17:24:27.318Z
31,top_amel2_7053_jpg.rf.cf11f61a0914805604a3933c51e93cf1.jpg,top,ame,2026-04-27T17:24:31.328Z
32,oth_vespsp2_4443_jpg.rf.1929ed54bf5a67301f44a3235e7c6999.jpg,oth,ves,2026-04-27T17:24:35.336Z
33,oth_vvel2_5978_jpg.rf.81930247ae3450667e779ce99ffae6e6.jpg,oth,vve,2026-04-27T17:24:39.365Z
34,top_NULL_0353_jpg.rf.8d9c33044b01adf899fd538e76d31d15.jpg,top,NUL,2026-04-27T17:24:43.393Z
35,top_amel1_1106_jpg.rf.266b96b36c4c6e1fe4391354b86f7d00.jpg,top,ame,2026-04-27T17:24:47.402Z
36,oth_vcra1_1835_jpg.rf.49360b95a1a0021244d1557f5fb168de.jpg,oth,vcr,2026-04-27T17:24:51.413Z
37,oth_amel2_5354_jpg.rf.d8a38fc5e4fc2787865e4d057be87af6.jpg,oth,ame,2026-04-27T17:24:55.422Z
38,oth_vvel1_1642_jpg.rf.d1d9c62eb82cf0fed9a891f4afb53ddb.jpg,oth,vve,2026-04-27T17:24:59.437Z
39,oth_vespsp2_3057_jpg.rf.451e57b37252867c3392139d357468f3.jpg,oth,ves,2026-04-27T17:25:03.450Z
40,sid_amel2_2483_jpg.rf.bbfb8f66439e654268454864d95bf122.jpg,sid,ame,2026-04-27T17:25:07.460Z
41,top_amel2_6382_jpg.rf.befac5fc9a6d6f19d394c578d7c8825a.jpg,top,ame,2026-04-27T17:25:11.464Z
42,top_vespsp2_1324_jpg.rf.9f3526ffde3405f8261ef62b5303332a.jpg,top,ves,2026-04-27T17:25:15.495Z
43,top_vcra2_1572_jpg.rf.873180f675911b65da332461a2ddd7d4.jpg,top,vcr,2026-04-27T17:25:19.505Z
44,top_vespsp2_3595_jpg.rf.54946e20e7c823ba6670531f6e397e68.jpg,top,ves,2026-04-27T17:25:23.509Z
45,top_vcra2_4981_jpg.rf.4a2280b28b8590e7ffde5e3a224d6434.jpg,top,vcr,2026-04-27T17:25:27.536Z
46,sid_vespsp2_1773_jpg.rf.acdfb1032d20f333933f1379efb2f7d7.jpg,sid,ves,2026-04-27T17:25:31.545Z
47,top_amel2_6507_jpg.rf.090c5a89085ac6282ec9b049f23961b2.jpg,top,ame,2026-04-27T17:25:35.559Z
48,oth_vvel2_1030_jpg.rf.50bf8416a0f974ad1d81fb7cc9068d08.jpg,oth,vve,2026-04-27T17:25:39.588Z
49,top_amel1_0617_jpg.rf.1e306b4979d6ee1e07a142aeba33b690.jpg,top,ame,2026-04-27T17:25:43.620Z
50,sid_amel1_2436_jpg.rf.2078a2d88b20a77fcd24604a5d089c1e.jpg,sid,ame,2026-04-27T17:25:47.651Z
51,top_vcra2_0592_jpg.rf.c8279c25e8c87779b27f2ea88b419173.jpg,top,vcr,2026-04-27T17:25:51.683Z
52,oth_amel2_3759_jpg.rf.e3e9ac5d6912a501ccae113822614306.jpg,oth,ame,2026-04-27T17:25:55.717Z
53,sid_vespsp2_1055_jpg.rf.a4d772cabae42b8e441c14431d8f4019.jpg,sid,ves,2026-04-27T17:25:59.755Z
54,top_amel2_3359_jpg.rf.9b20f628a7fdc99278d91bdcc25d0eef.jpg,top,ame,2026-04-27T17:26:03.784Z
55,oth_NULL_1590_jpg.rf.f0ab9a8f5ccbc924263ca37eab5586bd.jpg,oth,NUL,2026-04-27T17:26:07.815Z
56,oth_vcra1_0406_jpg.rf.f69de260a45a3cd9773eb897e0e8eb5e.jpg,oth,vcr,2026-04-27T17:26:11.848Z
57,sid_vespsp1_0502_jpg.rf.00d39cc7ebce84a997ab3ecf3f2edabf.jpg,sid,ves,2026-04-27T17:26:15.912Z
58,top_vvel2_0464_jpg.rf.2dd3eb315a558ac9b3fe4567360517a4.jpg,top,vve,2026-04-27T17:26:19.921Z
59,oth_vvel2_0060_jpg.rf.e4c73ba7828c17e38aa417146b17dd69.jpg,oth,vve,2026-04-27T17:26:23.936Z
60,sid_amel1_1815_jpg.rf.98375f470f95d58e5067b6a52a12be9b.jpg,sid,ame,2026-04-27T17:26:27.945Z
61,sid_vcra2_0083_jpg.rf.8aa2e60a91553eafd52e5f36494e5e2a.jpg,sid,vcr,2026-04-27T17:26:31.951Z
62,sid_vvel1_2275_jpg.rf.9935f4facb2f0b517539f91b6abf7e72.jpg,sid,vve,2026-04-27T17:26:35.990Z
63,top_vcra2_3243_jpg.rf.471b68ca048c1f0c9d39e95c07e528e8.jpg,top,vcr,2026-04-27T17:26:40.019Z
64,sid_amel2_4833_jpg.rf.d08e1df20ba60c3b08892a42af79d4ef.jpg,sid,ame,2026-04-27T17:26:44.043Z
65,oth_vespsp2_1469_jpg.rf.cdbc97ec5504453d290099f9b97b8c75.jpg,oth,ves,2026-04-27T17:26:48.066Z
66,sid_vcra2_5563_jpg.rf.fb2bad3355ba8cfc88b1268c8679ceee.jpg,sid,vcr,2026-04-27T17:26:52.118Z
67,top_amel1_2037_jpg.rf.b85dc62f31ec5c7a6f56da94c2a2f262.jpg,top,ame,2026-04-27T17:26:56.128Z
68,oth_amel1_1546_jpg.rf.6de31c982a7d34e7b9cdf52400722fc8.jpg,oth,ame,2026-04-27T17:27:00.142Z
69,oth_vespsp2_0465_jpg.rf.75bac31d920b3d74ece9b585110deb27.jpg,oth,ves,2026-04-27T17:27:04.170Z
70,top_amel2_4706_jpg.rf.a855f2a1e323503094150ea16840c8d0.jpg,top,ame,2026-04-27T17:27:08.183Z
71,top_NULL_0872_jpg.rf.f456a6f2be88b1aca4f5630add0c0bc7.jpg,top,NUL,2026-04-27T17:27:12.190Z
72,sid_vvel2_5289_jpg.rf.44cc13d6e0d76162908e2da5854f9323.jpg,sid,vve,2026-04-27T17:27:16.192Z
73,oth_vespsp2_0353_jpg.rf.517e9ec46296464d7a6f456b17355efc.jpg,oth,ves,2026-04-27T17:27:20.217Z
74,top_vvel2_1498_jpg.rf.68a79957ca037d46bcfc51f15e3b311d.jpg,top,vve,2026-04-27T17:27:24.222Z
75,oth_vvel1_1000_jpg.rf.5c020230e1a9bb08146797a7bff921bb.jpg,oth,vve,2026-04-27T17:27:28.249Z
76,top_vespsp2_0975_jpg.rf.6a188772eef6b2bf29db23339c29e06b.jpg,top,ves,2026-04-27T17:27:32.259Z
77,top_vcra2_5962_jpg.rf.7958c3485dc25bf2703527b6d1e35a9c.jpg,top,vcr,2026-04-27T17:27:36.288Z
78,top_vcra1_0051_jpg.rf.88201619136a2a594e7423dbb94bb572.jpg,top,vcr,2026-04-27T17:27:40.297Z
79,top_vcra2_0894_jpg.rf.d7295df20cf4994f682ba11d7c0921c4.jpg,top,vcr,2026-04-27T17:27:44.325Z
80,top_vcra2_1648_jpg.rf.cff8c54054fe31da6f8fc85a9c5e843b.jpg,top,vcr,2026-04-27T17:27:48.334Z
81,oth_vespsp2_4262_jpg.rf.654f83a1d4f009df07e996fdaf3ca167.jpg,oth,ves,2026-04-27T17:27:52.364Z
82,top_vespsp2_2995_jpg.rf.4eedda9155b3761ad7c2a31458fdf305.jpg,top,ves,2026-04-27T17:27:56.380Z
83,oth_vvel2_4040_jpg.rf.408c6c9cb338fe35b4639afde331d7ce.jpg,oth,vve,2026-04-27T17:28:00.388Z
84,oth_amel2_8968_jpg.rf.e4899431d2d0625f4c50471dda96a1f7.jpg,oth,ame,2026-04-27T17:28:04.398Z
85,sid_amel2_5882_jpg.rf.68be86445ba755828fc4c72f5fb7fedd.jpg,sid,ame,2026-04-27T17:28:08.426Z
86,oth_amel2_1181_jpg.rf.b159639b6ad04194e3aceb7b7126aafb.jpg,oth,ame,2026-04-27T17:28:12.455Z
87,top_vcra2_3239_jpg.rf.9f16acf1eb5986cdf2195e5ff74edca3.jpg,top,vcr,2026-04-27T17:28:16.485Z
88,top_amel2_4743_jpg.rf.f9ac5c7a02843c08c162e622f170eed7.jpg,top,ame,2026-04-27T17:28:20.524Z
89,sid_vcra1_1728_jpg.rf.c429e57c14ef1965e7d5e5c1f4ec469d.jpg,sid,vcr,2026-04-27T17:28:24.531Z
90,oth_vvel1_2572_jpg.rf.97cd91025e8f0724f9f8fb020f75be92.jpg,oth,vve,2026-04-27T17:28:28.542Z
91,top_vcra2_4220_jpg.rf.c9128a3ac62e44f27b054a21928c9e39.jpg,top,vcr,2026-04-27T17:28:32.554Z
92,top_vespsp2_5842_jpg.rf.3e6111636236159b11d52b15585bbdb0.jpg,top,ves,2026-04-27T17:28:36.587Z
93,top_vespsp2_5740_jpg.rf.e88a5e738089a3a8874177fca76a2a29.jpg,top,ves,2026-04-27T17:28:40.618Z
94,sid_amel2_8519_jpg.rf.bd9fce732ef096e134dbf2015fd004b4.jpg,sid,ame,2026-04-27T17:28:44.626Z
95,sid_amel2_1827_jpg.rf.2d191c93e632fdf5d6b6d899213d9616.jpg,sid,ame,2026-04-27T17:28:48.635Z
96,top_amel2_7062_jpg.rf.51e15ebd545b368f92dcdf4cbb42f1be.jpg,top,ame,2026-04-27T17:28:52.667Z
97,top_vvel2_0310_jpg.rf.357ad908d2f81b87ea71925fe6583cf6.jpg,top,vve,2026-04-27T17:28:56.698Z
98,sid_amel2_8480_jpg.rf.17cfddac54cf5cfa3dac6248ee45eedd.jpg,sid,ame,2026-04-27T17:29:00.727Z
99,oth_amel1_0782_jpg.rf.a89a46ef3965ec93a4878d8b418106fd.jpg,oth,ame,2026-04-27T17:29:04.740Z
100,sid_vvel1_1416_jpg.rf.b34a42cd44513a31e8b1624fcb1c35a7.jpg,sid,vve,2026-04-27T17:29:08.771Z
101,sid_vespsp2_5083_jpg.rf.ee849cb42aa0cd6661327ab6ce1a642d.jpg,sid,ves,2026-04-27T17:29:12.801Z
102,top_amel1_0456_jpg.rf.d3be1392ea3a385f13524e980b1876ea.jpg,top,ame,2026-04-27T17:29:16.814Z
103,top_vespsp2_2700_jpg.rf.90755a640cd2b22aa04173f87d9d6a49.jpg,top,ves,2026-04-27T17:29:20.848Z
104,top_vvel2_5859_jpg.rf.e3f80ebc3da180d4a480eb09ac49e1f3.jpg,top,vve,2026-04-27T17:29:24.879Z
105,top_NULL_0843_jpg.rf.62929cb4b4eb3742840f2c8d79a87323.jpg,top,NUL,2026-04-27T17:29:28.907Z
106,sid_vespsp2_3391_jpg.rf.f8a501a08474545228aa96a33aac880f.jpg,sid,ves,2026-04-27T17:29:32.918Z
107,oth_vvel2_1967_jpg.rf.cf408efebd90bbd94b281e586937f33d.jpg,oth,vve,2026-04-27T17:29:36.925Z
108,oth_amel1_1610_jpg.rf.772b485f885ed74ceb70c448834a4c35.jpg,oth,ame,2026-04-27T17:29:40.959Z
109,sid_vespsp1_0024_jpg.rf.c9e83bdd63f272e1c459cd7b96d1eed2.jpg,sid,ves,2026-04-27T17:29:44.975Z
110,top_vespsp2_0967_jpg.rf.c4b982c9606dc0dd9af08ca8eff4fe33.jpg,top,ves,2026-04-27T17:29:48.983Z
111,oth_vespsp2_1848_jpg.rf.ec574b1058c14ddd82de03f413011ca9.jpg,oth,ves,2026-04-27T17:29:52.993Z
112,top_vcra2_6048_jpg.rf.b043aa437cb523b7397b4cc4f2ec58a1.jpg,top,vcr,2026-04-27T17:29:57.012Z
113,oth_amel1_0702_jpg.rf.2dd393c6504a82b005a0d181d56e7c33.jpg,oth,ame,2026-04-27T17:30:01.021Z
114,top_vvel2_5949_jpg.rf.31928502f277678cd60100297b5ecf04.jpg,top,vve,2026-04-27T17:30:05.042Z
115,top_vespsp2_4926_jpg.rf.b8424fd38daac3b2369aee522e5b125e.jpg,top,ves,2026-04-27T17:30:09.070Z
116,oth_vvel2_6210_jpg.rf.520f0293de0fbaf08ec2791a35cd89b6.jpg,oth,vve,2026-04-27T17:30:13.105Z
117,top_vespsp2_1857_jpg.rf.f74fbeb80a32f0dbf404cefd0a3c5095.jpg,top,ves,2026-04-27T17:30:17.139Z
118,top_vvel2_1179_jpg.rf.7ca23447f37daeeffb5e9111d14e0fff.jpg,top,vve,2026-04-27T17:30:21.159Z
119,sid_vvel2_4547_jpg.rf.d4d0ea5ebad163453a57d1fbbf14a951.jpg,sid,vve,2026-04-27T17:30:25.180Z
120,oth_amel1_1349_jpg.rf.c03d28b2dd63f0cd05fd95a63000e48b.jpg,oth,ame,2026-04-27T17:30:29.197Z
121,sid_amel1_1458_jpg.rf.e2d9dbc32fab63347990fa7c9273f72a.jpg,sid,ame,2026-04-27T17:30:33.211Z
122,top_vcra1_0602_jpg.rf.8a82b12875a2e6a5d93935433588860b.jpg,top,vcr,2026-04-27T17:30:37.241Z
123,oth_amel2_6212_jpg.rf.2d04ad9be02a5d3de54c70b95d3dfc2e.jpg,oth,ame,2026-04-27T17:30:41.270Z
124,oth_vespsp1_1409_jpg.rf.34fec0515876eb5e15b77439f52afb7e.jpg,oth,ves,2026-04-27T17:30:45.288Z
125,sid_amel2_0183_jpg.rf.f502906f8f0edfe1c4d2050b69e45cab.jpg,sid,ame,2026-04-27T17:30:49.301Z
126,top_vespsp2_2950_jpg.rf.0c89f9cc0271280f3e7ada597c19dcac.jpg,top,ves,2026-04-27T17:30:53.314Z
127,sid_vcra1_0437_jpg.rf.ccd2c10d7dbc78e59b443fc71602be92.jpg,sid,vcr,2026-04-27T17:30:57.335Z
128,top_vespsp2_2980_jpg.rf.8c432d77581612e4f0f430f812e15065.jpg,top,ves,2026-04-27T17:31:01.346Z
129,top_vvel2_5345_jpg.rf.fe505a5c7b997ab12c5847d1b0919f23.jpg,top,vve,2026-04-27T17:31:05.352Z
130,top_NULL_0908_jpg.rf.e5c1eceb174c35a63ce8ae328fe9b9b1.jpg,top,NUL,2026-04-27T17:31:09.367Z
131,top_vvel1_0860_jpg.rf.67348bcb961f98e4c55d3baf5c0f3732.jpg,top,vve,2026-04-27T17:31:13.375Z
132,sid_vespsp2_3327_jpg.rf.51cdb139c4837a8b23c6ab35321bf581.jpg,sid,ves,2026-04-27T17:31:17.384Z
133,top_amel2_5053_jpg.rf.adc8bd421008dedfc25d2886ebbd706f.jpg,top,ame,2026-04-27T17:31:21.390Z
134,top_vcra1_1082_jpg.rf.3f3b96ed62726422bd5744d8644fe22f.jpg,top,vcr,2026-04-27T17:31:25.416Z
135,oth_vvel2_4806_jpg.rf.b4ddea816d52a1279f1bcc8ddd5ce43f.jpg,oth,vve,2026-04-27T17:31:29.420Z
136,sid_vcra2_4251_jpg.rf.e243cb7dae9e351321b17efa8f34781f.jpg,sid,vcr,2026-04-27T17:31:33.431Z
137,oth_amel2_3625_jpg.rf.e0e34124078b7a113aef678d8a1eae79.jpg,oth,ame,2026-04-27T17:31:37.435Z
138,top_vvel2_2268_jpg.rf.f79c70f86dc3aa7575d3ac40b2017006.jpg,top,vve,2026-04-27T17:31:41.446Z
139,top_vespsp2_2373_jpg.rf.274dfb5531d9cf2773b27ae88710f716.jpg,top,ves,2026-04-27T17:31:45.467Z
140,oth_vvel2_5352_jpg.rf.3111b8fb746b34d927353d667a628c4c.jpg,oth,vve,2026-04-27T17:31:49.477Z
141,top_vespsp2_4623_jpg.rf.560c029e6a5db5455f86c8e935c65178.jpg,top,ves,2026-04-27T17:31:53.505Z
142,oth_vvel1_2602_jpg.rf.0210cc0ef7f1d5e722a67491691f6e59.jpg,oth,vve,2026-04-27T17:31:57.530Z
143,top_vvel1_1550_jpg.rf.47cff2a89160872b31dd0f9fd2a87dc0.jpg,top,vve,2026-04-27T17:32:01.542Z
144,sid_amel2_6047_jpg.rf.1982fe1f2d6858d6fde14e61d32e812d.jpg,sid,ame,2026-04-27T17:32:05.549Z
145,top_vcra2_1464_jpg.rf.5b12712c64c32a47f932f3b2d612bcd3.jpg,top,vcr,2026-04-27T17:32:09.555Z
146,oth_vcra2_2530_jpg.rf.b08c6dca5189eb97c480aab6fd385fa5.jpg,oth,vcr,2026-04-27T17:32:13.580Z
147,oth_vvel2_4895_jpg.rf.008b4280d207b296ea665b67cae1227a.jpg,oth,vve,2026-04-27T17:32:17.596Z
148,sid_amel2_7790_jpg.rf.82c965c9d6700560aa0ae0aa3cd8d0a5.jpg,sid,ame,2026-04-27T17:32:21.611Z
149,oth_vespsp2_0194_jpg.rf.f3fa00ea84b0316e9b7f5f670c0ee953.jpg,oth,ves,2026-04-27T17:32:25.623Z
150,top_amel2_0279_jpg.rf.0a6b2640f008d573c2b156e32fbfe0ec.jpg,top,ame,2026-04-27T17:32:29.656Z
151,sid_amel2_7434_jpg.rf.8d567b3815813c57acf7683e98865d12.jpg,sid,ame,2026-04-27T17:32:33.688Z
152,sid_amel2_7064_jpg.rf.f7d87437ea85b6716707da6897e99597.jpg,sid,ame,2026-04-27T17:32:37.716Z
153,top_vcra2_4915_jpg.rf.bb3f572efec02d16d48dd746e59d636f.jpg,top,vcr,2026-04-27T17:32:41.724Z
154,sid_vvel2_0160_jpg.rf.7c094d46d8f5ca285eb9cec96195296c.jpg,sid,vve,2026-04-27T17:32:45.757Z
155,sid_vvel2_0193_jpg.rf.a50673486a63bd9748088f7d443c5cb9.jpg,sid,vve,2026-04-27T17:32:49.765Z
156,top_NULL_0293_jpg.rf.0b39ade101d0d800a0963b349d042dcd.jpg,top,NUL,2026-04-27T17:32:53.847Z
157,top_vvel2_1367_jpg.rf.8423a97bbd7e1b8b2c2190285f9f91a4.jpg,top,vve,2026-04-27T17:32:57.870Z
158,oth_vespsp1_1576_jpg.rf.9b7c9229fc614825a105239950518c49.jpg,oth,ves,2026-04-27T17:33:01.896Z
159,sid_amel2_1992_jpg.rf.cf8f0c60fd32817d1cb36c891113c499.jpg,sid,ame,2026-04-27T17:33:05.923Z
160,top_vvel1_0745_jpg.rf.bc071cca94611ff789993811708c69bc.jpg,top,vve,2026-04-27T17:33:09.940Z
161,oth_vvel1_1411_jpg.rf.2108d5965422840d9deb0ea6dbe4515e.jpg,oth,vve,2026-04-27T17:33:13.947Z
162,oth_amel1_1261_jpg.rf.23761262d09b507278a95fa9bd9b0d91.jpg,oth,ame,2026-04-27T17:33:17.973Z
163,top_vcra2_0848_jpg.rf.236e8ad3814d6e7997144e78f8af7a4d.jpg,top,vcr,2026-04-27T17:33:22.000Z
164,sid_vespsp1_0869_jpg.rf.da5a780194dec3942c569e89e316f680.jpg,sid,ves,2026-04-27T17:33:26.021Z
165,top_vvel2_3756_jpg.rf.ec5271b2f58b3a7be0d82851ac6f57f5.jpg,top,vve,2026-04-27T17:33:30.049Z
166,top_vcra2_4765_jpg.rf.43c950dbb5ed169a21b35626ac080468.jpg,top,vcr,2026-04-27T17:33:34.059Z
167,oth_amel2_0791_jpg.rf.0aafef4091ca3eab68d3de3fc6d3fcaa.jpg,oth,ame,2026-04-27T17:33:38.073Z
168,oth_NULL_0994_jpg.rf.5491ed2d69aa6ce44d84159b4bc18a32.jpg,oth,NUL,2026-04-27T17:33:42.085Z
169,top_vcra2_1058_jpg.rf.3301589d00a20b39c8b0e49d43179c72.jpg,top,vcr,2026-04-27T17:33:46.094Z
170,top_vvel1_1321_jpg.rf.db0562a56d65aa9ece845c85b66446c2.jpg,top,vve,2026-04-27T17:33:50.102Z
171,top_vcra1_1482_jpg.rf.82fbed067c77a4f8021677f8d8d269ec.jpg,top,vcr,2026-04-27T17:33:54.127Z
172,sid_amel2_5446_jpg.rf.fab1fcc546ae419c2400ced998f31ae7.jpg,sid,ame,2026-04-27T17:33:58.135Z
173,top_vvel2_1578_jpg.rf.c189acc45eca8527350ea97e3b35a94f.jpg,top,vve,2026-04-27T17:34:02.149Z
174,top_vespsp1_1771_jpg.rf.33d4f6b3e61cc4dd3a42e3799087eb63.jpg,top,ves,2026-04-27T17:34:06.169Z
175,oth_vvel1_2005_jpg.rf.e4247e942cf280e422c88b364c33fe9e.jpg,oth,vve,2026-04-27T17:34:10.186Z
176,top_vcra2_5249_jpg.rf.3bf1369fa6714a4fb6a0ba906fcae346.jpg,top,vcr,2026-04-27T17:34:14.200Z
177,top_vcra1_0786_jpg.rf.96e07f3dd40f8a20ac5177bf48600893.jpg,top,vcr,2026-04-27T17:34:18.210Z
178,top_vespsp2_4659_jpg.rf.e9b98d36d00ec7447ec4287e5e13bea3.jpg,top,ves,2026-04-27T17:34:22.225Z
179,oth_amel2_5819_jpg.rf.c95f421411caa7b1fbd802ec474b2cd0.jpg,oth,ame,2026-04-27T17:34:26.250Z
180,sid_NULL_1600_jpg.rf.3ca07886e66987e79f9dc41c859031d9.jpg,sid,NUL,2026-04-27T17:34:30.256Z
181,sid_amel2_2174_jpg.rf.517d1065024362f67e497f3dc527cf25.jpg,sid,ame,2026-04-27T17:34:34.269Z
182,top_vcra2_3914_jpg.rf.4b0fcd8e4b1aa06f649adea7be64447c.jpg,top,vcr,2026-04-27T17:34:38.284Z
183,top_amel2_2896_jpg.rf.6983483f791433ea608a24cc1a654e42.jpg,top,ame,2026-04-27T17:34:42.294Z
184,top_vcra2_5461_jpg.rf.871029a9b3ba1053473d6275169b8251.jpg,top,vcr,2026-04-27T17:34:46.305Z
185,sid_vespsp1_1235_jpg.rf.8820d1eeae626ce63cdb2e466500aaab.jpg,sid,ves,2026-04-27T17:34:50.313Z
186,oth_vvel2_4584_jpg.rf.91cd4d5371c5fd18239a197880df8368.jpg,oth,vve,2026-04-27T17:34:54.344Z
187,top_vvel1_1806_jpg.rf.24953a72d0dabb94907ef800392f18c5.jpg,top,vve,2026-04-27T17:34:58.370Z
188,sid_vespsp2_5485_jpg.rf.e29e84b92a197a5e23d798248f356f68.jpg,sid,ves,2026-04-27T17:35:02.377Z
189,top_vespsp2_2329_jpg.rf.1de5e8239d960ab2dee599096cdc3411.jpg,top,ves,2026-04-27T17:35:06.388Z
190,top_vespsp2_5868_jpg.rf.0a703f85037eb966957ef574c9eba5dd.jpg,top,ves,2026-04-27T17:35:10.396Z
191,top_vespsp2_1765_jpg.rf.f47bc633f839c344072aaaffd59560ed.jpg,top,ves,2026-04-27T17:35:14.405Z
192,top_amel2_1510_jpg.rf.1e6a1a54cd6702b9842f777948a1dd18.jpg,top,ame,2026-04-27T17:35:18.425Z
193,oth_vespsp1_0298_jpg.rf.24677fb15b1ef9aa9edd593026b9328a.jpg,oth,ves,2026-04-27T17:35:22.433Z
194,top_vcra2_4755_jpg.rf.370d0adb05a320668262584100c6cb65.jpg,top,vcr,2026-04-27T17:35:26.442Z
195,top_amel2_5391_jpg.rf.92e8f7ee833ac2504e0f4280e1302a0d.jpg,top,ame,2026-04-27T17:35:30.451Z
196,top_amel1_2410_jpg.rf.bad4ebb3dced8e92c5c8cf6f4cc6a48d.jpg,top,ame,2026-04-27T17:35:34.463Z
197,top_amel2_6898_jpg.rf.661317a1d27a128ea1be533a6c9634c3.jpg,top,ame,2026-04-27T17:35:38.492Z
198,oth_vcra1_1751_jpg.rf.04ccb8622c3acf807551b524c815862f.jpg,oth,vcr,2026-04-27T17:35:42.498Z
199,top_vvel2_5773_jpg.rf.fe39272a856fada45c9e9db78c2d5b27.jpg,top,vve,2026-04-27T17:35:46.518Z
200,sid_amel1_2235_jpg.rf.b6200c55250c49b5bb9a00ea993aa80e.jpg,sid,ame,2026-04-27T17:35:50.534Z
201,sid_vespsp1_0275_jpg.rf.d35e98875e70e2e67afdb2f2732dc316.jpg,sid,ves,2026-04-27T17:35:54.558Z
202,top_vcra2_4674_jpg.rf.f827cab150c4c4b8c760cdde42854c5d.jpg,top,vcr,2026-04-27T17:35:58.587Z
203,top_vcra2_0800_jpg.rf.08aa00f2aa0b00d5a43354ae9b79af55.jpg,top,vcr,2026-04-27T17:36:02.616Z
204,sid_vvel2_2353_jpg.rf.07cc9434ceacb72d043a79da489ea33c.jpg,sid,vve,2026-04-27T17:36:06.651Z
205,top_vvel2_2302_jpg.rf.b5ef25a356f101d2617e2e2485938a63.jpg,top,vve,2026-04-27T17:36:10.685Z
206,top_vcra2_5953_jpg.rf.396f1fb7aad744cc9ee4852dcfd98c7c.jpg,top,vcr,2026-04-27T17:36:14.694Z
207,oth_amel2_0362_jpg.rf.d6c67af17a787bcf8f0e58cf36b43d25.jpg,oth,ame,2026-04-27T17:36:18.734Z
208,sid_amel1_2466_jpg.rf.e13bf1bc923a51dd66f006f12519356b.jpg,sid,ame,2026-04-27T17:36:22.765Z
209,sid_vvel1_0836_jpg.rf.f5d56b8633338b37a1a276e782944c4a.jpg,sid,vve,2026-04-27T17:36:26.789Z
210,oth_amel2_1568_jpg.rf.f15d2be08ab73d329495ffdbc6368150.jpg,oth,ame,2026-04-27T17:36:30.807Z
211,oth_amel2_1419_jpg.rf.3fb27c217fc1ea78d0ef140b33dd32cb.jpg,oth,ame,2026-04-27T17:36:34.820Z
212,sid_amel2_6635_jpg.rf.1d08032ea8d7166a2ecb57117d79999d.jpg,sid,ame,2026-04-27T17:36:38.831Z
213,top_vvel2_1217_jpg.rf.13a97f887795d7e5c8d5fae5e735f896.jpg,top,vve,2026-04-27T17:36:42.849Z
214,oth_amel1_2291_jpg.rf.c10085c7da1fb5132f0741f974a2a991.jpg,oth,ame,2026-04-27T17:36:46.889Z
215,oth_vespsp2_0045_jpg.rf.30b6673629190ec5b25c4d9f056b272b.jpg,oth,ves,2026-04-27T17:36:50.903Z
216,top_vcra2_0981_jpg.rf.6c8949a865bcf249c353c20a48d1f766.jpg,top,vcr,2026-04-27T17:36:54.936Z
217,top_NULL_0158_jpg.rf.33847b4506179351a95f349224e65d9d.jpg,top,NUL,2026-04-27T17:36:58.952Z
218,top_NULL_0959_jpg.rf.683180f1e383390bcfa70fd6233e4fd3.jpg,top,NUL,2026-04-27T17:37:02.968Z
219,oth_vvel2_0640_jpg.rf.587be184ac9bacd05620269fdb00569f.jpg,oth,vve,2026-04-27T17:37:06.980Z
220,top_vcra2_5454_jpg.rf.f1bf857e36bdc92a68c6dd202130902a.jpg,top,vcr,2026-04-27T17:37:11.001Z
221,oth_amel1_0143_jpg.rf.28b70a35af0801a729978fe982e3d2f4.jpg,oth,ame,2026-04-27T17:37:15.015Z
222,top_vespsp1_0882_jpg.rf.b80cd6b4fe6fed224f2ac932bd2f5ae6.jpg,top,ves,2026-04-27T17:37:19.022Z
223,oth_vvel1_1126_jpg.rf.af615dac6decea49f87d2dea57dd18ba.jpg,oth,vve,2026-04-27T17:37:23.033Z
224,sid_vcra1_0363_jpg.rf.5e0a04a62469f13a9d009b6546490693.jpg,sid,vcr,2026-04-27T17:37:27.064Z
225,top_amel2_7589_jpg.rf.b7878d5d0c8e7f474565f697c0f42a1c.jpg,top,ame,2026-04-27T17:37:31.093Z
226,top_vcra2_4519_jpg.rf.ae243e4728ee9666afddce32c7c7dc80.jpg,top,vcr,2026-04-27T17:37:35.127Z
227,sid_vvel2_4215_jpg.rf.639869da6d5c52feea359e960b4751e8.jpg,sid,vve,2026-04-27T17:37:39.138Z
228,top_vvel2_4428_jpg.rf.6935a11e8275681588308f85707f69c3.jpg,top,vve,2026-04-27T17:37:43.147Z
229,oth_vcra1_1247_jpg.rf.117af6bfc11c6bbc7d72d401872ac9a8.jpg,oth,vcr,2026-04-27T17:37:47.181Z
230,top_amel2_7465_jpg.rf.a38194ecae71a07c987c052da8381610.jpg,top,ame,2026-04-27T17:37:51.212Z
231,oth_vvel2_1842_jpg.rf.140bdd50cb4cbc33597701f82912a69e.jpg,oth,vve,2026-04-27T17:37:55.245Z
232,oth_vcra1_0637_jpg.rf.18b98fd2db01b00fa03b52d3cdf62e07.jpg,oth,vcr,2026-04-27T17:37:59.274Z
233,oth_vcra2_2986_jpg.rf.a3215b8242896cfe6bb31b859d77e6fc.jpg,oth,vcr,2026-04-27T17:38:03.287Z
234,sid_vcra1_1208_jpg.rf.7c8af001959b2f6bec7fbc5e658316e3.jpg,sid,vcr,2026-04-27T17:38:07.310Z
235,top_amel2_5483_jpg.rf.318cb45abd81ea8d57c2ea89f99933b7.jpg,top,ame,2026-04-27T17:38:11.321Z
236,sid_vcra2_4108_jpg.rf.3f7f9c1e91a62c5e1e2bdde72581a675.jpg,sid,vcr,2026-04-27T17:38:15.329Z
237,top_amel1_0077_jpg.rf.3576c80f3b9493d5c47abff5e76b9750.jpg,top,ame,2026-04-27T17:38:19.333Z
238,oth_vespsp2_4641_jpg.rf.3ff452706110de72d4f51721226a9279.jpg,oth,ves,2026-04-27T17:38:23.336Z
239,sid_vcra2_1740_jpg.rf.cf6bb72b6a4cc17c820b7d9296d6664b.jpg,sid,vcr,2026-04-27T17:38:27.359Z
240,top_amel1_2081_jpg.rf.49ce636094d5e46c8497855d2c94b36c.jpg,top,ame,2026-04-27T17:38:31.366Z
241,oth_amel2_4035_jpg.rf.3948747a5d45b347543f8832ccd783ff.jpg,oth,ame,2026-04-27T17:38:35.373Z
242,top_amel2_4320_jpg.rf.04a3640f8ea91748a1ff85843f138b02.jpg,top,ame,2026-04-27T17:38:39.383Z
243,sid_amel2_0884_jpg.rf.9612f4acdb7105d58fc28766bac393c2.jpg,sid,ame,2026-04-27T17:38:43.393Z
244,oth_vcra1_2161_jpg.rf.d6373f248d214da16255e955aec3bb04.jpg,oth,vcr,2026-04-27T17:38:47.407Z
245,top_vcra2_0584_jpg.rf.40fe342e03a6987b2f0b01dc19d3d3ab.jpg,top,vcr,2026-04-27T17:38:51.419Z
246,top_vcra1_1715_jpg.rf.c325d65b50b77a2a677e0ab225be605d.jpg,top,vcr,2026-04-27T17:38:55.448Z
247,oth_vespsp2_0965_jpg.rf.b73370b100d3497ee30d671cbf95456d.jpg,oth,ves,2026-04-27T17:38:59.485Z
248,top_amel2_7444_jpg.rf.5bf2bfac54df5f220c8d04e6e1d7932c.jpg,top,ame,2026-04-27T17:39:03.516Z
249,top_amel1_2376_jpg.rf.fef4c6aac69d96b5a08ba14914024f5d.jpg,top,ame,2026-04-27T17:39:07.531Z
250,sid_vvel1_0332_jpg.rf.7d7822eec97fd40492a80dc5e98c9471.jpg,sid,vve,2026-04-27T17:39:11.562Z
251,top_amel2_6492_jpg.rf.fcce79cf4540c3c7b850cfe2c2829b6b.jpg,top,ame,2026-04-27T17:39:15.594Z
252,oth_NULL_0630_jpg.rf.c356a87e5de2735e6080aceff1aae5e3.jpg,oth,NUL,2026-04-27T17:39:19.606Z
253,top_vespsp2_2836_jpg.rf.75a9b9b47c1626c4071a9857d7803079.jpg,top,ves,2026-04-27T17:39:23.624Z
254,top_vespsp2_3617_jpg.rf.9b33ead1ef37d99e406a9bc60e079a73.jpg,top,ves,2026-04-27T17:39:27.640Z
255,top_vvel2_2720_jpg.rf.07fe7fe8424847c8a7198dfc4ae35d5f.jpg,top,vve,2026-04-27T17:39:31.675Z
256,top_vespsp2_3817_jpg.rf.77f3cbd3821bfe80ace89b9fb029fcc5.jpg,top,ves,2026-04-27T17:39:35.692Z
257,top_vvel2_6251_jpg.rf.d878e7198c09c918b92383b82ed09465.jpg,top,vve,2026-04-27T17:39:39.726Z
258,top_vvel1_2136_jpg.rf.c23113ad6c6bfa74538e736881d48c08.jpg,top,vve,2026-04-27T17:39:43.741Z
259,top_vespsp2_0778_jpg.rf.8456f229b6db3805b58e9a6c001d33a0.jpg,top,ves,2026-04-27T17:39:47.747Z
260,oth_vespsp1_1240_jpg.rf.faf7b38b1df4e2d1e12d03c9d17986af.jpg,oth,ves,2026-04-27T17:39:51.759Z
261,oth_amel1_0209_jpg.rf.dd8368c621da13b6cf566d3da582dac7.jpg,oth,ame,2026-04-27T17:39:55.806Z
262,sid_amel2_0872_jpg.rf.a85f11708d034ca33d6bdc7f483a8028.jpg,sid,ame,2026-04-27T17:39:59.811Z
263,top_amel2_4852_jpg.rf.644a65e51ad74d8d066d557d869ddedc.jpg,top,ame,2026-04-27T17:40:03.817Z
264,sid_vvel2_1434_jpg.rf.0493e80a5c39efa9b6689975bf6cb716.jpg,sid,vve,2026-04-27T17:40:07.823Z
265,sid_vvel2_3209_jpg.rf.861af0a45b1971ce98f7241e7f46dd6e.jpg,sid,vve,2026-04-27T17:40:11.831Z
266,oth_amel2_6609_jpg.rf.9e3f9232d2aaca3c148be4f8ecdb5c47.jpg,oth,ame,2026-04-27T17:40:15.840Z
267,top_vvel1_2239_jpg.rf.00f0ee56400047eef28cd39a429297ba.jpg,top,vve,2026-04-27T17:40:19.861Z
268,top_vvel1_2379_jpg.rf.b252f6c633e409b15beeda3d202245b3.jpg,top,vve,2026-04-27T17:40:23.872Z
269,oth_vespsp2_5519_jpg.rf.92c39355560fb77d264d97d504ef5288.jpg,oth,ves,2026-04-27T17:40:27.908Z
270,oth_vespsp1_0677_jpg.rf.ca2806a266f23c8cb52083aebe66d959.jpg,oth,ves,2026-04-27T17:40:31.921Z
271,oth_amel2_3014_jpg.rf.da7c58897b51d8e7a2f82def64723041.jpg,oth,ame,2026-04-27T17:40:35.933Z
272,oth_vcra2_0094_jpg.rf.a877e1cfd3b1ab32aa98a3ff227479ce.jpg,oth,vcr,2026-04-27T17:40:39.938Z
273,top_amel2_8849_jpg.rf.28dcc45dcc62754a3daddd93c654bb76.jpg,top,ame,2026-04-27T17:40:43.949Z
274,top_vcra1_1626_jpg.rf.032ed5b9ffdb08e7c0f88d3e05721802.jpg,top,vcr,2026-04-27T17:40:47.962Z
275,oth_vespsp2_2282_jpg.rf.b70d2e700699db18217636d22c65ce51.jpg,oth,ves,2026-04-27T17:40:51.988Z
276,top_vcra2_5463_jpg.rf.791e948d23ed14220ed8d4b9293d4958.jpg,top,vcr,2026-04-27T17:40:56.012Z
277,top_vespsp2_3453_jpg.rf.ffef281435e27997d94abbc52d285cbc.jpg,top,ves,2026-04-27T17:41:00.016Z
278,sid_vvel2_5562_jpg.rf.31eaec29094a15a99c5a74436d1d41bd.jpg,sid,vve,2026-04-27T17:41:04.024Z
279,top_amel1_0880_jpg.rf.f287e25346644c03ee63b95a66632b99.jpg,top,ame,2026-04-27T17:41:08.053Z
280,sid_amel2_2589_jpg.rf.b6cd604f3dac65dd54b2b2e0e2cfbc02.jpg,sid,ame,2026-04-27T17:41:12.081Z
281,top_vcra2_3162_jpg.rf.0750634e21473f7c7a37288e9543ff1b.jpg,top,vcr,2026-04-27T17:41:16.091Z
282,sid_amel2_0136_jpg.rf.779a53c0f4ab9f42f4c8c8e2263fa86f.jpg,sid,ame,2026-04-27T17:41:20.101Z
283,top_vvel2_5257_jpg.rf.be9508d8e558f06b92c873b5fab31787.jpg,top,vve,2026-04-27T17:41:24.130Z
284,top_vespsp2_5781_jpg.rf.ce45102d09bcd89b8529a0cb5a42a47f.jpg,top,ves,2026-04-27T17:41:28.136Z
285,oth_vespsp2_3457_jpg.rf.4b5a634d59d8d3657a892ff77c40fccd.jpg,oth,ves,2026-04-27T17:41:32.142Z
286,top_amel2_4342_jpg.rf.05ed29a383a30b8526ea4c4cec83957a.jpg,top,ame,2026-04-27T17:41:36.159Z
287,sid_vvel2_5287_jpg.rf.4c54f00f7d13e9850a7dd3566f0686f2.jpg,sid,vve,2026-04-27T17:41:40.171Z
288,top_vcra1_0645_jpg.rf.f031f620a1780d31c61b83791bcda229.jpg,top,vcr,2026-04-27T17:41:44.190Z
289,top_vcra2_4903_jpg.rf.7b1540439e49702b0a279c3ab0fa6c59.jpg,top,vcr,2026-04-27T17:41:48.203Z
290,top_vvel2_6285_jpg.rf.948fe7d614db3bdfab019885135bc3f6.jpg,top,vve,2026-04-27T17:41:52.211Z
291,top_vcra2_4778_jpg.rf.073c450b4b9c8953f5f7c329dbe5b657.jpg,top,vcr,2026-04-27T17:41:56.231Z
292,oth_vvel2_6073_jpg.rf.fa0bc634093021d6173c59738efd6ae0.jpg,oth,vve,2026-04-27T17:42:00.238Z
293,oth_amel2_8100_jpg.rf.058c56bb31c4efccf81c2e10e8ac1ff5.jpg,oth,ame,2026-04-27T17:42:04.263Z
294,sid_amel2_4379_jpg.rf.b88b55529dd01f289013ab6fd4d8239a.jpg,sid,ame,2026-04-27T17:42:08.275Z
295,top_NULL_0015_jpg.rf.a604ee1549684da27fb8101692d29fce.jpg,top,NUL,2026-04-27T17:42:12.288Z
296,sid_vcra2_2301_jpg.rf.68b3a64c3e6d1da59ffb1ccfae56c5ed.jpg,sid,vcr,2026-04-27T17:42:16.300Z
297,top_vvel2_3999_jpg.rf.19a667dc230a2b0a53169832aa1b2818.jpg,top,vve,2026-04-27T17:42:20.316Z
298,sid_amel1_0501_jpg.rf.9b8b53deb5a69ab7c97baed0cc653660.jpg,sid,ame,2026-04-27T17:42:24.341Z
299,oth_amel2_4274_jpg.rf.f0aa08b9a255f8304f28df1401014633.jpg,oth,ame,2026-04-27T17:42:28.367Z
300,sid_vcra2_5638_jpg.rf.3342caf941afe6b51bfaf110e771dcfe.jpg,sid,vcr,2026-04-27T17:42:32.376Z
301,top_vvel2_0673_jpg.rf.a4029a2f6374bfa0e303c52ce21b49d6.jpg,top,vve,2026-04-27T17:42:36.402Z
302,top_vcra2_4671_jpg.rf.626e1ce83bcca63913c979c09a582b91.jpg,top,vcr,2026-04-27T17:42:40.407Z
303,sid_amel2_4602_jpg.rf.985dd364c065ab4ed65f924f182a652f.jpg,sid,ame,2026-04-27T17:42:44.432Z
304,top_vespsp2_2289_jpg.rf.0c8717c66c0cd7bfa9c8fab32b94cd92.jpg,top,ves,2026-04-27T17:42:48.446Z
305,top_amel2_4455_jpg.rf.a36cafa521beac9daadaedd36eea75c8.jpg,top,ame,2026-04-27T17:42:52.481Z
306,top_vespsp2_1745_jpg.rf.acbd792376a62a30d11db1eeecd2442c.jpg,top,ves,2026-04-27T17:42:56.515Z
307,top_vvel2_5675_jpg.rf.fc15e1acf5b8ae6c171ac3faac78f831.jpg,top,vve,2026-04-27T17:43:00.521Z
308,top_vcra2_3027_jpg.rf.bfe328b68e294509454cec535d2e05ec.jpg,top,vcr,2026-04-27T17:43:04.524Z
309,oth_vvel1_2113_jpg.rf.ccaf77babcaf195f4b4177d58f16f019.jpg,oth,vve,2026-04-27T17:43:08.554Z
310,oth_amel2_8902_jpg.rf.1059a80475934994a79fac07666bb7af.jpg,oth,ame,2026-04-27T17:43:12.586Z
311,sid_amel2_3553_jpg.rf.bcbf6da836bc9d2b69e0abac6f497ae5.jpg,sid,ame,2026-04-27T17:43:16.593Z
312,oth_vvel2_6019_jpg.rf.7f20b4ab9de25149eb64634fd3a17d3e.jpg,oth,vve,2026-04-27T17:43:20.609Z
313,sid_vespsp2_5457_jpg.rf.0a7b35092c5f227d9e55dfe3cdda4b26.jpg,sid,ves,2026-04-27T17:43:24.641Z
314,sid_vvel1_1485_jpg.rf.277265744818c5775b09d49b2d7758c8.jpg,sid,vve,2026-04-27T17:43:28.668Z
315,oth_vvel1_1394_jpg.rf.85daaf87ab310f36cdc6c5a8463af8e2.jpg,oth,vve,2026-04-27T17:43:32.682Z
316,sid_vvel1_0621_jpg.rf.0014804cea9a35f93ffac4ceebe07fb2.jpg,sid,vve,2026-04-27T17:43:36.714Z
317,top_amel2_3618_jpg.rf.c8b31777d2bab0c26bccb4d2ea7bc7e9.jpg,top,ame,2026-04-27T17:43:40.722Z
318,top_vvel1_2101_jpg.rf.13530ce12c8f42cd9691650929a98947.jpg,top,vve,2026-04-27T17:43:44.753Z
319,top_vvel1_0953_jpg.rf.5de85f3ca4bb7e944e9764a7968c0bdb.jpg,top,vve,2026-04-27T17:43:48.761Z
320,oth_vcra2_3222_jpg.rf.ae1b34f14766ec7d562f9e8283a3eff5.jpg,oth,vcr,2026-04-27T17:43:52.769Z
321,top_vvel2_2329_jpg.rf.7000119b196a3f2c3eac4a8521726280.jpg,top,vve,2026-04-27T17:43:56.796Z
322,top_vespsp2_4508_jpg.rf.80a60263cff46441b28a65234a060c24.jpg,top,ves,2026-04-27T17:44:00.806Z
323,sid_amel2_7468_jpg.rf.da506371c6f565e03fe9a5c58b0ad0f6.jpg,sid,ame,2026-04-27T17:44:04.839Z
324,sid_amel1_0438_jpg.rf.0d0e7d36d4d46c0da80f741cc973b1d7.jpg,sid,ame,2026-04-27T17:44:08.868Z
325,oth_amel2_2929_jpg.rf.2b728c5a9586cd3eada56bb41654070d.jpg,oth,ame,2026-04-27T17:44:12.879Z
326,oth_amel2_8880_jpg.rf.0ce12c0b6a717d6f7222c233fd7c4c98.jpg,oth,ame,2026-04-27T17:44:16.913Z
327,oth_vvel2_2911_jpg.rf.523936d873d6232190261ddd6d5ccfc9.jpg,oth,vve,2026-04-27T17:44:20.944Z
328,top_vcra2_5094_jpg.rf.3348fe4e05e8e10ddcdacb476eb37e81.jpg,top,vcr,2026-04-27T17:44:24.951Z
329,sid_vvel1_0620_jpg.rf.603f15e7b590513132a46bd8a5bc60cf.jpg,sid,vve,2026-04-27T17:44:28.960Z
330,top_vespsp2_1801_jpg.rf.7cee1d3f3d7aacaf1c3c3eb7e4e7c9e4.jpg,top,ves,2026-04-27T17:44:32.978Z
331,top_vespsp2_2472_jpg.rf.82b9ad2d65d10b35bf357dec3b902172.jpg,top,ves,2026-04-27T17:44:37.005Z
332,sid_amel2_8391_jpg.rf.7afa1a2173487557689f771bf847ab2e.jpg,sid,ame,2026-04-27T17:44:41.028Z
333,top_vcra2_4503_jpg.rf.16d674467ff7b41eaa68387b83857d66.jpg,top,vcr,2026-04-27T17:44:45.061Z
334,oth_vcra1_0783_jpg.rf.25a40f67c3ee1cc4b12e3136e0df19df.jpg,oth,vcr,2026-04-27T17:44:49.075Z
335,sid_vvel2_0751_jpg.rf.4bcfb9e5245e27fea4478cab0e971eb3.jpg,sid,vve,2026-04-27T17:44:53.095Z
336,oth_vespsp2_0200_jpg.rf.2cfe1ca5f72b2a4865c2d35b47bd320c.jpg,oth,ves,2026-04-27T17:44:57.106Z
337,top_vcra2_3116_jpg.rf.823936e9793cb03618bbd6b70539a2f1.jpg,top,vcr,2026-04-27T17:45:01.128Z
338,top_amel2_4369_jpg.rf.453c1b2ec323b8cd0884dfa15c91c668.jpg,top,ame,2026-04-27T17:45:05.138Z
339,oth_amel2_2778_jpg.rf.df9099f1ec28aa1837063cf74a85e413.jpg,oth,ame,2026-04-27T17:45:09.168Z
340,sid_amel2_2898_jpg.rf.28b56230be34f2596fdd76c9b327b47d.jpg,sid,ame,2026-04-27T17:45:13.192Z
341,top_vespsp1_2314_jpg.rf.55e9c79794e83a6df37963266d1245fa.jpg,top,ves,2026-04-27T17:45:17.222Z
342,sid_vespsp2_2362_jpg.rf.bace50e6ad165d522297adb3fc01d876.jpg,sid,ves,2026-04-27T17:45:21.251Z
343,sid_vespsp2_6361_jpg.rf.783f1295d5facfc1482600477293ad3e.jpg,sid,ves,2026-04-27T17:45:25.260Z
344,oth_vcra2_2697_jpg.rf.3314ed4ee8d9d5024bbbb7d0bbbd6e94.jpg,oth,vcr,2026-04-27T17:45:29.281Z
345,sid_vvel2_1225_jpg.rf.91a7e86c5376f8db01ad15fe8b971f90.jpg,sid,vve,2026-04-27T17:45:33.306Z
346,top_vvel2_3206_jpg.rf.e7ca779484032acb2f23fb58f5e40885.jpg,top,vve,2026-04-27T17:45:37.333Z
347,top_vvel2_5020_jpg.rf.9a37cc4afd18c3c6d0d2167967b2717a.jpg,top,vve,2026-04-27T17:45:41.363Z
348,sid_vespsp2_0430_jpg.rf.17d89bc65d821057955d98a7f1967231.jpg,sid,ves,2026-04-27T17:45:45.391Z
349,oth_vvel2_6217_jpg.rf.07f40a5af2e8beeee12b3181585bd999.jpg,oth,vve,2026-04-27T17:45:49.416Z
350,oth_vespsp2_6041_jpg.rf.1df712275c00ad595f4007cdca604cb1.jpg,oth,ves,2026-04-27T17:45:53.445Z
351,top_vvel2_0088_jpg.rf.2b0a13f23f692345922353b732769c89.jpg,top,vve,2026-04-27T17:45:57.453Z
352,sid_vespsp2_1679_jpg.rf.5874a74c2aa16875fbe8a31a2337bbcc.jpg,sid,ves,2026-04-27T17:46:01.465Z
353,top_vvel2_4177_jpg.rf.73110402d97901327f23e48857450068.jpg,top,vve,2026-04-27T17:46:05.486Z
354,oth_vvel1_1039_jpg.rf.72a145494eea9811b86090cc59bbce0f.jpg,oth,vve,2026-04-27T17:46:09.507Z
355,oth_NULL_1759_jpg.rf.86e8c179458ca2e08d8f5a41d8b760e7.jpg,oth,NUL,2026-04-27T17:46:13.535Z
356,sid_amel2_5641_jpg.rf.ce68a0f96913e9cc655958bbf6487b6e.jpg,sid,ame,2026-04-27T17:46:17.558Z
357,top_vcra2_5577_jpg.rf.ee45adc444bd88bfefb653f0aa061598.jpg,top,vcr,2026-04-27T17:46:21.593Z
358,top_amel2_2466_jpg.rf.4f523637b86f39000b9e4cf046de88b7.jpg,top,ame,2026-04-27T17:46:25.597Z
359,sid_NULL_0018_jpg.rf.6bb7611b96dda211e5425ca727ffcc28.jpg,sid,NUL,2026-04-27T17:46:29.627Z
360,top_NULL_1539_jpg.rf.d386180a1174631c5cb8b8030c6f4bf4.jpg,top,NUL,2026-04-27T17:46:33.649Z
361,top_vvel2_4779_jpg.rf.569480dae6deea43c9e97718c30489e2.jpg,top,vve,2026-04-27T17:46:37.678Z
362,top_vvel2_0842_jpg.rf.f188b704d79a8520852a58998480fae8.jpg,top,vve,2026-04-27T17:46:41.713Z
363,top_vespsp2_4213_jpg.rf.3d04d18402cf05c9b4d198e0910cd453.jpg,top,ves,2026-04-27T17:46:45.742Z
364,oth_vvel2_4579_jpg.rf.8a3e0316beb5430b048d504539d84c20.jpg,oth,vve,2026-04-27T17:46:49.769Z
365,top_vcra2_4708_jpg.rf.3ba986c1f0c2d65db91b2d1f309ffc4f.jpg,top,vcr,2026-04-27T17:46:53.780Z
366,oth_amel1_1998_jpg.rf.e825cd029b1464a9c180fca891fec428.jpg,oth,ame,2026-04-27T17:46:57.791Z
367,top_vespsp1_2209_jpg.rf.e6a026c4c2fda477f17fa57e9649addb.jpg,top,ves,2026-04-27T17:47:01.817Z
368,top_vcra1_1404_jpg.rf.2bc499c61fc9254a3d6969511ecfd905.jpg,top,vcr,2026-04-27T17:47:05.838Z
369,sid_amel1_1495_jpg.rf.c26f1b34a4b55f3ab567f2df1ef6f9c3.jpg,sid,ame,2026-04-27T17:47:09.857Z
370,oth_vvel2_6286_jpg.rf.cd22b01c7b07d4657b0dc7adac5094ee.jpg,oth,vve,2026-04-27T17:47:13.883Z
371,oth_vcra2_0170_jpg.rf.d4eac8e8025493cf81a5ef7c06851eb6.jpg,oth,vcr,2026-04-27T17:47:17.918Z
372,oth_amel1_2371_jpg.rf.a72d62e72f265be0b119d462d3d0716d.jpg,oth,ame,2026-04-27T17:47:21.952Z
373,oth_amel2_0205_jpg.rf.6edafd9c2cf6e09689c35bfaa6e5ab46.jpg,oth,ame,2026-04-27T17:47:25.984Z
374,top_amel1_0282_jpg.rf.892f0983d55737474296559a1f9064c3.jpg,top,ame,2026-04-27T17:47:30.000Z
375,top_vcra2_5640_jpg.rf.a93eb57a0a750f8ad466796fc8f66fc4.jpg,top,vcr,2026-04-27T17:47:34.016Z
376,oth_vcra1_1990_jpg.rf.f17a031c822d7bc20bb9eadc53ef3a45.jpg,oth,vcr,2026-04-27T17:47:38.049Z
377,top_vcra2_3845_jpg.rf.92f4fedd711b4e8c21c87eefb8607b51.jpg,top,vcr,2026-04-27T17:47:42.081Z
378,top_vvel1_1319_jpg.rf.99106d9bbd3c1321b75c2c76d8771d78.jpg,top,vve,2026-04-27T17:47:46.088Z
379,oth_vcra2_4596_jpg.rf.bb7e58c543a594840c3ce27e198f9a2c.jpg,oth,vcr,2026-04-27T17:47:50.120Z
380,top_vvel2_4915_jpg.rf.5e20488dcbfbcdd280e3157fe7e36480.jpg,top,vve,2026-04-27T17:47:54.152Z
381,oth_vespsp2_2566_jpg.rf.adf5115ef36d089e2c68499fbe20f3d9.jpg,oth,ves,2026-04-27T17:47:58.181Z
382,sid_NULL_1509_jpg.rf.b3b670d7ed2d9a972c73ed96472c6d93.jpg,sid,NUL,2026-04-27T17:48:02.214Z
383,sid_amel2_0032_jpg.rf.5c5dc0e44d13c6c0f7d52d8c1e9f1cea.jpg,sid,ame,2026-04-27T17:48:06.234Z
384,sid_amel2_5363_jpg.rf.7689b084ee58cdee9d200acbc280ce25.jpg,sid,ame,2026-04-27T17:48:10.266Z
385,top_vvel2_5244_jpg.rf.fc4d528baf0901679e44c9fe90a86d94.jpg,top,vve,2026-04-27T17:48:14.282Z
386,oth_amel1_1702_jpg.rf.3b17b6aa566045574ec46e8ff52c88fb.jpg,oth,ame,2026-04-27T17:48:18.315Z
387,oth_vespsp1_0748_jpg.rf.2c94509dcad05e45b73e0520e49df2e8.jpg,oth,ves,2026-04-27T17:48:22.345Z
388,top_vespsp2_3243_jpg.rf.4bbe2fcc1fbe8e0b52197873b875c7b1.jpg,top,ves,2026-04-27T17:48:26.358Z
1,oth_vvel2_1415_jpg.rf.82b140939b01ae29fc03f3523190c93e.jpg,oth,vve,2026-04-27T17:48:30.368Z
2,sid_NULL_1491_jpg.rf.b71393a82e12e4818aa6f9ab96c28c44.jpg,sid,NUL,2026-04-27T17:48:34.380Z
3,top_vvel2_0052_jpg.rf.494cc5e19a9c0e8efd24c84305a2fa91.jpg,top,vve,2026-04-27T17:48:38.399Z
4,top_vcra1_2262_jpg.rf.66a100a6bcf10a9f94a651d26a4dcd97.jpg,top,vcr,2026-04-27T17:48:42.422Z
5,top_vespsp2_5751_jpg.rf.2f3c650787659405a2f337b014e95602.jpg,top,ves,2026-04-27T17:48:46.444Z
6,top_vcra2_3246_jpg.rf.752f908bbca348dc40172eaf6613f144.jpg,top,vcr,2026-04-27T17:48:50.475Z
7,top_amel2_1598_jpg.rf.c4a90826a5f9aa5a2418c45462704bf0.jpg,top,ame,2026-04-27T17:48:54.485Z
8,oth_vvel2_2642_jpg.rf.907276ecc8f317156b4f26e54172eaa1.jpg,oth,vve,2026-04-27T17:48:58.502Z
9,oth_vespsp2_0688_jpg.rf.c261078e19d68a6a011475dbdeae38d9.jpg,oth,ves,2026-04-27T17:49:02.531Z
10,sid_vvel2_4022_jpg.rf.c6ee2a5100f50d02124bc1a9493021e8.jpg,sid,vve,2026-04-27T17:49:06.539Z
11,sid_vcra2_1191_jpg.rf.34d86079ff7ebe957ee8986350e9dfce.jpg,sid,vcr,2026-04-27T17:49:10.557Z
12,oth_vcra2_5852_jpg.rf.ec9c50a2a5b00d722b490172a80b09c2.jpg,oth,vcr,2026-04-27T17:49:14.564Z
13,oth_vvel2_3685_jpg.rf.1b5d173726099966a47c80dcc37a9b33.jpg,oth,vve,2026-04-27T17:49:18.578Z
14,top_vvel2_4601_jpg.rf.eccfbdf96cdd6e7a08d268d6b76a6664.jpg,top,vve,2026-04-27T17:49:22.610Z
15,oth_vvel1_2503_jpg.rf.8776d94ff7061ba43b91a0c190c7c269.jpg,oth,vve,2026-04-27T17:49:26.637Z
16,top_vvel1_1222_jpg.rf.5c0b73feadb3c6a7285e4f62953b5bc2.jpg,top,vve,2026-04-27T17:49:30.663Z
17,top_vcra2_4993_jpg.rf.1749e3f9c6ba7d91a5d8c6faff59d937.jpg,top,vcr,2026-04-27T17:49:34.688Z
18,sid_vvel2_4971_jpg.rf.f605f9ce04fb230a355e188490407b9f.jpg,sid,vve,2026-04-27T17:49:38.716Z
19,top_NULL_1189_jpg.rf.6fb152c3e8032c2755cd5d5adf305d9c.jpg,top,NUL,2026-04-27T17:49:42.742Z
20,top_vcra2_5417_jpg.rf.f529ebec88e3ecfa35109b56ae0f1837.jpg,top,vcr,2026-04-27T17:49:46.794Z
21,top_amel1_2241_jpg.rf.0dc1fb6205b2c346a0db197d3d0e02cc.jpg,top,ame,2026-04-27T17:49:50.821Z
22,top_vvel2_2282_jpg.rf.58d632c09325b78bf4c19b30a58c2859.jpg,top,vve,2026-04-27T17:49:54.844Z
23,top_vcra2_4610_jpg.rf.5ec59bcdb51b620b817e0d82e2fce210.jpg,top,vcr,2026-04-27T17:49:58.847Z
24,sid_vcra2_0169_jpg.rf.1d450a03e04c1a9888333284d12c8398.jpg,sid,vcr,2026-04-27T17:50:02.856Z
25,sid_vespsp2_4146_jpg.rf.29def1c64f390a6d15252bde98452c97.jpg,sid,ves,2026-04-27T17:50:06.862Z
26,oth_amel2_8276_jpg.rf.6aa5659f172f6e8c3c3f1e20b13f0028.jpg,oth,ame,2026-04-27T17:50:10.869Z
27,oth_vespsp1_0414_jpg.rf.2391cc301bb7cd82923ff97acb806485.jpg,oth,ves,2026-04-27T17:50:14.875Z
28,oth_vespsp2_4642_jpg.rf.b3cfa113738382648f179b746cfb40fe.jpg,oth,ves,2026-04-27T17:50:18.885Z
29,sid_amel1_2405_jpg.rf.9a67327e04b326d84dccc65fd3e1ab86.jpg,sid,ame,2026-04-27T17:50:22.890Z
30,sid_vcra2_2704_jpg.rf.aef45048fdad19521b71ff8dc85b43e6.jpg,sid,vcr,2026-04-27T17:50:26.916Z
31,top_amel2_7053_jpg.rf.cf11f61a0914805604a3933c51e93cf1.jpg,top,ame,2026-04-27T17:50:30.943Z
32,oth_vespsp2_4443_jpg.rf.1929ed54bf5a67301f44a3235e7c6999.jpg,oth,ves,2026-04-27T17:50:34.950Z
33,oth_vvel2_5978_jpg.rf.81930247ae3450667e779ce99ffae6e6.jpg,oth,vve,2026-04-27T17:50:38.984Z
34,top_NULL_0353_jpg.rf.8d9c33044b01adf899fd538e76d31d15.jpg,top,NUL,2026-04-27T17:50:43.016Z
35,top_amel1_1106_jpg.rf.266b96b36c4c6e1fe4391354b86f7d00.jpg,top,ame,2026-04-27T17:50:47.030Z
36,oth_vcra1_1835_jpg.rf.49360b95a1a0021244d1557f5fb168de.jpg,oth,vcr,2026-04-27T17:50:51.066Z
37,oth_amel2_5354_jpg.rf.d8a38fc5e4fc2787865e4d057be87af6.jpg,oth,ame,2026-04-27T17:50:55.074Z
38,oth_vvel1_1642_jpg.rf.d1d9c62eb82cf0fed9a891f4afb53ddb.jpg,oth,vve,2026-04-27T17:50:59.099Z
39,oth_vespsp2_3057_jpg.rf.451e57b37252867c3392139d357468f3.jpg,oth,ves,2026-04-27T17:51:03.130Z
40,sid_amel2_2483_jpg.rf.bbfb8f66439e654268454864d95bf122.jpg,sid,ame,2026-04-27T17:51:07.165Z
41,top_amel2_6382_jpg.rf.befac5fc9a6d6f19d394c578d7c8825a.jpg,top,ame,2026-04-27T17:51:11.207Z
42,top_vespsp2_1324_jpg.rf.9f3526ffde3405f8261ef62b5303332a.jpg,top,ves,2026-04-27T17:51:15.217Z
43,top_vcra2_1572_jpg.rf.873180f675911b65da332461a2ddd7d4.jpg,top,vcr,2026-04-27T17:51:19.250Z
44,top_vespsp2_3595_jpg.rf.54946e20e7c823ba6670531f6e397e68.jpg,top,ves,2026-04-27T17:51:23.267Z
45,top_vcra2_4981_jpg.rf.4a2280b28b8590e7ffde5e3a224d6434.jpg,top,vcr,2026-04-27T17:51:27.293Z
46,sid_vespsp2_1773_jpg.rf.acdfb1032d20f333933f1379efb2f7d7.jpg,sid,ves,2026-04-27T17:51:31.308Z
47,top_amel2_6507_jpg.rf.090c5a89085ac6282ec9b049f23961b2.jpg,top,ame,2026-04-27T17:51:35.341Z
48,oth_vvel2_1030_jpg.rf.50bf8416a0f974ad1d81fb7cc9068d08.jpg,oth,vve,2026-04-27T17:51:39.370Z
49,top_amel1_0617_jpg.rf.1e306b4979d6ee1e07a142aeba33b690.jpg,top,ame,2026-04-27T17:51:43.394Z
50,sid_amel1_2436_jpg.rf.2078a2d88b20a77fcd24604a5d089c1e.jpg,sid,ame,2026-04-27T17:51:47.417Z
51,top_vcra2_0592_jpg.rf.c8279c25e8c87779b27f2ea88b419173.jpg,top,vcr,2026-04-27T17:51:51.431Z
52,oth_amel2_3759_jpg.rf.e3e9ac5d6912a501ccae113822614306.jpg,oth,ame,2026-04-27T17:51:55.443Z
53,sid_vespsp2_1055_jpg.rf.a4d772cabae42b8e441c14431d8f4019.jpg,sid,ves,2026-04-27T17:51:59.471Z
54,top_amel2_3359_jpg.rf.9b20f628a7fdc99278d91bdcc25d0eef.jpg,top,ame,2026-04-27T17:52:03.498Z
55,oth_NULL_1590_jpg.rf.f0ab9a8f5ccbc924263ca37eab5586bd.jpg,oth,NUL,2026-04-27T17:52:07.526Z
56,oth_vcra1_0406_jpg.rf.f69de260a45a3cd9773eb897e0e8eb5e.jpg,oth,vcr,2026-04-27T17:52:11.555Z
57,sid_vespsp1_0502_jpg.rf.00d39cc7ebce84a997ab3ecf3f2edabf.jpg,sid,ves,2026-04-27T17:52:15.568Z
58,top_vvel2_0464_jpg.rf.2dd3eb315a558ac9b3fe4567360517a4.jpg,top,vve,2026-04-27T17:52:19.604Z
59,oth_vvel2_0060_jpg.rf.e4c73ba7828c17e38aa417146b17dd69.jpg,oth,vve,2026-04-27T17:52:23.616Z
60,sid_amel1_1815_jpg.rf.98375f470f95d58e5067b6a52a12be9b.jpg,sid,ame,2026-04-27T17:52:27.637Z
61,sid_vcra2_0083_jpg.rf.8aa2e60a91553eafd52e5f36494e5e2a.jpg,sid,vcr,2026-04-27T17:52:31.648Z
62,sid_vvel1_2275_jpg.rf.9935f4facb2f0b517539f91b6abf7e72.jpg,sid,vve,2026-04-27T17:52:35.674Z
63,top_vcra2_3243_jpg.rf.471b68ca048c1f0c9d39e95c07e528e8.jpg,top,vcr,2026-04-27T17:52:39.690Z
64,sid_amel2_4833_jpg.rf.d08e1df20ba60c3b08892a42af79d4ef.jpg,sid,ame,2026-04-27T17:52:43.697Z
65,oth_vespsp2_1469_jpg.rf.cdbc97ec5504453d290099f9b97b8c75.jpg,oth,ves,2026-04-27T17:52:47.729Z
66,sid_vcra2_5563_jpg.rf.fb2bad3355ba8cfc88b1268c8679ceee.jpg,sid,vcr,2026-04-27T17:52:51.738Z
67,top_amel1_2037_jpg.rf.b85dc62f31ec5c7a6f56da94c2a2f262.jpg,top,ame,2026-04-27T17:52:55.760Z
68,oth_amel1_1546_jpg.rf.6de31c982a7d34e7b9cdf52400722fc8.jpg,oth,ame,2026-04-27T17:52:59.782Z
69,oth_vespsp2_0465_jpg.rf.75bac31d920b3d74ece9b585110deb27.jpg,oth,ves,2026-04-27T17:53:03.817Z
70,top_amel2_4706_jpg.rf.a855f2a1e323503094150ea16840c8d0.jpg,top,ame,2026-04-27T17:53:07.832Z
71,top_NULL_0872_jpg.rf.f456a6f2be88b1aca4f5630add0c0bc7.jpg,top,NUL,2026-04-27T17:53:11.856Z
72,sid_vvel2_5289_jpg.rf.44cc13d6e0d76162908e2da5854f9323.jpg,sid,vve,2026-04-27T17:53:15.877Z
73,oth_vespsp2_0353_jpg.rf.517e9ec46296464d7a6f456b17355efc.jpg,oth,ves,2026-04-27T17:53:19.894Z
74,top_vvel2_1498_jpg.rf.68a79957ca037d46bcfc51f15e3b311d.jpg,top,vve,2026-04-27T17:53:23.908Z
75,oth_vvel1_1000_jpg.rf.5c020230e1a9bb08146797a7bff921bb.jpg,oth,vve,2026-04-27T17:53:27.929Z
76,top_vespsp2_0975_jpg.rf.6a188772eef6b2bf29db23339c29e06b.jpg,top,ves,2026-04-27T17:53:31.947Z
77,top_vcra2_5962_jpg.rf.7958c3485dc25bf2703527b6d1e35a9c.jpg,top,vcr,2026-04-27T17:53:35.967Z
78,top_vcra1_0051_jpg.rf.88201619136a2a594e7423dbb94bb572.jpg,top,vcr,2026-04-27T17:53:39.978Z
79,top_vcra2_0894_jpg.rf.d7295df20cf4994f682ba11d7c0921c4.jpg,top,vcr,2026-04-27T17:53:43.988Z
80,top_vcra2_1648_jpg.rf.cff8c54054fe31da6f8fc85a9c5e843b.jpg,top,vcr,2026-04-27T17:53:48.011Z
81,oth_vespsp2_4262_jpg.rf.654f83a1d4f009df07e996fdaf3ca167.jpg,oth,ves,2026-04-27T17:53:52.019Z
82,top_vespsp2_2995_jpg.rf.4eedda9155b3761ad7c2a31458fdf305.jpg,top,ves,2026-04-27T17:53:56.040Z
83,oth_vvel2_4040_jpg.rf.408c6c9cb338fe35b4639afde331d7ce.jpg,oth,vve,2026-04-27T17:54:00.045Z
84,oth_amel2_8968_jpg.rf.e4899431d2d0625f4c50471dda96a1f7.jpg,oth,ame,2026-04-27T17:54:04.063Z
85,sid_amel2_5882_jpg.rf.68be86445ba755828fc4c72f5fb7fedd.jpg,sid,ame,2026-04-27T17:54:08.081Z
86,oth_amel2_1181_jpg.rf.b159639b6ad04194e3aceb7b7126aafb.jpg,oth,ame,2026-04-27T17:54:12.097Z
87,top_vcra2_3239_jpg.rf.9f16acf1eb5986cdf2195e5ff74edca3.jpg,top,vcr,2026-04-27T17:54:16.106Z
88,top_amel2_4743_jpg.rf.f9ac5c7a02843c08c162e622f170eed7.jpg,top,ame,2026-04-27T17:54:20.117Z
89,sid_vcra1_1728_jpg.rf.c429e57c14ef1965e7d5e5c1f4ec469d.jpg,sid,vcr,2026-04-27T17:54:24.147Z
90,oth_vvel1_2572_jpg.rf.97cd91025e8f0724f9f8fb020f75be92.jpg,oth,vve,2026-04-27T17:54:28.176Z
91,top_vcra2_4220_jpg.rf.c9128a3ac62e44f27b054a21928c9e39.jpg,top,vcr,2026-04-27T17:54:32.207Z
92,top_vespsp2_5842_jpg.rf.3e6111636236159b11d52b15585bbdb0.jpg,top,ves,2026-04-27T17:54:36.219Z
93,top_vespsp2_5740_jpg.rf.e88a5e738089a3a8874177fca76a2a29.jpg,top,ves,2026-04-27T17:54:40.246Z
94,sid_amel2_8519_jpg.rf.bd9fce732ef096e134dbf2015fd004b4.jpg,sid,ame,2026-04-27T17:54:44.260Z
95,sid_amel2_1827_jpg.rf.2d191c93e632fdf5d6b6d899213d9616.jpg,sid,ame,2026-04-27T17:54:48.271Z
96,top_amel2_7062_jpg.rf.51e15ebd545b368f92dcdf4cbb42f1be.jpg,top,ame,2026-04-27T17:54:52.289Z
97,top_vvel2_0310_jpg.rf.357ad908d2f81b87ea71925fe6583cf6.jpg,top,vve,2026-04-27T17:54:56.301Z
98,sid_amel2_8480_jpg.rf.17cfddac54cf5cfa3dac6248ee45eedd.jpg,sid,ame,2026-04-27T17:55:00.314Z
99,oth_amel1_0782_jpg.rf.a89a46ef3965ec93a4878d8b418106fd.jpg,oth,ame,2026-04-27T17:55:04.324Z
100,sid_vvel1_1416_jpg.rf.b34a42cd44513a31e8b1624fcb1c35a7.jpg,sid,vve,2026-04-27T17:55:08.333Z
101,sid_vespsp2_5083_jpg.rf.ee849cb42aa0cd6661327ab6ce1a642d.jpg,sid,ves,2026-04-27T17:55:12.364Z
102,top_amel1_0456_jpg.rf.d3be1392ea3a385f13524e980b1876ea.jpg,top,ame,2026-04-27T17:55:16.379Z
103,top_vespsp2_2700_jpg.rf.90755a640cd2b22aa04173f87d9d6a49.jpg,top,ves,2026-04-27T17:55:20.390Z
104,top_vvel2_5859_jpg.rf.e3f80ebc3da180d4a480eb09ac49e1f3.jpg,top,vve,2026-04-27T17:55:24.419Z
105,top_NULL_0843_jpg.rf.62929cb4b4eb3742840f2c8d79a87323.jpg,top,NUL,2026-04-27T17:55:28.426Z
106,sid_vespsp2_3391_jpg.rf.f8a501a08474545228aa96a33aac880f.jpg,sid,ves,2026-04-27T17:55:32.436Z
107,oth_vvel2_1967_jpg.rf.cf408efebd90bbd94b281e586937f33d.jpg,oth,vve,2026-04-27T17:55:36.458Z
108,oth_amel1_1610_jpg.rf.772b485f885ed74ceb70c448834a4c35.jpg,oth,ame,2026-04-27T17:55:40.464Z
109,sid_vespsp1_0024_jpg.rf.c9e83bdd63f272e1c459cd7b96d1eed2.jpg,sid,ves,2026-04-27T17:55:44.478Z
110,top_vespsp2_0967_jpg.rf.c4b982c9606dc0dd9af08ca8eff4fe33.jpg,top,ves,2026-04-27T17:55:48.486Z
111,oth_vespsp2_1848_jpg.rf.ec574b1058c14ddd82de03f413011ca9.jpg,oth,ves,2026-04-27T17:55:52.508Z
112,top_vcra2_6048_jpg.rf.b043aa437cb523b7397b4cc4f2ec58a1.jpg,top,vcr,2026-04-27T17:55:56.531Z
113,oth_amel1_0702_jpg.rf.2dd393c6504a82b005a0d181d56e7c33.jpg,oth,ame,2026-04-27T17:56:00.556Z
114,top_vvel2_5949_jpg.rf.31928502f277678cd60100297b5ecf04.jpg,top,vve,2026-04-27T17:56:04.583Z
115,top_vespsp2_4926_jpg.rf.b8424fd38daac3b2369aee522e5b125e.jpg,top,ves,2026-04-27T17:56:08.591Z
116,oth_vvel2_6210_jpg.rf.520f0293de0fbaf08ec2791a35cd89b6.jpg,oth,vve,2026-04-27T17:56:12.601Z
117,top_vespsp2_1857_jpg.rf.f74fbeb80a32f0dbf404cefd0a3c5095.jpg,top,ves,2026-04-27T17:56:16.613Z
118,top_vvel2_1179_jpg.rf.7ca23447f37daeeffb5e9111d14e0fff.jpg,top,vve,2026-04-27T17:56:20.630Z
119,sid_vvel2_4547_jpg.rf.d4d0ea5ebad163453a57d1fbbf14a951.jpg,sid,vve,2026-04-27T17:56:24.664Z
120,oth_amel1_1349_jpg.rf.c03d28b2dd63f0cd05fd95a63000e48b.jpg,oth,ame,2026-04-27T17:56:28.709Z
121,sid_amel1_1458_jpg.rf.e2d9dbc32fab63347990fa7c9273f72a.jpg,sid,ame,2026-04-27T17:56:32.721Z
122,top_vcra1_0602_jpg.rf.8a82b12875a2e6a5d93935433588860b.jpg,top,vcr,2026-04-27T17:56:36.749Z
123,oth_amel2_6212_jpg.rf.2d04ad9be02a5d3de54c70b95d3dfc2e.jpg,oth,ame,2026-04-27T17:56:40.777Z
124,oth_vespsp1_1409_jpg.rf.34fec0515876eb5e15b77439f52afb7e.jpg,oth,ves,2026-04-27T17:56:44.797Z
125,sid_amel2_0183_jpg.rf.f502906f8f0edfe1c4d2050b69e45cab.jpg,sid,ame,2026-04-27T17:56:48.806Z
126,top_vespsp2_2950_jpg.rf.0c89f9cc0271280f3e7ada597c19dcac.jpg,top,ves,2026-04-27T17:56:52.813Z
127,sid_vcra1_0437_jpg.rf.ccd2c10d7dbc78e59b443fc71602be92.jpg,sid,vcr,2026-04-27T17:56:56.825Z
128,top_vespsp2_2980_jpg.rf.8c432d77581612e4f0f430f812e15065.jpg,top,ves,2026-04-27T17:57:00.842Z
129,top_vvel2_5345_jpg.rf.fe505a5c7b997ab12c5847d1b0919f23.jpg,top,vve,2026-04-27T17:57:04.850Z
130,top_NULL_0908_jpg.rf.e5c1eceb174c35a63ce8ae328fe9b9b1.jpg,top,NUL,2026-04-27T17:57:08.876Z
131,top_vvel1_0860_jpg.rf.67348bcb961f98e4c55d3baf5c0f3732.jpg,top,vve,2026-04-27T17:57:12.901Z
132,sid_vespsp2_3327_jpg.rf.51cdb139c4837a8b23c6ab35321bf581.jpg,sid,ves,2026-04-27T17:57:16.928Z
133,top_amel2_5053_jpg.rf.adc8bd421008dedfc25d2886ebbd706f.jpg,top,ame,2026-04-27T17:57:20.935Z
134,top_vcra1_1082_jpg.rf.3f3b96ed62726422bd5744d8644fe22f.jpg,top,vcr,2026-04-27T17:57:24.956Z
135,oth_vvel2_4806_jpg.rf.b4ddea816d52a1279f1bcc8ddd5ce43f.jpg,oth,vve,2026-04-27T17:57:28.983Z
136,sid_vcra2_4251_jpg.rf.e243cb7dae9e351321b17efa8f34781f.jpg,sid,vcr,2026-04-27T17:57:32.987Z
137,oth_amel2_3625_jpg.rf.e0e34124078b7a113aef678d8a1eae79.jpg,oth,ame,2026-04-27T17:57:36.992Z
138,top_vvel2_2268_jpg.rf.f79c70f86dc3aa7575d3ac40b2017006.jpg,top,vve,2026-04-27T17:57:40.999Z
139,top_vespsp2_2373_jpg.rf.274dfb5531d9cf2773b27ae88710f716.jpg,top,ves,2026-04-27T17:57:45.005Z
140,oth_vvel2_5352_jpg.rf.3111b8fb746b34d927353d667a628c4c.jpg,oth,vve,2026-04-27T17:57:49.034Z
141,top_vespsp2_4623_jpg.rf.560c029e6a5db5455f86c8e935c65178.jpg,top,ves,2026-04-27T17:57:53.044Z
142,oth_vvel1_2602_jpg.rf.0210cc0ef7f1d5e722a67491691f6e59.jpg,oth,vve,2026-04-27T17:57:57.085Z
143,top_vvel1_1550_jpg.rf.47cff2a89160872b31dd0f9fd2a87dc0.jpg,top,vve,2026-04-27T17:58:01.108Z
144,sid_amel2_6047_jpg.rf.1982fe1f2d6858d6fde14e61d32e812d.jpg,sid,ame,2026-04-27T17:58:05.120Z
145,top_vcra2_1464_jpg.rf.5b12712c64c32a47f932f3b2d612bcd3.jpg,top,vcr,2026-04-27T17:58:09.144Z
146,oth_vcra2_2530_jpg.rf.b08c6dca5189eb97c480aab6fd385fa5.jpg,oth,vcr,2026-04-27T17:58:13.172Z
147,oth_vvel2_4895_jpg.rf.008b4280d207b296ea665b67cae1227a.jpg,oth,vve,2026-04-27T17:58:17.203Z
148,sid_amel2_7790_jpg.rf.82c965c9d6700560aa0ae0aa3cd8d0a5.jpg,sid,ame,2026-04-27T17:58:21.223Z
149,oth_vespsp2_0194_jpg.rf.f3fa00ea84b0316e9b7f5f670c0ee953.jpg,oth,ves,2026-04-27T17:58:25.242Z
150,top_amel2_0279_jpg.rf.0a6b2640f008d573c2b156e32fbfe0ec.jpg,top,ame,2026-04-27T17:58:29.247Z
151,sid_amel2_7434_jpg.rf.8d567b3815813c57acf7683e98865d12.jpg,sid,ame,2026-04-27T17:58:33.276Z
152,sid_amel2_7064_jpg.rf.f7d87437ea85b6716707da6897e99597.jpg,sid,ame,2026-04-27T17:58:37.287Z
153,top_vcra2_4915_jpg.rf.bb3f572efec02d16d48dd746e59d636f.jpg,top,vcr,2026-04-27T17:58:41.307Z
154,sid_vvel2_0160_jpg.rf.7c094d46d8f5ca285eb9cec96195296c.jpg,sid,vve,2026-04-27T17:58:45.324Z
155,sid_vvel2_0193_jpg.rf.a50673486a63bd9748088f7d443c5cb9.jpg,sid,vve,2026-04-27T17:58:49.350Z
156,top_NULL_0293_jpg.rf.0b39ade101d0d800a0963b349d042dcd.jpg,top,NUL,2026-04-27T17:58:53.367Z
157,top_vvel2_1367_jpg.rf.8423a97bbd7e1b8b2c2190285f9f91a4.jpg,top,vve,2026-04-27T17:58:57.376Z
158,oth_vespsp1_1576_jpg.rf.9b7c9229fc614825a105239950518c49.jpg,oth,ves,2026-04-27T17:59:01.409Z
159,sid_amel2_1992_jpg.rf.cf8f0c60fd32817d1cb36c891113c499.jpg,sid,ame,2026-04-27T17:59:05.424Z
160,top_vvel1_0745_jpg.rf.bc071cca94611ff789993811708c69bc.jpg,top,vve,2026-04-27T17:59:09.435Z
161,oth_vvel1_1411_jpg.rf.2108d5965422840d9deb0ea6dbe4515e.jpg,oth,vve,2026-04-27T17:59:13.468Z
162,oth_amel1_1261_jpg.rf.23761262d09b507278a95fa9bd9b0d91.jpg,oth,ame,2026-04-27T17:59:17.495Z
163,top_vcra2_0848_jpg.rf.236e8ad3814d6e7997144e78f8af7a4d.jpg,top,vcr,2026-04-27T17:59:21.503Z
164,sid_vespsp1_0869_jpg.rf.da5a780194dec3942c569e89e316f680.jpg,sid,ves,2026-04-27T17:59:25.530Z
165,top_vvel2_3756_jpg.rf.ec5271b2f58b3a7be0d82851ac6f57f5.jpg,top,vve,2026-04-27T17:59:29.561Z
166,top_vcra2_4765_jpg.rf.43c950dbb5ed169a21b35626ac080468.jpg,top,vcr,2026-04-27T17:59:33.596Z
167,oth_amel2_0791_jpg.rf.0aafef4091ca3eab68d3de3fc6d3fcaa.jpg,oth,ame,2026-04-27T17:59:37.629Z
168,oth_NULL_0994_jpg.rf.5491ed2d69aa6ce44d84159b4bc18a32.jpg,oth,NUL,2026-04-27T17:59:41.660Z
169,top_vcra2_1058_jpg.rf.3301589d00a20b39c8b0e49d43179c72.jpg,top,vcr,2026-04-27T17:59:45.671Z
170,top_vvel1_1321_jpg.rf.db0562a56d65aa9ece845c85b66446c2.jpg,top,vve,2026-04-27T17:59:49.682Z
171,top_vcra1_1482_jpg.rf.82fbed067c77a4f8021677f8d8d269ec.jpg,top,vcr,2026-04-27T17:59:53.700Z
172,sid_amel2_5446_jpg.rf.fab1fcc546ae419c2400ced998f31ae7.jpg,sid,ame,2026-04-27T17:59:57.735Z
173,top_vvel2_1578_jpg.rf.c189acc45eca8527350ea97e3b35a94f.jpg,top,vve,2026-04-27T18:00:01.768Z
174,top_vespsp1_1771_jpg.rf.33d4f6b3e61cc4dd3a42e3799087eb63.jpg,top,ves,2026-04-27T18:00:05.778Z
175,oth_vvel1_2005_jpg.rf.e4247e942cf280e422c88b364c33fe9e.jpg,oth,vve,2026-04-27T18:00:09.791Z
176,top_vcra2_5249_jpg.rf.3bf1369fa6714a4fb6a0ba906fcae346.jpg,top,vcr,2026-04-27T18:00:13.805Z
177,top_vcra1_0786_jpg.rf.96e07f3dd40f8a20ac5177bf48600893.jpg,top,vcr,2026-04-27T18:00:17.837Z
178,top_vespsp2_4659_jpg.rf.e9b98d36d00ec7447ec4287e5e13bea3.jpg,top,ves,2026-04-27T18:00:21.851Z
179,oth_amel2_5819_jpg.rf.c95f421411caa7b1fbd802ec474b2cd0.jpg,oth,ame,2026-04-27T18:00:25.865Z
180,sid_NULL_1600_jpg.rf.3ca07886e66987e79f9dc41c859031d9.jpg,sid,NUL,2026-04-27T18:00:29.880Z
181,sid_amel2_2174_jpg.rf.517d1065024362f67e497f3dc527cf25.jpg,sid,ame,2026-04-27T18:00:33.899Z
182,top_vcra2_3914_jpg.rf.4b0fcd8e4b1aa06f649adea7be64447c.jpg,top,vcr,2026-04-27T18:00:37.911Z
183,top_amel2_2896_jpg.rf.6983483f791433ea608a24cc1a654e42.jpg,top,ame,2026-04-27T18:00:41.931Z
184,top_vcra2_5461_jpg.rf.871029a9b3ba1053473d6275169b8251.jpg,top,vcr,2026-04-27T18:00:45.949Z
185,sid_vespsp1_1235_jpg.rf.8820d1eeae626ce63cdb2e466500aaab.jpg,sid,ves,2026-04-27T18:00:49.986Z
186,oth_vvel2_4584_jpg.rf.91cd4d5371c5fd18239a197880df8368.jpg,oth,vve,2026-04-27T18:00:54.011Z
187,top_vvel1_1806_jpg.rf.24953a72d0dabb94907ef800392f18c5.jpg,top,vve,2026-04-27T18:00:58.027Z
188,sid_vespsp2_5485_jpg.rf.e29e84b92a197a5e23d798248f356f68.jpg,sid,ves,2026-04-27T18:01:02.041Z
189,top_vespsp2_2329_jpg.rf.1de5e8239d960ab2dee599096cdc3411.jpg,top,ves,2026-04-27T18:01:06.074Z
190,top_vespsp2_5868_jpg.rf.0a703f85037eb966957ef574c9eba5dd.jpg,top,ves,2026-04-27T18:01:10.096Z
191,top_vespsp2_1765_jpg.rf.f47bc633f839c344072aaaffd59560ed.jpg,top,ves,2026-04-27T18:01:14.104Z
192,top_amel2_1510_jpg.rf.1e6a1a54cd6702b9842f777948a1dd18.jpg,top,ame,2026-04-27T18:01:18.114Z
193,oth_vespsp1_0298_jpg.rf.24677fb15b1ef9aa9edd593026b9328a.jpg,oth,ves,2026-04-27T18:01:22.123Z
194,top_vcra2_4755_jpg.rf.370d0adb05a320668262584100c6cb65.jpg,top,vcr,2026-04-27T18:01:26.132Z
195,top_amel2_5391_jpg.rf.92e8f7ee833ac2504e0f4280e1302a0d.jpg,top,ame,2026-04-27T18:01:30.139Z
196,top_amel1_2410_jpg.rf.bad4ebb3dced8e92c5c8cf6f4cc6a48d.jpg,top,ame,2026-04-27T18:01:34.147Z
197,top_amel2_6898_jpg.rf.661317a1d27a128ea1be533a6c9634c3.jpg,top,ame,2026-04-27T18:01:38.156Z
198,oth_vcra1_1751_jpg.rf.04ccb8622c3acf807551b524c815862f.jpg,oth,vcr,2026-04-27T18:01:42.165Z
199,top_vvel2_5773_jpg.rf.fe39272a856fada45c9e9db78c2d5b27.jpg,top,vve,2026-04-27T18:01:46.193Z
200,sid_amel1_2235_jpg.rf.b6200c55250c49b5bb9a00ea993aa80e.jpg,sid,ame,2026-04-27T18:01:50.220Z
201,sid_vespsp1_0275_jpg.rf.d35e98875e70e2e67afdb2f2732dc316.jpg,sid,ves,2026-04-27T18:01:54.230Z
202,top_vcra2_4674_jpg.rf.f827cab150c4c4b8c760cdde42854c5d.jpg,top,vcr,2026-04-27T18:01:58.239Z
203,top_vcra2_0800_jpg.rf.08aa00f2aa0b00d5a43354ae9b79af55.jpg,top,vcr,2026-04-27T18:02:02.249Z
204,sid_vvel2_2353_jpg.rf.07cc9434ceacb72d043a79da489ea33c.jpg,sid,vve,2026-04-27T18:02:06.283Z
205,top_vvel2_2302_jpg.rf.b5ef25a356f101d2617e2e2485938a63.jpg,top,vve,2026-04-27T18:02:10.315Z
206,top_vcra2_5953_jpg.rf.396f1fb7aad744cc9ee4852dcfd98c7c.jpg,top,vcr,2026-04-27T18:02:14.329Z
207,oth_amel2_0362_jpg.rf.d6c67af17a787bcf8f0e58cf36b43d25.jpg,oth,ame,2026-04-27T18:02:18.362Z
208,sid_amel1_2466_jpg.rf.e13bf1bc923a51dd66f006f12519356b.jpg,sid,ame,2026-04-27T18:02:22.370Z
209,sid_vvel1_0836_jpg.rf.f5d56b8633338b37a1a276e782944c4a.jpg,sid,vve,2026-04-27T18:02:26.393Z
210,oth_amel2_1568_jpg.rf.f15d2be08ab73d329495ffdbc6368150.jpg,oth,ame,2026-04-27T18:02:30.420Z
211,oth_amel2_1419_jpg.rf.3fb27c217fc1ea78d0ef140b33dd32cb.jpg,oth,ame,2026-04-27T18:02:34.450Z
212,sid_amel2_6635_jpg.rf.1d08032ea8d7166a2ecb57117d79999d.jpg,sid,ame,2026-04-27T18:02:38.468Z
213,top_vvel2_1217_jpg.rf.13a97f887795d7e5c8d5fae5e735f896.jpg,top,vve,2026-04-27T18:02:42.478Z
214,oth_amel1_2291_jpg.rf.c10085c7da1fb5132f0741f974a2a991.jpg,oth,ame,2026-04-27T18:02:46.483Z
215,oth_vespsp2_0045_jpg.rf.30b6673629190ec5b25c4d9f056b272b.jpg,oth,ves,2026-04-27T18:02:50.491Z
216,top_vcra2_0981_jpg.rf.6c8949a865bcf249c353c20a48d1f766.jpg,top,vcr,2026-04-27T18:02:54.520Z
217,top_NULL_0158_jpg.rf.33847b4506179351a95f349224e65d9d.jpg,top,NUL,2026-04-27T18:02:58.529Z
218,top_NULL_0959_jpg.rf.683180f1e383390bcfa70fd6233e4fd3.jpg,top,NUL,2026-04-27T18:03:02.540Z
219,oth_vvel2_0640_jpg.rf.587be184ac9bacd05620269fdb00569f.jpg,oth,vve,2026-04-27T18:03:06.561Z
220,top_vcra2_5454_jpg.rf.f1bf857e36bdc92a68c6dd202130902a.jpg,top,vcr,2026-04-27T18:03:10.571Z
221,oth_amel1_0143_jpg.rf.28b70a35af0801a729978fe982e3d2f4.jpg,oth,ame,2026-04-27T18:03:14.587Z
222,top_vespsp1_0882_jpg.rf.b80cd6b4fe6fed224f2ac932bd2f5ae6.jpg,top,ves,2026-04-27T18:03:18.604Z
223,oth_vvel1_1126_jpg.rf.af615dac6decea49f87d2dea57dd18ba.jpg,oth,vve,2026-04-27T18:03:22.637Z
224,sid_vcra1_0363_jpg.rf.5e0a04a62469f13a9d009b6546490693.jpg,sid,vcr,2026-04-27T18:03:26.648Z
225,top_amel2_7589_jpg.rf.b7878d5d0c8e7f474565f697c0f42a1c.jpg,top,ame,2026-04-27T18:03:30.674Z
226,top_vcra2_4519_jpg.rf.ae243e4728ee9666afddce32c7c7dc80.jpg,top,vcr,2026-04-27T18:03:34.701Z
227,sid_vvel2_4215_jpg.rf.639869da6d5c52feea359e960b4751e8.jpg,sid,vve,2026-04-27T18:03:38.718Z
228,top_vvel2_4428_jpg.rf.6935a11e8275681588308f85707f69c3.jpg,top,vve,2026-04-27T18:03:42.725Z
229,oth_vcra1_1247_jpg.rf.117af6bfc11c6bbc7d72d401872ac9a8.jpg,oth,vcr,2026-04-27T18:03:46.744Z
230,top_amel2_7465_jpg.rf.a38194ecae71a07c987c052da8381610.jpg,top,ame,2026-04-27T18:03:50.775Z
231,oth_vvel2_1842_jpg.rf.140bdd50cb4cbc33597701f82912a69e.jpg,oth,vve,2026-04-27T18:03:54.803Z
232,oth_vcra1_0637_jpg.rf.18b98fd2db01b00fa03b52d3cdf62e07.jpg,oth,vcr,2026-04-27T18:03:58.819Z
233,oth_vcra2_2986_jpg.rf.a3215b8242896cfe6bb31b859d77e6fc.jpg,oth,vcr,2026-04-27T18:04:02.833Z
234,sid_vcra1_1208_jpg.rf.7c8af001959b2f6bec7fbc5e658316e3.jpg,sid,vcr,2026-04-27T18:04:06.838Z
235,top_amel2_5483_jpg.rf.318cb45abd81ea8d57c2ea89f99933b7.jpg,top,ame,2026-04-27T18:04:10.860Z
236,sid_vcra2_4108_jpg.rf.3f7f9c1e91a62c5e1e2bdde72581a675.jpg,sid,vcr,2026-04-27T18:04:14.886Z
237,top_amel1_0077_jpg.rf.3576c80f3b9493d5c47abff5e76b9750.jpg,top,ame,2026-04-27T18:04:18.890Z
238,oth_vespsp2_4641_jpg.rf.3ff452706110de72d4f51721226a9279.jpg,oth,ves,2026-04-27T18:04:22.916Z
239,sid_vcra2_1740_jpg.rf.cf6bb72b6a4cc17c820b7d9296d6664b.jpg,sid,vcr,2026-04-27T18:04:26.933Z
240,top_amel1_2081_jpg.rf.49ce636094d5e46c8497855d2c94b36c.jpg,top,ame,2026-04-27T18:04:30.943Z
241,oth_amel2_4035_jpg.rf.3948747a5d45b347543f8832ccd783ff.jpg,oth,ame,2026-04-27T18:04:34.957Z
242,top_amel2_4320_jpg.rf.04a3640f8ea91748a1ff85843f138b02.jpg,top,ame,2026-04-27T18:04:38.962Z
243,sid_amel2_0884_jpg.rf.9612f4acdb7105d58fc28766bac393c2.jpg,sid,ame,2026-04-27T18:04:42.967Z
244,oth_vcra1_2161_jpg.rf.d6373f248d214da16255e955aec3bb04.jpg,oth,vcr,2026-04-27T18:04:46.974Z
245,top_vcra2_0584_jpg.rf.40fe342e03a6987b2f0b01dc19d3d3ab.jpg,top,vcr,2026-04-27T18:04:51.005Z
246,top_vcra1_1715_jpg.rf.c325d65b50b77a2a677e0ab225be605d.jpg,top,vcr,2026-04-27T18:04:55.009Z
247,oth_vespsp2_0965_jpg.rf.b73370b100d3497ee30d671cbf95456d.jpg,oth,ves,2026-04-27T18:04:59.020Z
248,top_amel2_7444_jpg.rf.5bf2bfac54df5f220c8d04e6e1d7932c.jpg,top,ame,2026-04-27T18:05:03.046Z
249,top_amel1_2376_jpg.rf.fef4c6aac69d96b5a08ba14914024f5d.jpg,top,ame,2026-04-27T18:05:07.051Z
250,sid_vvel1_0332_jpg.rf.7d7822eec97fd40492a80dc5e98c9471.jpg,sid,vve,2026-04-27T18:05:11.057Z
251,top_amel2_6492_jpg.rf.fcce79cf4540c3c7b850cfe2c2829b6b.jpg,top,ame,2026-04-27T18:05:15.085Z
252,oth_NULL_0630_jpg.rf.c356a87e5de2735e6080aceff1aae5e3.jpg,oth,NUL,2026-04-27T18:05:19.114Z
253,top_vespsp2_2836_jpg.rf.75a9b9b47c1626c4071a9857d7803079.jpg,top,ves,2026-04-27T18:05:23.143Z
254,top_vespsp2_3617_jpg.rf.9b33ead1ef37d99e406a9bc60e079a73.jpg,top,ves,2026-04-27T18:05:27.174Z
255,top_vvel2_2720_jpg.rf.07fe7fe8424847c8a7198dfc4ae35d5f.jpg,top,vve,2026-04-27T18:05:31.187Z
256,top_vespsp2_3817_jpg.rf.77f3cbd3821bfe80ace89b9fb029fcc5.jpg,top,ves,2026-04-27T18:05:35.220Z
257,top_vvel2_6251_jpg.rf.d878e7198c09c918b92383b82ed09465.jpg,top,vve,2026-04-27T18:05:39.252Z
258,top_vvel1_2136_jpg.rf.c23113ad6c6bfa74538e736881d48c08.jpg,top,vve,2026-04-27T18:05:43.265Z
259,top_vespsp2_0778_jpg.rf.8456f229b6db3805b58e9a6c001d33a0.jpg,top,ves,2026-04-27T18:05:47.275Z
260,oth_vespsp1_1240_jpg.rf.faf7b38b1df4e2d1e12d03c9d17986af.jpg,oth,ves,2026-04-27T18:05:51.305Z
261,oth_amel1_0209_jpg.rf.dd8368c621da13b6cf566d3da582dac7.jpg,oth,ame,2026-04-27T18:05:55.336Z
262,sid_amel2_0872_jpg.rf.a85f11708d034ca33d6bdc7f483a8028.jpg,sid,ame,2026-04-27T18:05:59.364Z
263,top_amel2_4852_jpg.rf.644a65e51ad74d8d066d557d869ddedc.jpg,top,ame,2026-04-27T18:06:03.397Z
264,sid_vvel2_1434_jpg.rf.0493e80a5c39efa9b6689975bf6cb716.jpg,sid,vve,2026-04-27T18:06:07.403Z
265,sid_vvel2_3209_jpg.rf.861af0a45b1971ce98f7241e7f46dd6e.jpg,sid,vve,2026-04-27T18:06:11.430Z
266,oth_amel2_6609_jpg.rf.9e3f9232d2aaca3c148be4f8ecdb5c47.jpg,oth,ame,2026-04-27T18:06:15.439Z
267,top_vvel1_2239_jpg.rf.00f0ee56400047eef28cd39a429297ba.jpg,top,vve,2026-04-27T18:06:19.471Z
268,top_vvel1_2379_jpg.rf.b252f6c633e409b15beeda3d202245b3.jpg,top,vve,2026-04-27T18:06:23.479Z
269,oth_vespsp2_5519_jpg.rf.92c39355560fb77d264d97d504ef5288.jpg,oth,ves,2026-04-27T18:06:27.520Z
270,oth_vespsp1_0677_jpg.rf.ca2806a266f23c8cb52083aebe66d959.jpg,oth,ves,2026-04-27T18:06:31.523Z
271,oth_amel2_3014_jpg.rf.da7c58897b51d8e7a2f82def64723041.jpg,oth,ame,2026-04-27T18:06:35.554Z
272,oth_vcra2_0094_jpg.rf.a877e1cfd3b1ab32aa98a3ff227479ce.jpg,oth,vcr,2026-04-27T18:06:39.587Z
273,top_amel2_8849_jpg.rf.28dcc45dcc62754a3daddd93c654bb76.jpg,top,ame,2026-04-27T18:06:43.620Z
274,top_vcra1_1626_jpg.rf.032ed5b9ffdb08e7c0f88d3e05721802.jpg,top,vcr,2026-04-27T18:06:47.637Z
275,oth_vespsp2_2282_jpg.rf.b70d2e700699db18217636d22c65ce51.jpg,oth,ves,2026-04-27T18:06:51.666Z
276,top_vcra2_5463_jpg.rf.791e948d23ed14220ed8d4b9293d4958.jpg,top,vcr,2026-04-27T18:06:55.688Z
277,top_vespsp2_3453_jpg.rf.ffef281435e27997d94abbc52d285cbc.jpg,top,ves,2026-04-27T18:06:59.720Z
278,sid_vvel2_5562_jpg.rf.31eaec29094a15a99c5a74436d1d41bd.jpg,sid,vve,2026-04-27T18:07:03.756Z
279,top_amel1_0880_jpg.rf.f287e25346644c03ee63b95a66632b99.jpg,top,ame,2026-04-27T18:07:07.766Z
280,sid_amel2_2589_jpg.rf.b6cd604f3dac65dd54b2b2e0e2cfbc02.jpg,sid,ame,2026-04-27T18:07:11.775Z
281,top_vcra2_3162_jpg.rf.0750634e21473f7c7a37288e9543ff1b.jpg,top,vcr,2026-04-27T18:07:15.784Z
282,sid_amel2_0136_jpg.rf.779a53c0f4ab9f42f4c8c8e2263fa86f.jpg,sid,ame,2026-04-27T18:07:19.815Z
283,top_vvel2_5257_jpg.rf.be9508d8e558f06b92c873b5fab31787.jpg,top,vve,2026-04-27T18:07:23.823Z
284,top_vespsp2_5781_jpg.rf.ce45102d09bcd89b8529a0cb5a42a47f.jpg,top,ves,2026-04-27T18:07:27.849Z
285,oth_vespsp2_3457_jpg.rf.4b5a634d59d8d3657a892ff77c40fccd.jpg,oth,ves,2026-04-27T18:07:31.880Z
286,top_amel2_4342_jpg.rf.05ed29a383a30b8526ea4c4cec83957a.jpg,top,ame,2026-04-27T18:07:35.907Z
287,sid_vvel2_5287_jpg.rf.4c54f00f7d13e9850a7dd3566f0686f2.jpg,sid,vve,2026-04-27T18:07:39.926Z
288,top_vcra1_0645_jpg.rf.f031f620a1780d31c61b83791bcda229.jpg,top,vcr,2026-04-27T18:07:43.946Z
289,top_vcra2_4903_jpg.rf.7b1540439e49702b0a279c3ab0fa6c59.jpg,top,vcr,2026-04-27T18:07:47.956Z
290,top_vvel2_6285_jpg.rf.948fe7d614db3bdfab019885135bc3f6.jpg,top,vve,2026-04-27T18:07:51.973Z
291,top_vcra2_4778_jpg.rf.073c450b4b9c8953f5f7c329dbe5b657.jpg,top,vcr,2026-04-27T18:07:55.989Z
292,oth_vvel2_6073_jpg.rf.fa0bc634093021d6173c59738efd6ae0.jpg,oth,vve,2026-04-27T18:07:59.996Z
293,oth_amel2_8100_jpg.rf.058c56bb31c4efccf81c2e10e8ac1ff5.jpg,oth,ame,2026-04-27T18:08:04.023Z
294,sid_amel2_4379_jpg.rf.b88b55529dd01f289013ab6fd4d8239a.jpg,sid,ame,2026-04-27T18:08:08.037Z
295,top_NULL_0015_jpg.rf.a604ee1549684da27fb8101692d29fce.jpg,top,NUL,2026-04-27T18:08:12.046Z
296,sid_vcra2_2301_jpg.rf.68b3a64c3e6d1da59ffb1ccfae56c5ed.jpg,sid,vcr,2026-04-27T18:08:16.061Z
297,top_vvel2_3999_jpg.rf.19a667dc230a2b0a53169832aa1b2818.jpg,top,vve,2026-04-27T18:08:20.075Z
298,sid_amel1_0501_jpg.rf.9b8b53deb5a69ab7c97baed0cc653660.jpg,sid,ame,2026-04-27T18:08:24.086Z
299,oth_amel2_4274_jpg.rf.f0aa08b9a255f8304f28df1401014633.jpg,oth,ame,2026-04-27T18:08:28.099Z
300,sid_vcra2_5638_jpg.rf.3342caf941afe6b51bfaf110e771dcfe.jpg,sid,vcr,2026-04-27T18:08:32.111Z
301,top_vvel2_0673_jpg.rf.a4029a2f6374bfa0e303c52ce21b49d6.jpg,top,vve,2026-04-27T18:08:36.145Z
302,top_vcra2_4671_jpg.rf.626e1ce83bcca63913c979c09a582b91.jpg,top,vcr,2026-04-27T18:08:40.164Z
303,sid_amel2_4602_jpg.rf.985dd364c065ab4ed65f924f182a652f.jpg,sid,ame,2026-04-27T18:08:44.180Z
304,top_vespsp2_2289_jpg.rf.0c8717c66c0cd7bfa9c8fab32b94cd92.jpg,top,ves,2026-04-27T18:08:48.190Z
305,top_amel2_4455_jpg.rf.a36cafa521beac9daadaedd36eea75c8.jpg,top,ame,2026-04-27T18:08:52.219Z
306,top_vespsp2_1745_jpg.rf.acbd792376a62a30d11db1eeecd2442c.jpg,top,ves,2026-04-27T18:08:56.227Z
307,top_vvel2_5675_jpg.rf.fc15e1acf5b8ae6c171ac3faac78f831.jpg,top,vve,2026-04-27T18:09:00.255Z
308,top_vcra2_3027_jpg.rf.bfe328b68e294509454cec535d2e05ec.jpg,top,vcr,2026-04-27T18:09:04.264Z
309,oth_vvel1_2113_jpg.rf.ccaf77babcaf195f4b4177d58f16f019.jpg,oth,vve,2026-04-27T18:09:08.293Z
310,oth_amel2_8902_jpg.rf.1059a80475934994a79fac07666bb7af.jpg,oth,ame,2026-04-27T18:09:12.299Z
311,sid_amel2_3553_jpg.rf.bcbf6da836bc9d2b69e0abac6f497ae5.jpg,sid,ame,2026-04-27T18:09:16.310Z
312,oth_vvel2_6019_jpg.rf.7f20b4ab9de25149eb64634fd3a17d3e.jpg,oth,vve,2026-04-27T18:09:20.326Z
313,sid_vespsp2_5457_jpg.rf.0a7b35092c5f227d9e55dfe3cdda4b26.jpg,sid,ves,2026-04-27T18:09:24.333Z
314,sid_vvel1_1485_jpg.rf.277265744818c5775b09d49b2d7758c8.jpg,sid,vve,2026-04-27T18:09:28.348Z
315,oth_vvel1_1394_jpg.rf.85daaf87ab310f36cdc6c5a8463af8e2.jpg,oth,vve,2026-04-27T18:09:32.373Z
316,sid_vvel1_0621_jpg.rf.0014804cea9a35f93ffac4ceebe07fb2.jpg,sid,vve,2026-04-27T18:09:36.382Z
317,top_amel2_3618_jpg.rf.c8b31777d2bab0c26bccb4d2ea7bc7e9.jpg,top,ame,2026-04-27T18:09:40.399Z
318,top_vvel1_2101_jpg.rf.13530ce12c8f42cd9691650929a98947.jpg,top,vve,2026-04-27T18:09:44.413Z
319,top_vvel1_0953_jpg.rf.5de85f3ca4bb7e944e9764a7968c0bdb.jpg,top,vve,2026-04-27T18:09:48.435Z
320,oth_vcra2_3222_jpg.rf.ae1b34f14766ec7d562f9e8283a3eff5.jpg,oth,vcr,2026-04-27T18:09:52.444Z
321,top_vvel2_2329_jpg.rf.7000119b196a3f2c3eac4a8521726280.jpg,top,vve,2026-04-27T18:09:56.450Z
322,top_vespsp2_4508_jpg.rf.80a60263cff46441b28a65234a060c24.jpg,top,ves,2026-04-27T18:10:00.483Z
323,sid_amel2_7468_jpg.rf.da506371c6f565e03fe9a5c58b0ad0f6.jpg,sid,ame,2026-04-27T18:10:04.496Z
324,sid_amel1_0438_jpg.rf.0d0e7d36d4d46c0da80f741cc973b1d7.jpg,sid,ame,2026-04-27T18:10:08.513Z
325,oth_amel2_2929_jpg.rf.2b728c5a9586cd3eada56bb41654070d.jpg,oth,ame,2026-04-27T18:10:12.521Z
326,oth_amel2_8880_jpg.rf.0ce12c0b6a717d6f7222c233fd7c4c98.jpg,oth,ame,2026-04-27T18:10:16.527Z
327,oth_vvel2_2911_jpg.rf.523936d873d6232190261ddd6d5ccfc9.jpg,oth,vve,2026-04-27T18:10:20.558Z
328,top_vcra2_5094_jpg.rf.3348fe4e05e8e10ddcdacb476eb37e81.jpg,top,vcr,2026-04-27T18:10:24.586Z
329,sid_vvel1_0620_jpg.rf.603f15e7b590513132a46bd8a5bc60cf.jpg,sid,vve,2026-04-27T18:10:28.606Z
330,top_vespsp2_1801_jpg.rf.7cee1d3f3d7aacaf1c3c3eb7e4e7c9e4.jpg,top,ves,2026-04-27T18:10:32.624Z
331,top_vespsp2_2472_jpg.rf.82b9ad2d65d10b35bf357dec3b902172.jpg,top,ves,2026-04-27T18:10:36.636Z
332,sid_amel2_8391_jpg.rf.7afa1a2173487557689f771bf847ab2e.jpg,sid,ame,2026-04-27T18:10:40.646Z
333,top_vcra2_4503_jpg.rf.16d674467ff7b41eaa68387b83857d66.jpg,top,vcr,2026-04-27T18:10:44.653Z
334,oth_vcra1_0783_jpg.rf.25a40f67c3ee1cc4b12e3136e0df19df.jpg,oth,vcr,2026-04-27T18:10:49.023Z
335,sid_vvel2_0751_jpg.rf.4bcfb9e5245e27fea4478cab0e971eb3.jpg,sid,vve,2026-04-27T18:10:53.030Z
336,oth_vespsp2_0200_jpg.rf.2cfe1ca5f72b2a4865c2d35b47bd320c.jpg,oth,ves,2026-04-27T18:10:57.034Z
337,top_vcra2_3116_jpg.rf.823936e9793cb03618bbd6b70539a2f1.jpg,top,vcr,2026-04-27T18:11:01.063Z
338,top_amel2_4369_jpg.rf.453c1b2ec323b8cd0884dfa15c91c668.jpg,top,ame,2026-04-27T18:11:05.096Z
339,oth_amel2_2778_jpg.rf.df9099f1ec28aa1837063cf74a85e413.jpg,oth,ame,2026-04-27T18:11:09.126Z
340,sid_amel2_2898_jpg.rf.28b56230be34f2596fdd76c9b327b47d.jpg,sid,ame,2026-04-27T18:11:13.156Z
341,top_vespsp1_2314_jpg.rf.55e9c79794e83a6df37963266d1245fa.jpg,top,ves,2026-04-27T18:11:17.183Z
342,sid_vespsp2_2362_jpg.rf.bace50e6ad165d522297adb3fc01d876.jpg,sid,ves,2026-04-27T18:11:21.215Z
343,sid_vespsp2_6361_jpg.rf.783f1295d5facfc1482600477293ad3e.jpg,sid,ves,2026-04-27T18:11:25.231Z
344,oth_vcra2_2697_jpg.rf.3314ed4ee8d9d5024bbbb7d0bbbd6e94.jpg,oth,vcr,2026-04-27T18:11:29.254Z
345,sid_vvel2_1225_jpg.rf.91a7e86c5376f8db01ad15fe8b971f90.jpg,sid,vve,2026-04-27T18:11:33.280Z
346,top_vvel2_3206_jpg.rf.e7ca779484032acb2f23fb58f5e40885.jpg,top,vve,2026-04-27T18:11:37.306Z
347,top_vvel2_5020_jpg.rf.9a37cc4afd18c3c6d0d2167967b2717a.jpg,top,vve,2026-04-27T18:11:41.317Z
348,sid_vespsp2_0430_jpg.rf.17d89bc65d821057955d98a7f1967231.jpg,sid,ves,2026-04-27T18:11:45.340Z
349,oth_vvel2_6217_jpg.rf.07f40a5af2e8beeee12b3181585bd999.jpg,oth,vve,2026-04-27T18:11:49.372Z
350,oth_vespsp2_6041_jpg.rf.1df712275c00ad595f4007cdca604cb1.jpg,oth,ves,2026-04-27T18:11:53.400Z
351,top_vvel2_0088_jpg.rf.2b0a13f23f692345922353b732769c89.jpg,top,vve,2026-04-27T18:11:57.434Z
352,sid_vespsp2_1679_jpg.rf.5874a74c2aa16875fbe8a31a2337bbcc.jpg,sid,ves,2026-04-27T18:12:01.461Z
353,top_vvel2_4177_jpg.rf.73110402d97901327f23e48857450068.jpg,top,vve,2026-04-27T18:12:05.470Z
354,oth_vvel1_1039_jpg.rf.72a145494eea9811b86090cc59bbce0f.jpg,oth,vve,2026-04-27T18:12:09.480Z
355,oth_NULL_1759_jpg.rf.86e8c179458ca2e08d8f5a41d8b760e7.jpg,oth,NUL,2026-04-27T18:12:13.488Z
356,sid_amel2_5641_jpg.rf.ce68a0f96913e9cc655958bbf6487b6e.jpg,sid,ame,2026-04-27T18:12:17.515Z
357,top_vcra2_5577_jpg.rf.ee45adc444bd88bfefb653f0aa061598.jpg,top,vcr,2026-04-27T18:12:21.523Z
358,top_amel2_2466_jpg.rf.4f523637b86f39000b9e4cf046de88b7.jpg,top,ame,2026-04-27T18:12:25.560Z
359,sid_NULL_0018_jpg.rf.6bb7611b96dda211e5425ca727ffcc28.jpg,sid,NUL,2026-04-27T18:12:29.569Z
360,top_NULL_1539_jpg.rf.d386180a1174631c5cb8b8030c6f4bf4.jpg,top,NUL,2026-04-27T18:12:33.575Z
361,top_vvel2_4779_jpg.rf.569480dae6deea43c9e97718c30489e2.jpg,top,vve,2026-04-27T18:12:37.591Z
362,top_vvel2_0842_jpg.rf.f188b704d79a8520852a58998480fae8.jpg,top,vve,2026-04-27T18:12:41.600Z
363,top_vespsp2_4213_jpg.rf.3d04d18402cf05c9b4d198e0910cd453.jpg,top,ves,2026-04-27T18:12:45.631Z
364,oth_vvel2_4579_jpg.rf.8a3e0316beb5430b048d504539d84c20.jpg,oth,vve,2026-04-27T18:12:49.639Z
365,top_vcra2_4708_jpg.rf.3ba986c1f0c2d65db91b2d1f309ffc4f.jpg,top,vcr,2026-04-27T18:12:53.671Z
366,oth_amel1_1998_jpg.rf.e825cd029b1464a9c180fca891fec428.jpg,oth,ame,2026-04-27T18:12:57.696Z
367,top_vespsp1_2209_jpg.rf.e6a026c4c2fda477f17fa57e9649addb.jpg,top,ves,2026-04-27T18:13:01.726Z
368,top_vcra1_1404_jpg.rf.2bc499c61fc9254a3d6969511ecfd905.jpg,top,vcr,2026-04-27T18:13:05.735Z
369,sid_amel1_1495_jpg.rf.c26f1b34a4b55f3ab567f2df1ef6f9c3.jpg,sid,ame,2026-04-27T18:13:09.747Z
370,oth_vvel2_6286_jpg.rf.cd22b01c7b07d4657b0dc7adac5094ee.jpg,oth,vve,2026-04-27T18:13:13.794Z
371,oth_vcra2_0170_jpg.rf.d4eac8e8025493cf81a5ef7c06851eb6.jpg,oth,vcr,2026-04-27T18:13:17.803Z
372,oth_amel1_2371_jpg.rf.a72d62e72f265be0b119d462d3d0716d.jpg,oth,ame,2026-04-27T18:13:21.811Z
373,oth_amel2_0205_jpg.rf.6edafd9c2cf6e09689c35bfaa6e5ab46.jpg,oth,ame,2026-04-27T18:13:25.839Z
374,top_amel1_0282_jpg.rf.892f0983d55737474296559a1f9064c3.jpg,top,ame,2026-04-27T18:13:29.849Z
375,top_vcra2_5640_jpg.rf.a93eb57a0a750f8ad466796fc8f66fc4.jpg,top,vcr,2026-04-27T18:13:33.878Z
376,oth_vcra1_1990_jpg.rf.f17a031c822d7bc20bb9eadc53ef3a45.jpg,oth,vcr,2026-04-27T18:13:37.889Z
377,top_vcra2_3845_jpg.rf.92f4fedd711b4e8c21c87eefb8607b51.jpg,top,vcr,2026-04-27T18:13:41.921Z
378,top_vvel1_1319_jpg.rf.99106d9bbd3c1321b75c2c76d8771d78.jpg,top,vve,2026-04-27T18:13:45.955Z
379,oth_vcra2_4596_jpg.rf.bb7e58c543a594840c3ce27e198f9a2c.jpg,oth,vcr,2026-04-27T18:13:49.965Z
380,top_vvel2_4915_jpg.rf.5e20488dcbfbcdd280e3157fe7e36480.jpg,top,vve,2026-04-27T18:13:53.989Z
381,oth_vespsp2_2566_jpg.rf.adf5115ef36d089e2c68499fbe20f3d9.jpg,oth,ves,2026-04-27T18:13:58.007Z
382,sid_NULL_1509_jpg.rf.b3b670d7ed2d9a972c73ed96472c6d93.jpg,sid,NUL,2026-04-27T18:14:02.032Z
383,sid_amel2_0032_jpg.rf.5c5dc0e44d13c6c0f7d52d8c1e9f1cea.jpg,sid,ame,2026-04-27T18:14:06.048Z
384,sid_amel2_5363_jpg.rf.7689b084ee58cdee9d200acbc280ce25.jpg,sid,ame,2026-04-27T18:14:10.085Z
385,top_vvel2_5244_jpg.rf.fc4d528baf0901679e44c9fe90a86d94.jpg,top,vve,2026-04-27T18:14:14.111Z
386,oth_amel1_1702_jpg.rf.3b17b6aa566045574ec46e8ff52c88fb.jpg,oth,ame,2026-04-27T18:14:18.140Z
387,oth_vespsp1_0748_jpg.rf.2c94509dcad05e45b73e0520e49df2e8.jpg,oth,ves,2026-04-27T18:14:22.153Z
388,top_vespsp2_3243_jpg.rf.4bbe2fcc1fbe8e0b52197873b875c7b1.jpg,top,ves,2026-04-27T18:14:26.166Z
1,oth_vvel2_1415_jpg.rf.82b140939b01ae29fc03f3523190c93e.jpg,oth,vve,2026-04-27T18:14:30.180Z
2,sid_NULL_1491_jpg.rf.b71393a82e12e4818aa6f9ab96c28c44.jpg,sid,NUL,2026-04-27T18:14:34.197Z
3,top_vvel2_0052_jpg.rf.494cc5e19a9c0e8efd24c84305a2fa91.jpg,top,vve,2026-04-27T18:14:38.211Z
4,top_vcra1_2262_jpg.rf.66a100a6bcf10a9f94a651d26a4dcd97.jpg,top,vcr,2026-04-27T18:14:42.247Z
5,top_vespsp2_5751_jpg.rf.2f3c650787659405a2f337b014e95602.jpg,top,ves,2026-04-27T18:14:46.276Z
6,top_vcra2_3246_jpg.rf.752f908bbca348dc40172eaf6613f144.jpg,top,vcr,2026-04-27T18:14:50.293Z
7,top_amel2_1598_jpg.rf.c4a90826a5f9aa5a2418c45462704bf0.jpg,top,ame,2026-04-27T18:14:54.330Z
8,oth_vvel2_2642_jpg.rf.907276ecc8f317156b4f26e54172eaa1.jpg,oth,vve,2026-04-27T18:14:58.342Z
9,oth_vespsp2_0688_jpg.rf.c261078e19d68a6a011475dbdeae38d9.jpg,oth,ves,2026-04-27T18:15:02.354Z
10,sid_vvel2_4022_jpg.rf.c6ee2a5100f50d02124bc1a9493021e8.jpg,sid,vve,2026-04-27T18:15:06.387Z
11,sid_vcra2_1191_jpg.rf.34d86079ff7ebe957ee8986350e9dfce.jpg,sid,vcr,2026-04-27T18:15:10.403Z
12,oth_vcra2_5852_jpg.rf.ec9c50a2a5b00d722b490172a80b09c2.jpg,oth,vcr,2026-04-27T18:15:14.416Z
13,oth_vvel2_3685_jpg.rf.1b5d173726099966a47c80dcc37a9b33.jpg,oth,vve,2026-04-27T18:15:18.432Z
14,top_vvel2_4601_jpg.rf.eccfbdf96cdd6e7a08d268d6b76a6664.jpg,top,vve,2026-04-27T18:15:22.442Z
15,oth_vvel1_2503_jpg.rf.8776d94ff7061ba43b91a0c190c7c269.jpg,oth,vve,2026-04-27T18:15:26.475Z
16,top_vvel1_1222_jpg.rf.5c0b73feadb3c6a7285e4f62953b5bc2.jpg,top,vve,2026-04-27T18:15:30.486Z
17,top_vcra2_4993_jpg.rf.1749e3f9c6ba7d91a5d8c6faff59d937.jpg,top,vcr,2026-04-27T18:15:34.499Z
18,sid_vvel2_4971_jpg.rf.f605f9ce04fb230a355e188490407b9f.jpg,sid,vve,2026-04-27T18:15:38.511Z
19,top_NULL_1189_jpg.rf.6fb152c3e8032c2755cd5d5adf305d9c.jpg,top,NUL,2026-04-27T18:15:42.540Z
20,top_vcra2_5417_jpg.rf.f529ebec88e3ecfa35109b56ae0f1837.jpg,top,vcr,2026-04-27T18:15:46.551Z
21,top_amel1_2241_jpg.rf.0dc1fb6205b2c346a0db197d3d0e02cc.jpg,top,ame,2026-04-27T18:15:50.560Z
22,top_vvel2_2282_jpg.rf.58d632c09325b78bf4c19b30a58c2859.jpg,top,vve,2026-04-27T18:15:54.577Z
23,top_vcra2_4610_jpg.rf.5ec59bcdb51b620b817e0d82e2fce210.jpg,top,vcr,2026-04-27T18:15:58.593Z
24,sid_vcra2_0169_jpg.rf.1d450a03e04c1a9888333284d12c8398.jpg,sid,vcr,2026-04-27T18:16:02.601Z
25,sid_vespsp2_4146_jpg.rf.29def1c64f390a6d15252bde98452c97.jpg,sid,ves,2026-04-27T18:16:06.636Z
26,oth_amel2_8276_jpg.rf.6aa5659f172f6e8c3c3f1e20b13f0028.jpg,oth,ame,2026-04-27T18:16:10.646Z
27,oth_vespsp1_0414_jpg.rf.2391cc301bb7cd82923ff97acb806485.jpg,oth,ves,2026-04-27T18:16:14.676Z
28,oth_vespsp2_4642_jpg.rf.b3cfa113738382648f179b746cfb40fe.jpg,oth,ves,2026-04-27T18:16:18.698Z
29,sid_amel1_2405_jpg.rf.9a67327e04b326d84dccc65fd3e1ab86.jpg,sid,ame,2026-04-27T18:16:22.708Z
30,sid_vcra2_2704_jpg.rf.aef45048fdad19521b71ff8dc85b43e6.jpg,sid,vcr,2026-04-27T18:16:26.735Z
31,top_amel2_7053_jpg.rf.cf11f61a0914805604a3933c51e93cf1.jpg,top,ame,2026-04-27T18:16:30.753Z
32,oth_vespsp2_4443_jpg.rf.1929ed54bf5a67301f44a3235e7c6999.jpg,oth,ves,2026-04-27T18:16:34.758Z
33,oth_vvel2_5978_jpg.rf.81930247ae3450667e779ce99ffae6e6.jpg,oth,vve,2026-04-27T18:16:38.787Z
34,top_NULL_0353_jpg.rf.8d9c33044b01adf899fd538e76d31d15.jpg,top,NUL,2026-04-27T18:16:42.819Z
35,top_amel1_1106_jpg.rf.266b96b36c4c6e1fe4391354b86f7d00.jpg,top,ame,2026-04-27T18:16:46.832Z
36,oth_vcra1_1835_jpg.rf.49360b95a1a0021244d1557f5fb168de.jpg,oth,vcr,2026-04-27T18:16:50.838Z
37,oth_amel2_5354_jpg.rf.d8a38fc5e4fc2787865e4d057be87af6.jpg,oth,ame,2026-04-27T18:16:54.848Z
38,oth_vvel1_1642_jpg.rf.d1d9c62eb82cf0fed9a891f4afb53ddb.jpg,oth,vve,2026-04-27T18:16:58.859Z
39,oth_vespsp2_3057_jpg.rf.451e57b37252867c3392139d357468f3.jpg,oth,ves,2026-04-27T18:17:02.867Z
40,sid_amel2_2483_jpg.rf.bbfb8f66439e654268454864d95bf122.jpg,sid,ame,2026-04-27T18:17:06.875Z
41,top_amel2_6382_jpg.rf.befac5fc9a6d6f19d394c578d7c8825a.jpg,top,ame,2026-04-27T18:17:10.899Z
42,top_vespsp2_1324_jpg.rf.9f3526ffde3405f8261ef62b5303332a.jpg,top,ves,2026-04-27T18:17:14.929Z
43,top_vcra2_1572_jpg.rf.873180f675911b65da332461a2ddd7d4.jpg,top,vcr,2026-04-27T18:17:18.940Z
44,top_vespsp2_3595_jpg.rf.54946e20e7c823ba6670531f6e397e68.jpg,top,ves,2026-04-27T18:17:22.971Z
45,top_vcra2_4981_jpg.rf.4a2280b28b8590e7ffde5e3a224d6434.jpg,top,vcr,2026-04-27T18:17:26.979Z
46,sid_vespsp2_1773_jpg.rf.acdfb1032d20f333933f1379efb2f7d7.jpg,sid,ves,2026-04-27T18:17:30.984Z
47,top_amel2_6507_jpg.rf.090c5a89085ac6282ec9b049f23961b2.jpg,top,ame,2026-04-27T18:17:34.996Z
48,oth_vvel2_1030_jpg.rf.50bf8416a0f974ad1d81fb7cc9068d08.jpg,oth,vve,2026-04-27T18:17:39.019Z
49,top_amel1_0617_jpg.rf.1e306b4979d6ee1e07a142aeba33b690.jpg,top,ame,2026-04-27T18:17:43.053Z
50,sid_amel1_2436_jpg.rf.2078a2d88b20a77fcd24604a5d089c1e.jpg,sid,ame,2026-04-27T18:17:47.080Z
51,top_vcra2_0592_jpg.rf.c8279c25e8c87779b27f2ea88b419173.jpg,top,vcr,2026-04-27T18:17:51.116Z
52,oth_amel2_3759_jpg.rf.e3e9ac5d6912a501ccae113822614306.jpg,oth,ame,2026-04-27T18:17:55.126Z
53,sid_vespsp2_1055_jpg.rf.a4d772cabae42b8e441c14431d8f4019.jpg,sid,ves,2026-04-27T18:17:59.141Z
54,top_amel2_3359_jpg.rf.9b20f628a7fdc99278d91bdcc25d0eef.jpg,top,ame,2026-04-27T18:18:03.151Z
55,oth_NULL_1590_jpg.rf.f0ab9a8f5ccbc924263ca37eab5586bd.jpg,oth,NUL,2026-04-27T18:18:07.177Z
56,oth_vcra1_0406_jpg.rf.f69de260a45a3cd9773eb897e0e8eb5e.jpg,oth,vcr,2026-04-27T18:18:11.210Z
57,sid_vespsp1_0502_jpg.rf.00d39cc7ebce84a997ab3ecf3f2edabf.jpg,sid,ves,2026-04-27T18:18:15.237Z
58,top_vvel2_0464_jpg.rf.2dd3eb315a558ac9b3fe4567360517a4.jpg,top,vve,2026-04-27T18:18:19.247Z
59,oth_vvel2_0060_jpg.rf.e4c73ba7828c17e38aa417146b17dd69.jpg,oth,vve,2026-04-27T18:18:23.259Z
60,sid_amel1_1815_jpg.rf.98375f470f95d58e5067b6a52a12be9b.jpg,sid,ame,2026-04-27T18:18:27.272Z
61,sid_vcra2_0083_jpg.rf.8aa2e60a91553eafd52e5f36494e5e2a.jpg,sid,vcr,2026-04-27T18:18:31.286Z
62,sid_vvel1_2275_jpg.rf.9935f4facb2f0b517539f91b6abf7e72.jpg,sid,vve,2026-04-27T18:18:35.300Z
63,top_vcra2_3243_jpg.rf.471b68ca048c1f0c9d39e95c07e528e8.jpg,top,vcr,2026-04-27T18:18:39.317Z
64,sid_amel2_4833_jpg.rf.d08e1df20ba60c3b08892a42af79d4ef.jpg,sid,ame,2026-04-27T18:18:43.348Z
65,oth_vespsp2_1469_jpg.rf.cdbc97ec5504453d290099f9b97b8c75.jpg,oth,ves,2026-04-27T18:18:47.360Z
66,sid_vcra2_5563_jpg.rf.fb2bad3355ba8cfc88b1268c8679ceee.jpg,sid,vcr,2026-04-27T18:18:51.378Z
67,top_amel1_2037_jpg.rf.b85dc62f31ec5c7a6f56da94c2a2f262.jpg,top,ame,2026-04-27T18:18:55.402Z
68,oth_amel1_1546_jpg.rf.6de31c982a7d34e7b9cdf52400722fc8.jpg,oth,ame,2026-04-27T18:18:59.420Z
69,oth_vespsp2_0465_jpg.rf.75bac31d920b3d74ece9b585110deb27.jpg,oth,ves,2026-04-27T18:19:03.428Z
70,top_amel2_4706_jpg.rf.a855f2a1e323503094150ea16840c8d0.jpg,top,ame,2026-04-27T18:19:07.438Z
71,top_NULL_0872_jpg.rf.f456a6f2be88b1aca4f5630add0c0bc7.jpg,top,NUL,2026-04-27T18:19:11.468Z
72,sid_vvel2_5289_jpg.rf.44cc13d6e0d76162908e2da5854f9323.jpg,sid,vve,2026-04-27T18:19:15.480Z
73,oth_vespsp2_0353_jpg.rf.517e9ec46296464d7a6f456b17355efc.jpg,oth,ves,2026-04-27T18:19:19.496Z
74,top_vvel2_1498_jpg.rf.68a79957ca037d46bcfc51f15e3b311d.jpg,top,vve,2026-04-27T18:19:23.514Z
75,oth_vvel1_1000_jpg.rf.5c020230e1a9bb08146797a7bff921bb.jpg,oth,vve,2026-04-27T18:19:27.522Z
76,top_vespsp2_0975_jpg.rf.6a188772eef6b2bf29db23339c29e06b.jpg,top,ves,2026-04-27T18:19:31.532Z
77,top_vcra2_5962_jpg.rf.7958c3485dc25bf2703527b6d1e35a9c.jpg,top,vcr,2026-04-27T18:19:35.567Z
78,top_vcra1_0051_jpg.rf.88201619136a2a594e7423dbb94bb572.jpg,top,vcr,2026-04-27T18:19:39.596Z
79,top_vcra2_0894_jpg.rf.d7295df20cf4994f682ba11d7c0921c4.jpg,top,vcr,2026-04-27T18:19:43.626Z
80,top_vcra2_1648_jpg.rf.cff8c54054fe31da6f8fc85a9c5e843b.jpg,top,vcr,2026-04-27T18:19:47.658Z
81,oth_vespsp2_4262_jpg.rf.654f83a1d4f009df07e996fdaf3ca167.jpg,oth,ves,2026-04-27T18:19:51.689Z
82,top_vespsp2_2995_jpg.rf.4eedda9155b3761ad7c2a31458fdf305.jpg,top,ves,2026-04-27T18:19:55.722Z
83,oth_vvel2_4040_jpg.rf.408c6c9cb338fe35b4639afde331d7ce.jpg,oth,vve,2026-04-27T18:19:59.746Z
84,oth_amel2_8968_jpg.rf.e4899431d2d0625f4c50471dda96a1f7.jpg,oth,ame,2026-04-27T18:20:03.778Z
85,sid_amel2_5882_jpg.rf.68be86445ba755828fc4c72f5fb7fedd.jpg,sid,ame,2026-04-27T18:20:07.791Z
86,oth_amel2_1181_jpg.rf.b159639b6ad04194e3aceb7b7126aafb.jpg,oth,ame,2026-04-27T18:20:11.831Z
87,top_vcra2_3239_jpg.rf.9f16acf1eb5986cdf2195e5ff74edca3.jpg,top,vcr,2026-04-27T18:20:15.861Z
88,top_amel2_4743_jpg.rf.f9ac5c7a02843c08c162e622f170eed7.jpg,top,ame,2026-04-27T18:20:19.883Z
89,sid_vcra1_1728_jpg.rf.c429e57c14ef1965e7d5e5c1f4ec469d.jpg,sid,vcr,2026-04-27T18:20:23.897Z
90,oth_vvel1_2572_jpg.rf.97cd91025e8f0724f9f8fb020f75be92.jpg,oth,vve,2026-04-27T18:20:27.934Z
91,top_vcra2_4220_jpg.rf.c9128a3ac62e44f27b054a21928c9e39.jpg,top,vcr,2026-04-27T18:20:31.948Z
92,top_vespsp2_5842_jpg.rf.3e6111636236159b11d52b15585bbdb0.jpg,top,ves,2026-04-27T18:20:35.963Z
93,top_vespsp2_5740_jpg.rf.e88a5e738089a3a8874177fca76a2a29.jpg,top,ves,2026-04-27T18:20:39.974Z
94,sid_amel2_8519_jpg.rf.bd9fce732ef096e134dbf2015fd004b4.jpg,sid,ame,2026-04-27T18:20:44.006Z
95,sid_amel2_1827_jpg.rf.2d191c93e632fdf5d6b6d899213d9616.jpg,sid,ame,2026-04-27T18:20:48.028Z
96,top_amel2_7062_jpg.rf.51e15ebd545b368f92dcdf4cbb42f1be.jpg,top,ame,2026-04-27T18:20:52.056Z
97,top_vvel2_0310_jpg.rf.357ad908d2f81b87ea71925fe6583cf6.jpg,top,vve,2026-04-27T18:20:56.067Z
98,sid_amel2_8480_jpg.rf.17cfddac54cf5cfa3dac6248ee45eedd.jpg,sid,ame,2026-04-27T18:21:00.079Z
99,oth_amel1_0782_jpg.rf.a89a46ef3965ec93a4878d8b418106fd.jpg,oth,ame,2026-04-27T18:21:04.087Z
100,sid_vvel1_1416_jpg.rf.b34a42cd44513a31e8b1624fcb1c35a7.jpg,sid,vve,2026-04-27T18:21:08.097Z
101,sid_vespsp2_5083_jpg.rf.ee849cb42aa0cd6661327ab6ce1a642d.jpg,sid,ves,2026-04-27T18:21:12.107Z
102,top_amel1_0456_jpg.rf.d3be1392ea3a385f13524e980b1876ea.jpg,top,ame,2026-04-27T18:21:16.143Z
103,top_vespsp2_2700_jpg.rf.90755a640cd2b22aa04173f87d9d6a49.jpg,top,ves,2026-04-27T18:21:20.156Z
104,top_vvel2_5859_jpg.rf.e3f80ebc3da180d4a480eb09ac49e1f3.jpg,top,vve,2026-04-27T18:21:24.172Z
105,top_NULL_0843_jpg.rf.62929cb4b4eb3742840f2c8d79a87323.jpg,top,NUL,2026-04-27T18:21:28.190Z
106,sid_vespsp2_3391_jpg.rf.f8a501a08474545228aa96a33aac880f.jpg,sid,ves,2026-04-27T18:21:32.214Z
107,oth_vvel2_1967_jpg.rf.cf408efebd90bbd94b281e586937f33d.jpg,oth,vve,2026-04-27T18:21:36.233Z
108,oth_amel1_1610_jpg.rf.772b485f885ed74ceb70c448834a4c35.jpg,oth,ame,2026-04-27T18:21:40.255Z
109,sid_vespsp1_0024_jpg.rf.c9e83bdd63f272e1c459cd7b96d1eed2.jpg,sid,ves,2026-04-27T18:21:44.265Z
110,top_vespsp2_0967_jpg.rf.c4b982c9606dc0dd9af08ca8eff4fe33.jpg,top,ves,2026-04-27T18:21:48.283Z
111,oth_vespsp2_1848_jpg.rf.ec574b1058c14ddd82de03f413011ca9.jpg,oth,ves,2026-04-27T18:21:52.317Z
112,top_vcra2_6048_jpg.rf.b043aa437cb523b7397b4cc4f2ec58a1.jpg,top,vcr,2026-04-27T18:21:56.352Z
113,oth_amel1_0702_jpg.rf.2dd393c6504a82b005a0d181d56e7c33.jpg,oth,ame,2026-04-27T18:22:00.365Z
114,top_vvel2_5949_jpg.rf.31928502f277678cd60100297b5ecf04.jpg,top,vve,2026-04-27T18:22:04.384Z
115,top_vespsp2_4926_jpg.rf.b8424fd38daac3b2369aee522e5b125e.jpg,top,ves,2026-04-27T18:22:08.411Z
116,oth_vvel2_6210_jpg.rf.520f0293de0fbaf08ec2791a35cd89b6.jpg,oth,vve,2026-04-27T18:22:12.440Z
117,top_vespsp2_1857_jpg.rf.f74fbeb80a32f0dbf404cefd0a3c5095.jpg,top,ves,2026-04-27T18:22:16.470Z
118,top_vvel2_1179_jpg.rf.7ca23447f37daeeffb5e9111d14e0fff.jpg,top,vve,2026-04-27T18:22:20.492Z
119,sid_vvel2_4547_jpg.rf.d4d0ea5ebad163453a57d1fbbf14a951.jpg,sid,vve,2026-04-27T18:22:24.501Z
120,oth_amel1_1349_jpg.rf.c03d28b2dd63f0cd05fd95a63000e48b.jpg,oth,ame,2026-04-27T18:22:28.523Z
121,sid_amel1_1458_jpg.rf.e2d9dbc32fab63347990fa7c9273f72a.jpg,sid,ame,2026-04-27T18:22:32.529Z
122,top_vcra1_0602_jpg.rf.8a82b12875a2e6a5d93935433588860b.jpg,top,vcr,2026-04-27T18:22:36.541Z
123,oth_amel2_6212_jpg.rf.2d04ad9be02a5d3de54c70b95d3dfc2e.jpg,oth,ame,2026-04-27T18:22:40.553Z
124,oth_vespsp1_1409_jpg.rf.34fec0515876eb5e15b77439f52afb7e.jpg,oth,ves,2026-04-27T18:22:44.579Z
125,sid_amel2_0183_jpg.rf.f502906f8f0edfe1c4d2050b69e45cab.jpg,sid,ame,2026-04-27T18:22:48.594Z
126,top_vespsp2_2950_jpg.rf.0c89f9cc0271280f3e7ada597c19dcac.jpg,top,ves,2026-04-27T18:22:52.644Z
127,sid_vcra1_0437_jpg.rf.ccd2c10d7dbc78e59b443fc71602be92.jpg,sid,vcr,2026-04-27T18:22:56.648Z
128,top_vespsp2_2980_jpg.rf.8c432d77581612e4f0f430f812e15065.jpg,top,ves,2026-04-27T18:23:00.679Z
129,top_vvel2_5345_jpg.rf.fe505a5c7b997ab12c5847d1b0919f23.jpg,top,vve,2026-04-27T18:23:04.698Z
130,top_NULL_0908_jpg.rf.e5c1eceb174c35a63ce8ae328fe9b9b1.jpg,top,NUL,2026-04-27T18:23:08.702Z
131,top_vvel1_0860_jpg.rf.67348bcb961f98e4c55d3baf5c0f3732.jpg,top,vve,2026-04-27T18:23:12.715Z
132,sid_vespsp2_3327_jpg.rf.51cdb139c4837a8b23c6ab35321bf581.jpg,sid,ves,2026-04-27T18:23:16.734Z
133,top_amel2_5053_jpg.rf.adc8bd421008dedfc25d2886ebbd706f.jpg,top,ame,2026-04-27T18:23:20.756Z
134,top_vcra1_1082_jpg.rf.3f3b96ed62726422bd5744d8644fe22f.jpg,top,vcr,2026-04-27T18:23:24.787Z
135,oth_vvel2_4806_jpg.rf.b4ddea816d52a1279f1bcc8ddd5ce43f.jpg,oth,vve,2026-04-27T18:23:28.794Z
136,sid_vcra2_4251_jpg.rf.e243cb7dae9e351321b17efa8f34781f.jpg,sid,vcr,2026-04-27T18:23:32.800Z
137,oth_amel2_3625_jpg.rf.e0e34124078b7a113aef678d8a1eae79.jpg,oth,ame,2026-04-27T18:23:36.807Z
138,top_vvel2_2268_jpg.rf.f79c70f86dc3aa7575d3ac40b2017006.jpg,top,vve,2026-04-27T18:23:40.816Z
139,top_vespsp2_2373_jpg.rf.274dfb5531d9cf2773b27ae88710f716.jpg,top,ves,2026-04-27T18:23:44.822Z
140,oth_vvel2_5352_jpg.rf.3111b8fb746b34d927353d667a628c4c.jpg,oth,vve,2026-04-27T18:23:48.853Z
141,top_vespsp2_4623_jpg.rf.560c029e6a5db5455f86c8e935c65178.jpg,top,ves,2026-04-27T18:23:52.891Z
142,oth_vvel1_2602_jpg.rf.0210cc0ef7f1d5e722a67491691f6e59.jpg,oth,vve,2026-04-27T18:23:56.905Z
143,top_vvel1_1550_jpg.rf.47cff2a89160872b31dd0f9fd2a87dc0.jpg,top,vve,2026-04-27T18:24:00.914Z
144,sid_amel2_6047_jpg.rf.1982fe1f2d6858d6fde14e61d32e812d.jpg,sid,ame,2026-04-27T18:24:04.936Z
145,top_vcra2_1464_jpg.rf.5b12712c64c32a47f932f3b2d612bcd3.jpg,top,vcr,2026-04-27T18:24:08.963Z
146,oth_vcra2_2530_jpg.rf.b08c6dca5189eb97c480aab6fd385fa5.jpg,oth,vcr,2026-04-27T18:24:12.980Z
147,oth_vvel2_4895_jpg.rf.008b4280d207b296ea665b67cae1227a.jpg,oth,vve,2026-04-27T18:24:17.008Z
148,sid_amel2_7790_jpg.rf.82c965c9d6700560aa0ae0aa3cd8d0a5.jpg,sid,ame,2026-04-27T18:24:21.023Z
149,oth_vespsp2_0194_jpg.rf.f3fa00ea84b0316e9b7f5f670c0ee953.jpg,oth,ves,2026-04-27T18:24:25.028Z
150,top_amel2_0279_jpg.rf.0a6b2640f008d573c2b156e32fbfe0ec.jpg,top,ame,2026-04-27T18:24:29.040Z
151,sid_amel2_7434_jpg.rf.8d567b3815813c57acf7683e98865d12.jpg,sid,ame,2026-04-27T18:24:33.066Z
152,sid_amel2_7064_jpg.rf.f7d87437ea85b6716707da6897e99597.jpg,sid,ame,2026-04-27T18:24:37.089Z
153,top_vcra2_4915_jpg.rf.bb3f572efec02d16d48dd746e59d636f.jpg,top,vcr,2026-04-27T18:24:41.113Z
154,sid_vvel2_0160_jpg.rf.7c094d46d8f5ca285eb9cec96195296c.jpg,sid,vve,2026-04-27T18:24:45.124Z
155,sid_vvel2_0193_jpg.rf.a50673486a63bd9748088f7d443c5cb9.jpg,sid,vve,2026-04-27T18:24:49.151Z
156,top_NULL_0293_jpg.rf.0b39ade101d0d800a0963b349d042dcd.jpg,top,NUL,2026-04-27T18:24:53.182Z
157,top_vvel2_1367_jpg.rf.8423a97bbd7e1b8b2c2190285f9f91a4.jpg,top,vve,2026-04-27T18:24:57.196Z
158,oth_vespsp1_1576_jpg.rf.9b7c9229fc614825a105239950518c49.jpg,oth,ves,2026-04-27T18:25:01.233Z
159,sid_amel2_1992_jpg.rf.cf8f0c60fd32817d1cb36c891113c499.jpg,sid,ame,2026-04-27T18:25:05.244Z
160,top_vvel1_0745_jpg.rf.bc071cca94611ff789993811708c69bc.jpg,top,vve,2026-04-27T18:25:09.272Z
161,oth_vvel1_1411_jpg.rf.2108d5965422840d9deb0ea6dbe4515e.jpg,oth,vve,2026-04-27T18:25:13.305Z
162,oth_amel1_1261_jpg.rf.23761262d09b507278a95fa9bd9b0d91.jpg,oth,ame,2026-04-27T18:25:17.320Z
163,top_vcra2_0848_jpg.rf.236e8ad3814d6e7997144e78f8af7a4d.jpg,top,vcr,2026-04-27T18:25:21.348Z
164,sid_vespsp1_0869_jpg.rf.da5a780194dec3942c569e89e316f680.jpg,sid,ves,2026-04-27T18:25:25.379Z
165,top_vvel2_3756_jpg.rf.ec5271b2f58b3a7be0d82851ac6f57f5.jpg,top,vve,2026-04-27T18:25:29.395Z
166,top_vcra2_4765_jpg.rf.43c950dbb5ed169a21b35626ac080468.jpg,top,vcr,2026-04-27T18:25:33.406Z
167,oth_amel2_0791_jpg.rf.0aafef4091ca3eab68d3de3fc6d3fcaa.jpg,oth,ame,2026-04-27T18:25:37.415Z
168,oth_NULL_0994_jpg.rf.5491ed2d69aa6ce44d84159b4bc18a32.jpg,oth,NUL,2026-04-27T18:25:41.444Z
169,top_vcra2_1058_jpg.rf.3301589d00a20b39c8b0e49d43179c72.jpg,top,vcr,2026-04-27T18:25:45.451Z
170,top_vvel1_1321_jpg.rf.db0562a56d65aa9ece845c85b66446c2.jpg,top,vve,2026-04-27T18:25:49.469Z
171,top_vcra1_1482_jpg.rf.82fbed067c77a4f8021677f8d8d269ec.jpg,top,vcr,2026-04-27T18:25:53.489Z
172,sid_amel2_5446_jpg.rf.fab1fcc546ae419c2400ced998f31ae7.jpg,sid,ame,2026-04-27T18:25:57.518Z
173,top_vvel2_1578_jpg.rf.c189acc45eca8527350ea97e3b35a94f.jpg,top,vve,2026-04-27T18:26:01.540Z
174,top_vespsp1_1771_jpg.rf.33d4f6b3e61cc4dd3a42e3799087eb63.jpg,top,ves,2026-04-27T18:26:05.556Z
175,oth_vvel1_2005_jpg.rf.e4247e942cf280e422c88b364c33fe9e.jpg,oth,vve,2026-04-27T18:26:09.586Z
176,top_vcra2_5249_jpg.rf.3bf1369fa6714a4fb6a0ba906fcae346.jpg,top,vcr,2026-04-27T18:26:13.636Z
177,top_vcra1_0786_jpg.rf.96e07f3dd40f8a20ac5177bf48600893.jpg,top,vcr,2026-04-27T18:26:17.644Z
178,top_vespsp2_4659_jpg.rf.e9b98d36d00ec7447ec4287e5e13bea3.jpg,top,ves,2026-04-27T18:26:21.650Z
179,oth_amel2_5819_jpg.rf.c95f421411caa7b1fbd802ec474b2cd0.jpg,oth,ame,2026-04-27T18:26:25.656Z
180,sid_NULL_1600_jpg.rf.3ca07886e66987e79f9dc41c859031d9.jpg,sid,NUL,2026-04-27T18:26:29.663Z
181,sid_amel2_2174_jpg.rf.517d1065024362f67e497f3dc527cf25.jpg,sid,ame,2026-04-27T18:26:33.676Z
182,top_vcra2_3914_jpg.rf.4b0fcd8e4b1aa06f649adea7be64447c.jpg,top,vcr,2026-04-27T18:26:37.709Z
183,top_amel2_2896_jpg.rf.6983483f791433ea608a24cc1a654e42.jpg,top,ame,2026-04-27T18:26:41.722Z
184,top_vcra2_5461_jpg.rf.871029a9b3ba1053473d6275169b8251.jpg,top,vcr,2026-04-27T18:26:45.758Z
185,sid_vespsp1_1235_jpg.rf.8820d1eeae626ce63cdb2e466500aaab.jpg,sid,ves,2026-04-27T18:26:49.767Z
186,oth_vvel2_4584_jpg.rf.91cd4d5371c5fd18239a197880df8368.jpg,oth,vve,2026-04-27T18:26:53.794Z
187,top_vvel1_1806_jpg.rf.24953a72d0dabb94907ef800392f18c5.jpg,top,vve,2026-04-27T18:26:57.800Z
188,sid_vespsp2_5485_jpg.rf.e29e84b92a197a5e23d798248f356f68.jpg,sid,ves,2026-04-27T18:27:01.824Z
189,top_vespsp2_2329_jpg.rf.1de5e8239d960ab2dee599096cdc3411.jpg,top,ves,2026-04-27T18:27:05.857Z
190,top_vespsp2_5868_jpg.rf.0a703f85037eb966957ef574c9eba5dd.jpg,top,ves,2026-04-27T18:27:09.894Z
191,top_vespsp2_1765_jpg.rf.f47bc633f839c344072aaaffd59560ed.jpg,top,ves,2026-04-27T18:27:13.922Z
192,top_amel2_1510_jpg.rf.1e6a1a54cd6702b9842f777948a1dd18.jpg,top,ame,2026-04-27T18:27:17.935Z
193,oth_vespsp1_0298_jpg.rf.24677fb15b1ef9aa9edd593026b9328a.jpg,oth,ves,2026-04-27T18:27:21.980Z
194,top_vcra2_4755_jpg.rf.370d0adb05a320668262584100c6cb65.jpg,top,vcr,2026-04-27T18:27:26.035Z
195,top_amel2_5391_jpg.rf.92e8f7ee833ac2504e0f4280e1302a0d.jpg,top,ame,2026-04-27T18:27:30.042Z
196,top_amel1_2410_jpg.rf.bad4ebb3dced8e92c5c8cf6f4cc6a48d.jpg,top,ame,2026-04-27T18:27:34.077Z
197,top_amel2_6898_jpg.rf.661317a1d27a128ea1be533a6c9634c3.jpg,top,ame,2026-04-27T18:27:38.109Z
198,oth_vcra1_1751_jpg.rf.04ccb8622c3acf807551b524c815862f.jpg,oth,vcr,2026-04-27T18:27:42.141Z
199,top_vvel2_5773_jpg.rf.fe39272a856fada45c9e9db78c2d5b27.jpg,top,vve,2026-04-27T18:27:46.173Z
200,sid_amel1_2235_jpg.rf.b6200c55250c49b5bb9a00ea993aa80e.jpg,sid,ame,2026-04-27T18:27:50.189Z
201,sid_vespsp1_0275_jpg.rf.d35e98875e70e2e67afdb2f2732dc316.jpg,sid,ves,2026-04-27T18:27:54.201Z
202,top_vcra2_4674_jpg.rf.f827cab150c4c4b8c760cdde42854c5d.jpg,top,vcr,2026-04-27T18:27:58.213Z
203,top_vcra2_0800_jpg.rf.08aa00f2aa0b00d5a43354ae9b79af55.jpg,top,vcr,2026-04-27T18:28:02.231Z
204,sid_vvel2_2353_jpg.rf.07cc9434ceacb72d043a79da489ea33c.jpg,sid,vve,2026-04-27T18:28:06.251Z
205,top_vvel2_2302_jpg.rf.b5ef25a356f101d2617e2e2485938a63.jpg,top,vve,2026-04-27T18:28:10.284Z
206,top_vcra2_5953_jpg.rf.396f1fb7aad744cc9ee4852dcfd98c7c.jpg,top,vcr,2026-04-27T18:28:14.322Z
207,oth_amel2_0362_jpg.rf.d6c67af17a787bcf8f0e58cf36b43d25.jpg,oth,ame,2026-04-27T18:28:18.333Z
208,sid_amel1_2466_jpg.rf.e13bf1bc923a51dd66f006f12519356b.jpg,sid,ame,2026-04-27T18:28:22.363Z
209,sid_vvel1_0836_jpg.rf.f5d56b8633338b37a1a276e782944c4a.jpg,sid,vve,2026-04-27T18:28:26.391Z
210,oth_amel2_1568_jpg.rf.f15d2be08ab73d329495ffdbc6368150.jpg,oth,ame,2026-04-27T18:28:30.423Z
211,oth_amel2_1419_jpg.rf.3fb27c217fc1ea78d0ef140b33dd32cb.jpg,oth,ame,2026-04-27T18:28:34.432Z
212,sid_amel2_6635_jpg.rf.1d08032ea8d7166a2ecb57117d79999d.jpg,sid,ame,2026-04-27T18:28:38.444Z
213,top_vvel2_1217_jpg.rf.13a97f887795d7e5c8d5fae5e735f896.jpg,top,vve,2026-04-27T18:28:42.474Z
214,oth_amel1_2291_jpg.rf.c10085c7da1fb5132f0741f974a2a991.jpg,oth,ame,2026-04-27T18:28:46.483Z
215,oth_vespsp2_0045_jpg.rf.30b6673629190ec5b25c4d9f056b272b.jpg,oth,ves,2026-04-27T18:28:50.515Z
216,top_vcra2_0981_jpg.rf.6c8949a865bcf249c353c20a48d1f766.jpg,top,vcr,2026-04-27T18:28:54.535Z
217,top_NULL_0158_jpg.rf.33847b4506179351a95f349224e65d9d.jpg,top,NUL,2026-04-27T18:28:58.558Z
218,top_NULL_0959_jpg.rf.683180f1e383390bcfa70fd6233e4fd3.jpg,top,NUL,2026-04-27T18:29:02.583Z
219,oth_vvel2_0640_jpg.rf.587be184ac9bacd05620269fdb00569f.jpg,oth,vve,2026-04-27T18:29:06.589Z
220,top_vcra2_5454_jpg.rf.f1bf857e36bdc92a68c6dd202130902a.jpg,top,vcr,2026-04-27T18:29:10.617Z
221,oth_amel1_0143_jpg.rf.28b70a35af0801a729978fe982e3d2f4.jpg,oth,ame,2026-04-27T18:29:14.624Z
222,top_vespsp1_0882_jpg.rf.b80cd6b4fe6fed224f2ac932bd2f5ae6.jpg,top,ves,2026-04-27T18:29:18.636Z
223,oth_vvel1_1126_jpg.rf.af615dac6decea49f87d2dea57dd18ba.jpg,oth,vve,2026-04-27T18:29:22.658Z
224,sid_vcra1_0363_jpg.rf.5e0a04a62469f13a9d009b6546490693.jpg,sid,vcr,2026-04-27T18:29:26.689Z
225,top_amel2_7589_jpg.rf.b7878d5d0c8e7f474565f697c0f42a1c.jpg,top,ame,2026-04-27T18:29:30.707Z
226,top_vcra2_4519_jpg.rf.ae243e4728ee9666afddce32c7c7dc80.jpg,top,vcr,2026-04-27T18:29:34.711Z
227,sid_vvel2_4215_jpg.rf.639869da6d5c52feea359e960b4751e8.jpg,sid,vve,2026-04-27T18:29:38.771Z
228,top_vvel2_4428_jpg.rf.6935a11e8275681588308f85707f69c3.jpg,top,vve,2026-04-27T18:29:42.800Z
229,oth_vcra1_1247_jpg.rf.117af6bfc11c6bbc7d72d401872ac9a8.jpg,oth,vcr,2026-04-27T18:29:46.811Z
230,top_amel2_7465_jpg.rf.a38194ecae71a07c987c052da8381610.jpg,top,ame,2026-04-27T18:29:50.840Z
231,oth_vvel2_1842_jpg.rf.140bdd50cb4cbc33597701f82912a69e.jpg,oth,vve,2026-04-27T18:29:54.866Z
232,oth_vcra1_0637_jpg.rf.18b98fd2db01b00fa03b52d3cdf62e07.jpg,oth,vcr,2026-04-27T18:29:58.883Z
233,oth_vcra2_2986_jpg.rf.a3215b8242896cfe6bb31b859d77e6fc.jpg,oth,vcr,2026-04-27T18:30:02.909Z
234,sid_vcra1_1208_jpg.rf.7c8af001959b2f6bec7fbc5e658316e3.jpg,sid,vcr,2026-04-27T18:30:06.927Z
235,top_amel2_5483_jpg.rf.318cb45abd81ea8d57c2ea89f99933b7.jpg,top,ame,2026-04-27T18:30:10.953Z
236,sid_vcra2_4108_jpg.rf.3f7f9c1e91a62c5e1e2bdde72581a675.jpg,sid,vcr,2026-04-27T18:30:14.980Z
237,top_amel1_0077_jpg.rf.3576c80f3b9493d5c47abff5e76b9750.jpg,top,ame,2026-04-27T18:30:18.984Z
238,oth_vespsp2_4641_jpg.rf.3ff452706110de72d4f51721226a9279.jpg,oth,ves,2026-04-27T18:30:23.012Z
239,sid_vcra2_1740_jpg.rf.cf6bb72b6a4cc17c820b7d9296d6664b.jpg,sid,vcr,2026-04-27T18:30:27.024Z
240,top_amel1_2081_jpg.rf.49ce636094d5e46c8497855d2c94b36c.jpg,top,ame,2026-04-27T18:30:31.048Z
241,oth_amel2_4035_jpg.rf.3948747a5d45b347543f8832ccd783ff.jpg,oth,ame,2026-04-27T18:30:35.058Z
242,top_amel2_4320_jpg.rf.04a3640f8ea91748a1ff85843f138b02.jpg,top,ame,2026-04-27T18:30:39.070Z
243,sid_amel2_0884_jpg.rf.9612f4acdb7105d58fc28766bac393c2.jpg,sid,ame,2026-04-27T18:30:43.104Z
244,oth_vcra1_2161_jpg.rf.d6373f248d214da16255e955aec3bb04.jpg,oth,vcr,2026-04-27T18:30:47.133Z
245,top_vcra2_0584_jpg.rf.40fe342e03a6987b2f0b01dc19d3d3ab.jpg,top,vcr,2026-04-27T18:30:51.154Z
246,top_vcra1_1715_jpg.rf.c325d65b50b77a2a677e0ab225be605d.jpg,top,vcr,2026-04-27T18:30:55.160Z
247,oth_vespsp2_0965_jpg.rf.b73370b100d3497ee30d671cbf95456d.jpg,oth,ves,2026-04-27T18:30:59.191Z
248,top_amel2_7444_jpg.rf.5bf2bfac54df5f220c8d04e6e1d7932c.jpg,top,ame,2026-04-27T18:31:03.198Z
249,top_amel1_2376_jpg.rf.fef4c6aac69d96b5a08ba14914024f5d.jpg,top,ame,2026-04-27T18:31:07.210Z
250,sid_vvel1_0332_jpg.rf.7d7822eec97fd40492a80dc5e98c9471.jpg,sid,vve,2026-04-27T18:31:11.220Z
251,top_amel2_6492_jpg.rf.fcce79cf4540c3c7b850cfe2c2829b6b.jpg,top,ame,2026-04-27T18:31:15.232Z
252,oth_NULL_0630_jpg.rf.c356a87e5de2735e6080aceff1aae5e3.jpg,oth,NUL,2026-04-27T18:31:19.248Z
253,top_vespsp2_2836_jpg.rf.75a9b9b47c1626c4071a9857d7803079.jpg,top,ves,2026-04-27T18:31:23.280Z
254,top_vespsp2_3617_jpg.rf.9b33ead1ef37d99e406a9bc60e079a73.jpg,top,ves,2026-04-27T18:31:27.285Z
255,top_vvel2_2720_jpg.rf.07fe7fe8424847c8a7198dfc4ae35d5f.jpg,top,vve,2026-04-27T18:31:31.317Z
256,top_vespsp2_3817_jpg.rf.77f3cbd3821bfe80ace89b9fb029fcc5.jpg,top,ves,2026-04-27T18:31:35.324Z
257,top_vvel2_6251_jpg.rf.d878e7198c09c918b92383b82ed09465.jpg,top,vve,2026-04-27T18:31:39.332Z
258,top_vvel1_2136_jpg.rf.c23113ad6c6bfa74538e736881d48c08.jpg,top,vve,2026-04-27T18:31:43.364Z
259,top_vespsp2_0778_jpg.rf.8456f229b6db3805b58e9a6c001d33a0.jpg,top,ves,2026-04-27T18:31:47.393Z
260,oth_vespsp1_1240_jpg.rf.faf7b38b1df4e2d1e12d03c9d17986af.jpg,oth,ves,2026-04-27T18:31:51.404Z
261,oth_amel1_0209_jpg.rf.dd8368c621da13b6cf566d3da582dac7.jpg,oth,ame,2026-04-27T18:31:55.438Z
262,sid_amel2_0872_jpg.rf.a85f11708d034ca33d6bdc7f483a8028.jpg,sid,ame,2026-04-27T18:31:59.453Z
263,top_amel2_4852_jpg.rf.644a65e51ad74d8d066d557d869ddedc.jpg,top,ame,2026-04-27T18:32:03.460Z
264,sid_vvel2_1434_jpg.rf.0493e80a5c39efa9b6689975bf6cb716.jpg,sid,vve,2026-04-27T18:32:07.474Z
265,sid_vvel2_3209_jpg.rf.861af0a45b1971ce98f7241e7f46dd6e.jpg,sid,vve,2026-04-27T18:32:11.486Z
266,oth_amel2_6609_jpg.rf.9e3f9232d2aaca3c148be4f8ecdb5c47.jpg,oth,ame,2026-04-27T18:32:15.522Z
267,top_vvel1_2239_jpg.rf.00f0ee56400047eef28cd39a429297ba.jpg,top,vve,2026-04-27T18:32:19.536Z
268,top_vvel1_2379_jpg.rf.b252f6c633e409b15beeda3d202245b3.jpg,top,vve,2026-04-27T18:32:23.561Z
269,oth_vespsp2_5519_jpg.rf.92c39355560fb77d264d97d504ef5288.jpg,oth,ves,2026-04-27T18:32:27.570Z
270,oth_vespsp1_0677_jpg.rf.ca2806a266f23c8cb52083aebe66d959.jpg,oth,ves,2026-04-27T18:32:31.600Z
271,oth_amel2_3014_jpg.rf.da7c58897b51d8e7a2f82def64723041.jpg,oth,ame,2026-04-27T18:32:35.617Z
272,oth_vcra2_0094_jpg.rf.a877e1cfd3b1ab32aa98a3ff227479ce.jpg,oth,vcr,2026-04-27T18:32:39.634Z
273,top_amel2_8849_jpg.rf.28dcc45dcc62754a3daddd93c654bb76.jpg,top,ame,2026-04-27T18:32:43.650Z
274,top_vcra1_1626_jpg.rf.032ed5b9ffdb08e7c0f88d3e05721802.jpg,top,vcr,2026-04-27T18:32:47.681Z
275,oth_vespsp2_2282_jpg.rf.b70d2e700699db18217636d22c65ce51.jpg,oth,ves,2026-04-27T18:32:51.690Z
276,top_vcra2_5463_jpg.rf.791e948d23ed14220ed8d4b9293d4958.jpg,top,vcr,2026-04-27T18:32:55.698Z
277,top_vespsp2_3453_jpg.rf.ffef281435e27997d94abbc52d285cbc.jpg,top,ves,2026-04-27T18:32:59.709Z
278,sid_vvel2_5562_jpg.rf.31eaec29094a15a99c5a74436d1d41bd.jpg,sid,vve,2026-04-27T18:33:03.740Z
279,top_amel1_0880_jpg.rf.f287e25346644c03ee63b95a66632b99.jpg,top,ame,2026-04-27T18:33:07.756Z
280,sid_amel2_2589_jpg.rf.b6cd604f3dac65dd54b2b2e0e2cfbc02.jpg,sid,ame,2026-04-27T18:33:11.765Z
281,top_vcra2_3162_jpg.rf.0750634e21473f7c7a37288e9543ff1b.jpg,top,vcr,2026-04-27T18:33:15.795Z
282,sid_amel2_0136_jpg.rf.779a53c0f4ab9f42f4c8c8e2263fa86f.jpg,sid,ame,2026-04-27T18:33:19.829Z
283,top_vvel2_5257_jpg.rf.be9508d8e558f06b92c873b5fab31787.jpg,top,vve,2026-04-27T18:33:23.838Z
284,top_vespsp2_5781_jpg.rf.ce45102d09bcd89b8529a0cb5a42a47f.jpg,top,ves,2026-04-27T18:33:27.869Z
285,oth_vespsp2_3457_jpg.rf.4b5a634d59d8d3657a892ff77c40fccd.jpg,oth,ves,2026-04-27T18:33:31.881Z
286,top_amel2_4342_jpg.rf.05ed29a383a30b8526ea4c4cec83957a.jpg,top,ame,2026-04-27T18:33:35.909Z
287,sid_vvel2_5287_jpg.rf.4c54f00f7d13e9850a7dd3566f0686f2.jpg,sid,vve,2026-04-27T18:33:39.918Z
288,top_vcra1_0645_jpg.rf.f031f620a1780d31c61b83791bcda229.jpg,top,vcr,2026-04-27T18:33:43.952Z
289,top_vcra2_4903_jpg.rf.7b1540439e49702b0a279c3ab0fa6c59.jpg,top,vcr,2026-04-27T18:33:47.981Z
290,top_vvel2_6285_jpg.rf.948fe7d614db3bdfab019885135bc3f6.jpg,top,vve,2026-04-27T18:33:51.995Z
291,top_vcra2_4778_jpg.rf.073c450b4b9c8953f5f7c329dbe5b657.jpg,top,vcr,2026-04-27T18:33:56.008Z
292,oth_vvel2_6073_jpg.rf.fa0bc634093021d6173c59738efd6ae0.jpg,oth,vve,2026-04-27T18:34:00.038Z
293,oth_amel2_8100_jpg.rf.058c56bb31c4efccf81c2e10e8ac1ff5.jpg,oth,ame,2026-04-27T18:34:04.053Z
294,sid_amel2_4379_jpg.rf.b88b55529dd01f289013ab6fd4d8239a.jpg,sid,ame,2026-04-27T18:34:08.084Z
295,top_NULL_0015_jpg.rf.a604ee1549684da27fb8101692d29fce.jpg,top,NUL,2026-04-27T18:34:12.097Z
296,sid_vcra2_2301_jpg.rf.68b3a64c3e6d1da59ffb1ccfae56c5ed.jpg,sid,vcr,2026-04-27T18:34:16.110Z
297,top_vvel2_3999_jpg.rf.19a667dc230a2b0a53169832aa1b2818.jpg,top,vve,2026-04-27T18:34:20.119Z
298,sid_amel1_0501_jpg.rf.9b8b53deb5a69ab7c97baed0cc653660.jpg,sid,ame,2026-04-27T18:34:24.153Z
299,oth_amel2_4274_jpg.rf.f0aa08b9a255f8304f28df1401014633.jpg,oth,ame,2026-04-27T18:34:28.166Z
300,sid_vcra2_5638_jpg.rf.3342caf941afe6b51bfaf110e771dcfe.jpg,sid,vcr,2026-04-27T18:34:32.180Z
301,top_vvel2_0673_jpg.rf.a4029a2f6374bfa0e303c52ce21b49d6.jpg,top,vve,2026-04-27T18:34:36.189Z
302,top_vcra2_4671_jpg.rf.626e1ce83bcca63913c979c09a582b91.jpg,top,vcr,2026-04-27T18:34:40.216Z
303,sid_amel2_4602_jpg.rf.985dd364c065ab4ed65f924f182a652f.jpg,sid,ame,2026-04-27T18:34:44.248Z
304,top_vespsp2_2289_jpg.rf.0c8717c66c0cd7bfa9c8fab32b94cd92.jpg,top,ves,2026-04-27T18:34:48.258Z
305,top_amel2_4455_jpg.rf.a36cafa521beac9daadaedd36eea75c8.jpg,top,ame,2026-04-27T18:34:52.293Z
306,top_vespsp2_1745_jpg.rf.acbd792376a62a30d11db1eeecd2442c.jpg,top,ves,2026-04-27T18:34:56.304Z
307,top_vvel2_5675_jpg.rf.fc15e1acf5b8ae6c171ac3faac78f831.jpg,top,vve,2026-04-27T18:35:00.331Z
308,top_vcra2_3027_jpg.rf.bfe328b68e294509454cec535d2e05ec.jpg,top,vcr,2026-04-27T18:35:04.366Z
309,oth_vvel1_2113_jpg.rf.ccaf77babcaf195f4b4177d58f16f019.jpg,oth,vve,2026-04-27T18:35:08.379Z
310,oth_amel2_8902_jpg.rf.1059a80475934994a79fac07666bb7af.jpg,oth,ame,2026-04-27T18:35:12.414Z
311,sid_amel2_3553_jpg.rf.bcbf6da836bc9d2b69e0abac6f497ae5.jpg,sid,ame,2026-04-27T18:35:16.424Z
312,oth_vvel2_6019_jpg.rf.7f20b4ab9de25149eb64634fd3a17d3e.jpg,oth,vve,2026-04-27T18:35:20.434Z
313,sid_vespsp2_5457_jpg.rf.0a7b35092c5f227d9e55dfe3cdda4b26.jpg,sid,ves,2026-04-27T18:35:24.443Z
314,sid_vvel1_1485_jpg.rf.277265744818c5775b09d49b2d7758c8.jpg,sid,vve,2026-04-27T18:35:28.473Z
315,oth_vvel1_1394_jpg.rf.85daaf87ab310f36cdc6c5a8463af8e2.jpg,oth,vve,2026-04-27T18:35:32.487Z
316,sid_vvel1_0621_jpg.rf.0014804cea9a35f93ffac4ceebe07fb2.jpg,sid,vve,2026-04-27T18:35:36.490Z
317,top_amel2_3618_jpg.rf.c8b31777d2bab0c26bccb4d2ea7bc7e9.jpg,top,ame,2026-04-27T18:35:40.500Z
318,top_vvel1_2101_jpg.rf.13530ce12c8f42cd9691650929a98947.jpg,top,vve,2026-04-27T18:35:44.530Z
319,top_vvel1_0953_jpg.rf.5de85f3ca4bb7e944e9764a7968c0bdb.jpg,top,vve,2026-04-27T18:35:48.552Z
320,oth_vcra2_3222_jpg.rf.ae1b34f14766ec7d562f9e8283a3eff5.jpg,oth,vcr,2026-04-27T18:35:52.562Z
321,top_vvel2_2329_jpg.rf.7000119b196a3f2c3eac4a8521726280.jpg,top,vve,2026-04-27T18:35:56.569Z
322,top_vespsp2_4508_jpg.rf.80a60263cff46441b28a65234a060c24.jpg,top,ves,2026-04-27T18:36:00.583Z
323,sid_amel2_7468_jpg.rf.da506371c6f565e03fe9a5c58b0ad0f6.jpg,sid,ame,2026-04-27T18:36:04.613Z
324,sid_amel1_0438_jpg.rf.0d0e7d36d4d46c0da80f741cc973b1d7.jpg,sid,ame,2026-04-27T18:36:08.624Z
325,oth_amel2_2929_jpg.rf.2b728c5a9586cd3eada56bb41654070d.jpg,oth,ame,2026-04-27T18:36:12.642Z
326,oth_amel2_8880_jpg.rf.0ce12c0b6a717d6f7222c233fd7c4c98.jpg,oth,ame,2026-04-27T18:36:16.656Z
327,oth_vvel2_2911_jpg.rf.523936d873d6232190261ddd6d5ccfc9.jpg,oth,vve,2026-04-27T18:36:20.664Z
328,top_vcra2_5094_jpg.rf.3348fe4e05e8e10ddcdacb476eb37e81.jpg,top,vcr,2026-04-27T18:36:24.683Z
329,sid_vvel1_0620_jpg.rf.603f15e7b590513132a46bd8a5bc60cf.jpg,sid,vve,2026-04-27T18:36:28.741Z
330,top_vespsp2_1801_jpg.rf.7cee1d3f3d7aacaf1c3c3eb7e4e7c9e4.jpg,top,ves,2026-04-27T18:36:32.747Z
331,top_vespsp2_2472_jpg.rf.82b9ad2d65d10b35bf357dec3b902172.jpg,top,ves,2026-04-27T18:36:36.751Z
332,sid_amel2_8391_jpg.rf.7afa1a2173487557689f771bf847ab2e.jpg,sid,ame,2026-04-27T18:36:40.763Z
333,top_vcra2_4503_jpg.rf.16d674467ff7b41eaa68387b83857d66.jpg,top,vcr,2026-04-27T18:36:44.788Z
334,oth_vcra1_0783_jpg.rf.25a40f67c3ee1cc4b12e3136e0df19df.jpg,oth,vcr,2026-04-27T18:36:48.797Z
335,sid_vvel2_0751_jpg.rf.4bcfb9e5245e27fea4478cab0e971eb3.jpg,sid,vve,2026-04-27T18:36:52.804Z
336,oth_vespsp2_0200_jpg.rf.2cfe1ca5f72b2a4865c2d35b47bd320c.jpg,oth,ves,2026-04-27T18:36:56.810Z
337,top_vcra2_3116_jpg.rf.823936e9793cb03618bbd6b70539a2f1.jpg,top,vcr,2026-04-27T18:37:00.818Z
338,top_amel2_4369_jpg.rf.453c1b2ec323b8cd0884dfa15c91c668.jpg,top,ame,2026-04-27T18:37:04.849Z
339,oth_amel2_2778_jpg.rf.df9099f1ec28aa1837063cf74a85e413.jpg,oth,ame,2026-04-27T18:37:08.856Z
340,sid_amel2_2898_jpg.rf.28b56230be34f2596fdd76c9b327b47d.jpg,sid,ame,2026-04-27T18:37:12.881Z
341,top_vespsp1_2314_jpg.rf.55e9c79794e83a6df37963266d1245fa.jpg,top,ves,2026-04-27T18:37:16.886Z
342,sid_vespsp2_2362_jpg.rf.bace50e6ad165d522297adb3fc01d876.jpg,sid,ves,2026-04-27T18:37:20.923Z
343,sid_vespsp2_6361_jpg.rf.783f1295d5facfc1482600477293ad3e.jpg,sid,ves,2026-04-27T18:37:24.948Z
344,oth_vcra2_2697_jpg.rf.3314ed4ee8d9d5024bbbb7d0bbbd6e94.jpg,oth,vcr,2026-04-27T18:37:28.972Z
345,sid_vvel2_1225_jpg.rf.91a7e86c5376f8db01ad15fe8b971f90.jpg,sid,vve,2026-04-27T18:37:32.999Z
346,top_vvel2_3206_jpg.rf.e7ca779484032acb2f23fb58f5e40885.jpg,top,vve,2026-04-27T18:37:37.030Z
347,top_vvel2_5020_jpg.rf.9a37cc4afd18c3c6d0d2167967b2717a.jpg,top,vve,2026-04-27T18:37:41.059Z
348,sid_vespsp2_0430_jpg.rf.17d89bc65d821057955d98a7f1967231.jpg,sid,ves,2026-04-27T18:37:45.065Z
349,oth_vvel2_6217_jpg.rf.07f40a5af2e8beeee12b3181585bd999.jpg,oth,vve,2026-04-27T18:37:49.089Z
350,oth_vespsp2_6041_jpg.rf.1df712275c00ad595f4007cdca604cb1.jpg,oth,ves,2026-04-27T18:37:53.092Z
351,top_vvel2_0088_jpg.rf.2b0a13f23f692345922353b732769c89.jpg,top,vve,2026-04-27T18:37:57.116Z
352,sid_vespsp2_1679_jpg.rf.5874a74c2aa16875fbe8a31a2337bbcc.jpg,sid,ves,2026-04-27T18:38:01.146Z
353,top_vvel2_4177_jpg.rf.73110402d97901327f23e48857450068.jpg,top,vve,2026-04-27T18:38:05.156Z
354,oth_vvel1_1039_jpg.rf.72a145494eea9811b86090cc59bbce0f.jpg,oth,vve,2026-04-27T18:38:09.184Z
355,oth_NULL_1759_jpg.rf.86e8c179458ca2e08d8f5a41d8b760e7.jpg,oth,NUL,2026-04-27T18:38:13.199Z
356,sid_amel2_5641_jpg.rf.ce68a0f96913e9cc655958bbf6487b6e.jpg,sid,ame,2026-04-27T18:38:17.203Z
357,top_vcra2_5577_jpg.rf.ee45adc444bd88bfefb653f0aa061598.jpg,top,vcr,2026-04-27T18:38:21.234Z
358,top_amel2_2466_jpg.rf.4f523637b86f39000b9e4cf046de88b7.jpg,top,ame,2026-04-27T18:38:25.247Z
359,sid_NULL_0018_jpg.rf.6bb7611b96dda211e5425ca727ffcc28.jpg,sid,NUL,2026-04-27T18:38:29.257Z
360,top_NULL_1539_jpg.rf.d386180a1174631c5cb8b8030c6f4bf4.jpg,top,NUL,2026-04-27T18:38:33.286Z
361,top_vvel2_4779_jpg.rf.569480dae6deea43c9e97718c30489e2.jpg,top,vve,2026-04-27T18:38:37.313Z
362,top_vvel2_0842_jpg.rf.f188b704d79a8520852a58998480fae8.jpg,top,vve,2026-04-27T18:38:41.320Z
363,top_vespsp2_4213_jpg.rf.3d04d18402cf05c9b4d198e0910cd453.jpg,top,ves,2026-04-27T18:38:45.336Z
364,oth_vvel2_4579_jpg.rf.8a3e0316beb5430b048d504539d84c20.jpg,oth,vve,2026-04-27T18:38:49.357Z
365,top_vcra2_4708_jpg.rf.3ba986c1f0c2d65db91b2d1f309ffc4f.jpg,top,vcr,2026-04-27T18:38:53.362Z
366,oth_amel1_1998_jpg.rf.e825cd029b1464a9c180fca891fec428.jpg,oth,ame,2026-04-27T18:38:57.376Z
367,top_vespsp1_2209_jpg.rf.e6a026c4c2fda477f17fa57e9649addb.jpg,top,ves,2026-04-27T18:39:01.388Z
368,top_vcra1_1404_jpg.rf.2bc499c61fc9254a3d6969511ecfd905.jpg,top,vcr,2026-04-27T18:39:05.404Z
369,sid_amel1_1495_jpg.rf.c26f1b34a4b55f3ab567f2df1ef6f9c3.jpg,sid,ame,2026-04-27T18:39:09.416Z
370,oth_vvel2_6286_jpg.rf.cd22b01c7b07d4657b0dc7adac5094ee.jpg,oth,vve,2026-04-27T18:39:13.440Z
371,oth_vcra2_0170_jpg.rf.d4eac8e8025493cf81a5ef7c06851eb6.jpg,oth,vcr,2026-04-27T18:39:17.472Z
372,oth_amel1_2371_jpg.rf.a72d62e72f265be0b119d462d3d0716d.jpg,oth,ame,2026-04-27T18:39:21.487Z
373,oth_amel2_0205_jpg.rf.6edafd9c2cf6e09689c35bfaa6e5ab46.jpg,oth,ame,2026-04-27T18:39:25.492Z
374,top_amel1_0282_jpg.rf.892f0983d55737474296559a1f9064c3.jpg,top,ame,2026-04-27T18:39:29.523Z
375,top_vcra2_5640_jpg.rf.a93eb57a0a750f8ad466796fc8f66fc4.jpg,top,vcr,2026-04-27T18:39:33.552Z
376,oth_vcra1_1990_jpg.rf.f17a031c822d7bc20bb9eadc53ef3a45.jpg,oth,vcr,2026-04-27T18:39:37.562Z
377,top_vcra2_3845_jpg.rf.92f4fedd711b4e8c21c87eefb8607b51.jpg,top,vcr,2026-04-27T18:39:41.573Z
378,top_vvel1_1319_jpg.rf.99106d9bbd3c1321b75c2c76d8771d78.jpg,top,vve,2026-04-27T18:39:45.606Z
379,oth_vcra2_4596_jpg.rf.bb7e58c543a594840c3ce27e198f9a2c.jpg,oth,vcr,2026-04-27T18:39:49.622Z
380,top_vvel2_4915_jpg.rf.5e20488dcbfbcdd280e3157fe7e36480.jpg,top,vve,2026-04-27T18:39:53.653Z
381,oth_vespsp2_2566_jpg.rf.adf5115ef36d089e2c68499fbe20f3d9.jpg,oth,ves,2026-04-27T18:39:57.669Z
382,sid_NULL_1509_jpg.rf.b3b670d7ed2d9a972c73ed96472c6d93.jpg,sid,NUL,2026-04-27T18:40:01.686Z
383,sid_amel2_0032_jpg.rf.5c5dc0e44d13c6c0f7d52d8c1e9f1cea.jpg,sid,ame,2026-04-27T18:40:05.694Z
384,sid_amel2_5363_jpg.rf.7689b084ee58cdee9d200acbc280ce25.jpg,sid,ame,2026-04-27T18:40:09.713Z
385,top_vvel2_5244_jpg.rf.fc4d528baf0901679e44c9fe90a86d94.jpg,top,vve,2026-04-27T18:40:13.747Z
386,oth_amel1_1702_jpg.rf.3b17b6aa566045574ec46e8ff52c88fb.jpg,oth,ame,2026-04-27T18:40:17.759Z
387,oth_vespsp1_0748_jpg.rf.2c94509dcad05e45b73e0520e49df2e8.jpg,oth,ves,2026-04-27T18:40:21.793Z
388,top_vespsp2_3243_jpg.rf.4bbe2fcc1fbe8e0b52197873b875c7b1.jpg,top,ves,2026-04-27T18:40:25.799Z
1,oth_vvel2_1415_jpg.rf.82b140939b01ae29fc03f3523190c93e.jpg,oth,vve,2026-04-27T18:40:29.812Z
2,sid_NULL_1491_jpg.rf.b71393a82e12e4818aa6f9ab96c28c44.jpg,sid,NUL,2026-04-27T18:40:33.839Z
3,top_vvel2_0052_jpg.rf.494cc5e19a9c0e8efd24c84305a2fa91.jpg,top,vve,2026-04-27T18:40:37.872Z
4,top_vcra1_2262_jpg.rf.66a100a6bcf10a9f94a651d26a4dcd97.jpg,top,vcr,2026-04-27T18:40:41.903Z
5,top_vespsp2_5751_jpg.rf.2f3c650787659405a2f337b014e95602.jpg,top,ves,2026-04-27T18:40:45.936Z
6,top_vcra2_3246_jpg.rf.752f908bbca348dc40172eaf6613f144.jpg,top,vcr,2026-04-27T18:40:49.966Z
7,top_amel2_1598_jpg.rf.c4a90826a5f9aa5a2418c45462704bf0.jpg,top,ame,2026-04-27T18:40:53.975Z
8,oth_vvel2_2642_jpg.rf.907276ecc8f317156b4f26e54172eaa1.jpg,oth,vve,2026-04-27T18:40:58.006Z
9,oth_vespsp2_0688_jpg.rf.c261078e19d68a6a011475dbdeae38d9.jpg,oth,ves,2026-04-27T18:41:02.036Z
10,sid_vvel2_4022_jpg.rf.c6ee2a5100f50d02124bc1a9493021e8.jpg,sid,vve,2026-04-27T18:41:06.066Z
11,sid_vcra2_1191_jpg.rf.34d86079ff7ebe957ee8986350e9dfce.jpg,sid,vcr,2026-04-27T18:41:10.097Z
12,oth_vcra2_5852_jpg.rf.ec9c50a2a5b00d722b490172a80b09c2.jpg,oth,vcr,2026-04-27T18:41:14.108Z
13,oth_vvel2_3685_jpg.rf.1b5d173726099966a47c80dcc37a9b33.jpg,oth,vve,2026-04-27T18:41:18.137Z
14,top_vvel2_4601_jpg.rf.eccfbdf96cdd6e7a08d268d6b76a6664.jpg,top,vve,2026-04-27T18:41:22.164Z
15,oth_vvel1_2503_jpg.rf.8776d94ff7061ba43b91a0c190c7c269.jpg,oth,vve,2026-04-27T18:41:26.168Z
16,top_vvel1_1222_jpg.rf.5c0b73feadb3c6a7285e4f62953b5bc2.jpg,top,vve,2026-04-27T18:41:30.175Z
17,top_vcra2_4993_jpg.rf.1749e3f9c6ba7d91a5d8c6faff59d937.jpg,top,vcr,2026-04-27T18:41:34.188Z
18,sid_vvel2_4971_jpg.rf.f605f9ce04fb230a355e188490407b9f.jpg,sid,vve,2026-04-27T18:41:38.216Z
19,top_NULL_1189_jpg.rf.6fb152c3e8032c2755cd5d5adf305d9c.jpg,top,NUL,2026-04-27T18:41:42.235Z
20,top_vcra2_5417_jpg.rf.f529ebec88e3ecfa35109b56ae0f1837.jpg,top,vcr,2026-04-27T18:41:46.245Z
21,top_amel1_2241_jpg.rf.0dc1fb6205b2c346a0db197d3d0e02cc.jpg,top,ame,2026-04-27T18:41:50.260Z
22,top_vvel2_2282_jpg.rf.58d632c09325b78bf4c19b30a58c2859.jpg,top,vve,2026-04-27T18:41:54.270Z
23,top_vcra2_4610_jpg.rf.5ec59bcdb51b620b817e0d82e2fce210.jpg,top,vcr,2026-04-27T18:41:58.283Z
24,sid_vcra2_0169_jpg.rf.1d450a03e04c1a9888333284d12c8398.jpg,sid,vcr,2026-04-27T18:42:02.292Z
25,sid_vespsp2_4146_jpg.rf.29def1c64f390a6d15252bde98452c97.jpg,sid,ves,2026-04-27T18:42:06.305Z
26,oth_amel2_8276_jpg.rf.6aa5659f172f6e8c3c3f1e20b13f0028.jpg,oth,ame,2026-04-27T18:42:10.332Z
27,oth_vespsp1_0414_jpg.rf.2391cc301bb7cd82923ff97acb806485.jpg,oth,ves,2026-04-27T18:42:14.361Z
28,oth_vespsp2_4642_jpg.rf.b3cfa113738382648f179b746cfb40fe.jpg,oth,ves,2026-04-27T18:42:18.371Z
29,sid_amel1_2405_jpg.rf.9a67327e04b326d84dccc65fd3e1ab86.jpg,sid,ame,2026-04-27T18:42:22.403Z
30,sid_vcra2_2704_jpg.rf.aef45048fdad19521b71ff8dc85b43e6.jpg,sid,vcr,2026-04-27T18:42:26.405Z
31,top_amel2_7053_jpg.rf.cf11f61a0914805604a3933c51e93cf1.jpg,top,ame,2026-04-27T18:42:30.433Z
32,oth_vespsp2_4443_jpg.rf.1929ed54bf5a67301f44a3235e7c6999.jpg,oth,ves,2026-04-27T18:42:34.465Z
33,oth_vvel2_5978_jpg.rf.81930247ae3450667e779ce99ffae6e6.jpg,oth,vve,2026-04-27T18:42:38.475Z
34,top_NULL_0353_jpg.rf.8d9c33044b01adf899fd538e76d31d15.jpg,top,NUL,2026-04-27T18:42:42.488Z
35,top_amel1_1106_jpg.rf.266b96b36c4c6e1fe4391354b86f7d00.jpg,top,ame,2026-04-27T18:42:46.508Z
36,oth_vcra1_1835_jpg.rf.49360b95a1a0021244d1557f5fb168de.jpg,oth,vcr,2026-04-27T18:42:50.516Z
37,oth_amel2_5354_jpg.rf.d8a38fc5e4fc2787865e4d057be87af6.jpg,oth,ame,2026-04-27T18:42:54.549Z
38,oth_vvel1_1642_jpg.rf.d1d9c62eb82cf0fed9a891f4afb53ddb.jpg,oth,vve,2026-04-27T18:42:58.577Z
39,oth_vespsp2_3057_jpg.rf.451e57b37252867c3392139d357468f3.jpg,oth,ves,2026-04-27T18:43:02.605Z
40,sid_amel2_2483_jpg.rf.bbfb8f66439e654268454864d95bf122.jpg,sid,ame,2026-04-27T18:43:06.617Z
41,top_amel2_6382_jpg.rf.befac5fc9a6d6f19d394c578d7c8825a.jpg,top,ame,2026-04-27T18:43:10.632Z
42,top_vespsp2_1324_jpg.rf.9f3526ffde3405f8261ef62b5303332a.jpg,top,ves,2026-04-27T18:43:14.642Z
43,top_vcra2_1572_jpg.rf.873180f675911b65da332461a2ddd7d4.jpg,top,vcr,2026-04-27T18:43:18.651Z
44,top_vespsp2_3595_jpg.rf.54946e20e7c823ba6670531f6e397e68.jpg,top,ves,2026-04-27T18:43:22.676Z
45,top_vcra2_4981_jpg.rf.4a2280b28b8590e7ffde5e3a224d6434.jpg,top,vcr,2026-04-27T18:43:26.690Z
46,sid_vespsp2_1773_jpg.rf.acdfb1032d20f333933f1379efb2f7d7.jpg,sid,ves,2026-04-27T18:43:30.699Z
47,top_amel2_6507_jpg.rf.090c5a89085ac6282ec9b049f23961b2.jpg,top,ame,2026-04-27T18:43:34.705Z
48,oth_vvel2_1030_jpg.rf.50bf8416a0f974ad1d81fb7cc9068d08.jpg,oth,vve,2026-04-27T18:43:38.731Z
49,top_amel1_0617_jpg.rf.1e306b4979d6ee1e07a142aeba33b690.jpg,top,ame,2026-04-27T18:43:42.760Z
50,sid_amel1_2436_jpg.rf.2078a2d88b20a77fcd24604a5d089c1e.jpg,sid,ame,2026-04-27T18:43:46.793Z
51,top_vcra2_0592_jpg.rf.c8279c25e8c87779b27f2ea88b419173.jpg,top,vcr,2026-04-27T18:43:50.798Z
52,oth_amel2_3759_jpg.rf.e3e9ac5d6912a501ccae113822614306.jpg,oth,ame,2026-04-27T18:43:54.815Z
53,sid_vespsp2_1055_jpg.rf.a4d772cabae42b8e441c14431d8f4019.jpg,sid,ves,2026-04-27T18:43:58.837Z
54,top_amel2_3359_jpg.rf.9b20f628a7fdc99278d91bdcc25d0eef.jpg,top,ame,2026-04-27T18:44:02.861Z
55,oth_NULL_1590_jpg.rf.f0ab9a8f5ccbc924263ca37eab5586bd.jpg,oth,NUL,2026-04-27T18:44:06.873Z
56,oth_vcra1_0406_jpg.rf.f69de260a45a3cd9773eb897e0e8eb5e.jpg,oth,vcr,2026-04-27T18:44:10.883Z
57,sid_vespsp1_0502_jpg.rf.00d39cc7ebce84a997ab3ecf3f2edabf.jpg,sid,ves,2026-04-27T18:44:14.891Z
58,top_vvel2_0464_jpg.rf.2dd3eb315a558ac9b3fe4567360517a4.jpg,top,vve,2026-04-27T18:44:18.902Z
59,oth_vvel2_0060_jpg.rf.e4c73ba7828c17e38aa417146b17dd69.jpg,oth,vve,2026-04-27T18:44:22.914Z
60,sid_amel1_1815_jpg.rf.98375f470f95d58e5067b6a52a12be9b.jpg,sid,ame,2026-04-27T18:44:26.933Z
61,sid_vcra2_0083_jpg.rf.8aa2e60a91553eafd52e5f36494e5e2a.jpg,sid,vcr,2026-04-27T18:44:30.941Z
62,sid_vvel1_2275_jpg.rf.9935f4facb2f0b517539f91b6abf7e72.jpg,sid,vve,2026-04-27T18:44:34.951Z
63,top_vcra2_3243_jpg.rf.471b68ca048c1f0c9d39e95c07e528e8.jpg,top,vcr,2026-04-27T18:44:38.968Z
64,sid_amel2_4833_jpg.rf.d08e1df20ba60c3b08892a42af79d4ef.jpg,sid,ame,2026-04-27T18:44:42.980Z
65,oth_vespsp2_1469_jpg.rf.cdbc97ec5504453d290099f9b97b8c75.jpg,oth,ves,2026-04-27T18:44:46.990Z
66,sid_vcra2_5563_jpg.rf.fb2bad3355ba8cfc88b1268c8679ceee.jpg,sid,vcr,2026-04-27T18:44:51.007Z
67,top_amel1_2037_jpg.rf.b85dc62f31ec5c7a6f56da94c2a2f262.jpg,top,ame,2026-04-27T18:44:55.039Z
68,oth_amel1_1546_jpg.rf.6de31c982a7d34e7b9cdf52400722fc8.jpg,oth,ame,2026-04-27T18:44:59.047Z
69,oth_vespsp2_0465_jpg.rf.75bac31d920b3d74ece9b585110deb27.jpg,oth,ves,2026-04-27T18:45:03.060Z
70,top_amel2_4706_jpg.rf.a855f2a1e323503094150ea16840c8d0.jpg,top,ame,2026-04-27T18:45:07.066Z
71,top_NULL_0872_jpg.rf.f456a6f2be88b1aca4f5630add0c0bc7.jpg,top,NUL,2026-04-27T18:45:11.082Z
72,sid_vvel2_5289_jpg.rf.44cc13d6e0d76162908e2da5854f9323.jpg,sid,vve,2026-04-27T18:45:15.101Z
73,oth_vespsp2_0353_jpg.rf.517e9ec46296464d7a6f456b17355efc.jpg,oth,ves,2026-04-27T18:45:19.112Z
74,top_vvel2_1498_jpg.rf.68a79957ca037d46bcfc51f15e3b311d.jpg,top,vve,2026-04-27T18:45:23.124Z
75,oth_vvel1_1000_jpg.rf.5c020230e1a9bb08146797a7bff921bb.jpg,oth,vve,2026-04-27T18:45:27.135Z
76,top_vespsp2_0975_jpg.rf.6a188772eef6b2bf29db23339c29e06b.jpg,top,ves,2026-04-27T18:45:31.165Z
77,top_vcra2_5962_jpg.rf.7958c3485dc25bf2703527b6d1e35a9c.jpg,top,vcr,2026-04-27T18:45:35.196Z
78,top_vcra1_0051_jpg.rf.88201619136a2a594e7423dbb94bb572.jpg,top,vcr,2026-04-27T18:45:39.222Z
79,top_vcra2_0894_jpg.rf.d7295df20cf4994f682ba11d7c0921c4.jpg,top,vcr,2026-04-27T18:45:43.239Z
80,top_vcra2_1648_jpg.rf.cff8c54054fe31da6f8fc85a9c5e843b.jpg,top,vcr,2026-04-27T18:45:47.255Z
81,oth_vespsp2_4262_jpg.rf.654f83a1d4f009df07e996fdaf3ca167.jpg,oth,ves,2026-04-27T18:45:51.278Z
82,top_vespsp2_2995_jpg.rf.4eedda9155b3761ad7c2a31458fdf305.jpg,top,ves,2026-04-27T18:45:55.292Z
83,oth_vvel2_4040_jpg.rf.408c6c9cb338fe35b4639afde331d7ce.jpg,oth,vve,2026-04-27T18:45:59.298Z
84,oth_amel2_8968_jpg.rf.e4899431d2d0625f4c50471dda96a1f7.jpg,oth,ame,2026-04-27T18:46:03.310Z
85,sid_amel2_5882_jpg.rf.68be86445ba755828fc4c72f5fb7fedd.jpg,sid,ame,2026-04-27T18:46:07.339Z
86,oth_amel2_1181_jpg.rf.b159639b6ad04194e3aceb7b7126aafb.jpg,oth,ame,2026-04-27T18:46:11.358Z
87,top_vcra2_3239_jpg.rf.9f16acf1eb5986cdf2195e5ff74edca3.jpg,top,vcr,2026-04-27T18:46:15.366Z
88,top_amel2_4743_jpg.rf.f9ac5c7a02843c08c162e622f170eed7.jpg,top,ame,2026-04-27T18:46:19.387Z
89,sid_vcra1_1728_jpg.rf.c429e57c14ef1965e7d5e5c1f4ec469d.jpg,sid,vcr,2026-04-27T18:46:23.401Z
90,oth_vvel1_2572_jpg.rf.97cd91025e8f0724f9f8fb020f75be92.jpg,oth,vve,2026-04-27T18:46:27.418Z
91,top_vcra2_4220_jpg.rf.c9128a3ac62e44f27b054a21928c9e39.jpg,top,vcr,2026-04-27T18:46:31.431Z
92,top_vespsp2_5842_jpg.rf.3e6111636236159b11d52b15585bbdb0.jpg,top,ves,2026-04-27T18:46:35.447Z
93,top_vespsp2_5740_jpg.rf.e88a5e738089a3a8874177fca76a2a29.jpg,top,ves,2026-04-27T18:46:39.477Z
94,sid_amel2_8519_jpg.rf.bd9fce732ef096e134dbf2015fd004b4.jpg,sid,ame,2026-04-27T18:46:43.497Z
95,sid_amel2_1827_jpg.rf.2d191c93e632fdf5d6b6d899213d9616.jpg,sid,ame,2026-04-27T18:46:47.514Z
96,top_amel2_7062_jpg.rf.51e15ebd545b368f92dcdf4cbb42f1be.jpg,top,ame,2026-04-27T18:46:51.531Z
97,top_vvel2_0310_jpg.rf.357ad908d2f81b87ea71925fe6583cf6.jpg,top,vve,2026-04-27T18:46:55.547Z
98,sid_amel2_8480_jpg.rf.17cfddac54cf5cfa3dac6248ee45eedd.jpg,sid,ame,2026-04-27T18:46:59.567Z
99,oth_amel1_0782_jpg.rf.a89a46ef3965ec93a4878d8b418106fd.jpg,oth,ame,2026-04-27T18:47:03.575Z
100,sid_vvel1_1416_jpg.rf.b34a42cd44513a31e8b1624fcb1c35a7.jpg,sid,vve,2026-04-27T18:47:07.611Z
101,sid_vespsp2_5083_jpg.rf.ee849cb42aa0cd6661327ab6ce1a642d.jpg,sid,ves,2026-04-27T18:47:11.640Z
102,top_amel1_0456_jpg.rf.d3be1392ea3a385f13524e980b1876ea.jpg,top,ame,2026-04-27T18:47:15.661Z
103,top_vespsp2_2700_jpg.rf.90755a640cd2b22aa04173f87d9d6a49.jpg,top,ves,2026-04-27T18:47:19.677Z
104,top_vvel2_5859_jpg.rf.e3f80ebc3da180d4a480eb09ac49e1f3.jpg,top,vve,2026-04-27T18:47:23.694Z
105,top_NULL_0843_jpg.rf.62929cb4b4eb3742840f2c8d79a87323.jpg,top,NUL,2026-04-27T18:47:27.702Z
106,sid_vespsp2_3391_jpg.rf.f8a501a08474545228aa96a33aac880f.jpg,sid,ves,2026-04-27T18:47:31.719Z
107,oth_vvel2_1967_jpg.rf.cf408efebd90bbd94b281e586937f33d.jpg,oth,vve,2026-04-27T18:47:35.728Z
108,oth_amel1_1610_jpg.rf.772b485f885ed74ceb70c448834a4c35.jpg,oth,ame,2026-04-27T18:47:39.740Z
109,sid_vespsp1_0024_jpg.rf.c9e83bdd63f272e1c459cd7b96d1eed2.jpg,sid,ves,2026-04-27T18:47:43.770Z
110,top_vespsp2_0967_jpg.rf.c4b982c9606dc0dd9af08ca8eff4fe33.jpg,top,ves,2026-04-27T18:47:47.778Z
111,oth_vespsp2_1848_jpg.rf.ec574b1058c14ddd82de03f413011ca9.jpg,oth,ves,2026-04-27T18:47:51.810Z
112,top_vcra2_6048_jpg.rf.b043aa437cb523b7397b4cc4f2ec58a1.jpg,top,vcr,2026-04-27T18:47:55.823Z
113,oth_amel1_0702_jpg.rf.2dd393c6504a82b005a0d181d56e7c33.jpg,oth,ame,2026-04-27T18:47:59.830Z
114,top_vvel2_5949_jpg.rf.31928502f277678cd60100297b5ecf04.jpg,top,vve,2026-04-27T18:48:03.838Z
115,top_vespsp2_4926_jpg.rf.b8424fd38daac3b2369aee522e5b125e.jpg,top,ves,2026-04-27T18:48:07.847Z
116,oth_vvel2_6210_jpg.rf.520f0293de0fbaf08ec2791a35cd89b6.jpg,oth,vve,2026-04-27T18:48:11.861Z
117,top_vespsp2_1857_jpg.rf.f74fbeb80a32f0dbf404cefd0a3c5095.jpg,top,ves,2026-04-27T18:48:15.869Z
118,top_vvel2_1179_jpg.rf.7ca23447f37daeeffb5e9111d14e0fff.jpg,top,vve,2026-04-27T18:48:19.904Z
119,sid_vvel2_4547_jpg.rf.d4d0ea5ebad163453a57d1fbbf14a951.jpg,sid,vve,2026-04-27T18:48:23.925Z
120,oth_amel1_1349_jpg.rf.c03d28b2dd63f0cd05fd95a63000e48b.jpg,oth,ame,2026-04-27T18:48:27.941Z
121,sid_amel1_1458_jpg.rf.e2d9dbc32fab63347990fa7c9273f72a.jpg,sid,ame,2026-04-27T18:48:31.966Z
122,top_vcra1_0602_jpg.rf.8a82b12875a2e6a5d93935433588860b.jpg,top,vcr,2026-04-27T18:48:35.975Z
123,oth_amel2_6212_jpg.rf.2d04ad9be02a5d3de54c70b95d3dfc2e.jpg,oth,ame,2026-04-27T18:48:40.004Z
124,oth_vespsp1_1409_jpg.rf.34fec0515876eb5e15b77439f52afb7e.jpg,oth,ves,2026-04-27T18:48:44.019Z
125,sid_amel2_0183_jpg.rf.f502906f8f0edfe1c4d2050b69e45cab.jpg,sid,ame,2026-04-27T18:48:48.049Z
126,top_vespsp2_2950_jpg.rf.0c89f9cc0271280f3e7ada597c19dcac.jpg,top,ves,2026-04-27T18:48:52.080Z
127,sid_vcra1_0437_jpg.rf.ccd2c10d7dbc78e59b443fc71602be92.jpg,sid,vcr,2026-04-27T18:48:56.093Z
128,top_vespsp2_2980_jpg.rf.8c432d77581612e4f0f430f812e15065.jpg,top,ves,2026-04-27T18:49:00.120Z
129,top_vvel2_5345_jpg.rf.fe505a5c7b997ab12c5847d1b0919f23.jpg,top,vve,2026-04-27T18:49:04.134Z
130,top_NULL_0908_jpg.rf.e5c1eceb174c35a63ce8ae328fe9b9b1.jpg,top,NUL,2026-04-27T18:49:08.147Z
131,top_vvel1_0860_jpg.rf.67348bcb961f98e4c55d3baf5c0f3732.jpg,top,vve,2026-04-27T18:49:12.162Z
132,sid_vespsp2_3327_jpg.rf.51cdb139c4837a8b23c6ab35321bf581.jpg,sid,ves,2026-04-27T18:49:16.172Z
133,top_amel2_5053_jpg.rf.adc8bd421008dedfc25d2886ebbd706f.jpg,top,ame,2026-04-27T18:49:20.179Z
134,top_vcra1_1082_jpg.rf.3f3b96ed62726422bd5744d8644fe22f.jpg,top,vcr,2026-04-27T18:49:24.196Z
135,oth_vvel2_4806_jpg.rf.b4ddea816d52a1279f1bcc8ddd5ce43f.jpg,oth,vve,2026-04-27T18:49:28.213Z
136,sid_vcra2_4251_jpg.rf.e243cb7dae9e351321b17efa8f34781f.jpg,sid,vcr,2026-04-27T18:49:32.226Z
137,oth_amel2_3625_jpg.rf.e0e34124078b7a113aef678d8a1eae79.jpg,oth,ame,2026-04-27T18:49:36.244Z
138,top_vvel2_2268_jpg.rf.f79c70f86dc3aa7575d3ac40b2017006.jpg,top,vve,2026-04-27T18:49:40.257Z
139,top_vespsp2_2373_jpg.rf.274dfb5531d9cf2773b27ae88710f716.jpg,top,ves,2026-04-27T18:49:44.287Z
140,oth_vvel2_5352_jpg.rf.3111b8fb746b34d927353d667a628c4c.jpg,oth,vve,2026-04-27T18:49:48.298Z
141,top_vespsp2_4623_jpg.rf.560c029e6a5db5455f86c8e935c65178.jpg,top,ves,2026-04-27T18:49:52.317Z
142,oth_vvel1_2602_jpg.rf.0210cc0ef7f1d5e722a67491691f6e59.jpg,oth,vve,2026-04-27T18:49:56.327Z
143,top_vvel1_1550_jpg.rf.47cff2a89160872b31dd0f9fd2a87dc0.jpg,top,vve,2026-04-27T18:50:00.334Z
144,sid_amel2_6047_jpg.rf.1982fe1f2d6858d6fde14e61d32e812d.jpg,sid,ame,2026-04-27T18:50:04.345Z
145,top_vcra2_1464_jpg.rf.5b12712c64c32a47f932f3b2d612bcd3.jpg,top,vcr,2026-04-27T18:50:08.359Z
146,oth_vcra2_2530_jpg.rf.b08c6dca5189eb97c480aab6fd385fa5.jpg,oth,vcr,2026-04-27T18:50:12.376Z
147,oth_vvel2_4895_jpg.rf.008b4280d207b296ea665b67cae1227a.jpg,oth,vve,2026-04-27T18:50:16.406Z
148,sid_amel2_7790_jpg.rf.82c965c9d6700560aa0ae0aa3cd8d0a5.jpg,sid,ame,2026-04-27T18:50:20.416Z
149,oth_vespsp2_0194_jpg.rf.f3fa00ea84b0316e9b7f5f670c0ee953.jpg,oth,ves,2026-04-27T18:50:24.421Z
150,top_amel2_0279_jpg.rf.0a6b2640f008d573c2b156e32fbfe0ec.jpg,top,ame,2026-04-27T18:50:28.435Z
151,sid_amel2_7434_jpg.rf.8d567b3815813c57acf7683e98865d12.jpg,sid,ame,2026-04-27T18:50:32.469Z
152,sid_amel2_7064_jpg.rf.f7d87437ea85b6716707da6897e99597.jpg,sid,ame,2026-04-27T18:50:36.478Z
153,top_vcra2_4915_jpg.rf.bb3f572efec02d16d48dd746e59d636f.jpg,top,vcr,2026-04-27T18:50:40.498Z
154,sid_vvel2_0160_jpg.rf.7c094d46d8f5ca285eb9cec96195296c.jpg,sid,vve,2026-04-27T18:50:44.510Z
155,sid_vvel2_0193_jpg.rf.a50673486a63bd9748088f7d443c5cb9.jpg,sid,vve,2026-04-27T18:50:48.543Z
156,top_NULL_0293_jpg.rf.0b39ade101d0d800a0963b349d042dcd.jpg,top,NUL,2026-04-27T18:50:52.566Z
157,top_vvel2_1367_jpg.rf.8423a97bbd7e1b8b2c2190285f9f91a4.jpg,top,vve,2026-04-27T18:50:56.575Z
158,oth_vespsp1_1576_jpg.rf.9b7c9229fc614825a105239950518c49.jpg,oth,ves,2026-04-27T18:51:00.582Z
159,sid_amel2_1992_jpg.rf.cf8f0c60fd32817d1cb36c891113c499.jpg,sid,ame,2026-04-27T18:51:04.613Z
160,top_vvel1_0745_jpg.rf.bc071cca94611ff789993811708c69bc.jpg,top,vve,2026-04-27T18:51:08.643Z
161,oth_vvel1_1411_jpg.rf.2108d5965422840d9deb0ea6dbe4515e.jpg,oth,vve,2026-04-27T18:51:12.653Z
162,oth_amel1_1261_jpg.rf.23761262d09b507278a95fa9bd9b0d91.jpg,oth,ame,2026-04-27T18:51:16.667Z
163,top_vcra2_0848_jpg.rf.236e8ad3814d6e7997144e78f8af7a4d.jpg,top,vcr,2026-04-27T18:51:20.688Z
164,sid_vespsp1_0869_jpg.rf.da5a780194dec3942c569e89e316f680.jpg,sid,ves,2026-04-27T18:51:24.702Z
165,top_vvel2_3756_jpg.rf.ec5271b2f58b3a7be0d82851ac6f57f5.jpg,top,vve,2026-04-27T18:51:28.708Z
166,top_vcra2_4765_jpg.rf.43c950dbb5ed169a21b35626ac080468.jpg,top,vcr,2026-04-27T18:51:32.739Z
167,oth_amel2_0791_jpg.rf.0aafef4091ca3eab68d3de3fc6d3fcaa.jpg,oth,ame,2026-04-27T18:51:36.748Z
168,oth_NULL_0994_jpg.rf.5491ed2d69aa6ce44d84159b4bc18a32.jpg,oth,NUL,2026-04-27T18:51:40.773Z
169,top_vcra2_1058_jpg.rf.3301589d00a20b39c8b0e49d43179c72.jpg,top,vcr,2026-04-27T18:51:44.788Z
170,top_vvel1_1321_jpg.rf.db0562a56d65aa9ece845c85b66446c2.jpg,top,vve,2026-04-27T18:51:48.798Z
171,top_vcra1_1482_jpg.rf.82fbed067c77a4f8021677f8d8d269ec.jpg,top,vcr,2026-04-27T18:51:52.810Z
172,sid_amel2_5446_jpg.rf.fab1fcc546ae419c2400ced998f31ae7.jpg,sid,ame,2026-04-27T18:51:56.821Z
173,top_vvel2_1578_jpg.rf.c189acc45eca8527350ea97e3b35a94f.jpg,top,vve,2026-04-27T18:52:00.850Z
174,top_vespsp1_1771_jpg.rf.33d4f6b3e61cc4dd3a42e3799087eb63.jpg,top,ves,2026-04-27T18:52:04.880Z
175,oth_vvel1_2005_jpg.rf.e4247e942cf280e422c88b364c33fe9e.jpg,oth,vve,2026-04-27T18:52:08.892Z
176,top_vcra2_5249_jpg.rf.3bf1369fa6714a4fb6a0ba906fcae346.jpg,top,vcr,2026-04-27T18:52:12.901Z
177,top_vcra1_0786_jpg.rf.96e07f3dd40f8a20ac5177bf48600893.jpg,top,vcr,2026-04-27T18:52:16.929Z
178,top_vespsp2_4659_jpg.rf.e9b98d36d00ec7447ec4287e5e13bea3.jpg,top,ves,2026-04-27T18:52:20.961Z
179,oth_amel2_5819_jpg.rf.c95f421411caa7b1fbd802ec474b2cd0.jpg,oth,ame,2026-04-27T18:52:24.993Z
180,sid_NULL_1600_jpg.rf.3ca07886e66987e79f9dc41c859031d9.jpg,sid,NUL,2026-04-27T18:52:29.007Z
181,sid_amel2_2174_jpg.rf.517d1065024362f67e497f3dc527cf25.jpg,sid,ame,2026-04-27T18:52:33.038Z
182,top_vcra2_3914_jpg.rf.4b0fcd8e4b1aa06f649adea7be64447c.jpg,top,vcr,2026-04-27T18:52:37.070Z
183,top_amel2_2896_jpg.rf.6983483f791433ea608a24cc1a654e42.jpg,top,ame,2026-04-27T18:52:41.101Z
184,top_vcra2_5461_jpg.rf.871029a9b3ba1053473d6275169b8251.jpg,top,vcr,2026-04-27T18:52:45.114Z
185,sid_vespsp1_1235_jpg.rf.8820d1eeae626ce63cdb2e466500aaab.jpg,sid,ves,2026-04-27T18:52:49.131Z
186,oth_vvel2_4584_jpg.rf.91cd4d5371c5fd18239a197880df8368.jpg,oth,vve,2026-04-27T18:52:53.144Z
187,top_vvel1_1806_jpg.rf.24953a72d0dabb94907ef800392f18c5.jpg,top,vve,2026-04-27T18:52:57.175Z
188,sid_vespsp2_5485_jpg.rf.e29e84b92a197a5e23d798248f356f68.jpg,sid,ves,2026-04-27T18:53:01.190Z
189,top_vespsp2_2329_jpg.rf.1de5e8239d960ab2dee599096cdc3411.jpg,top,ves,2026-04-27T18:53:05.199Z
190,top_vespsp2_5868_jpg.rf.0a703f85037eb966957ef574c9eba5dd.jpg,top,ves,2026-04-27T18:53:09.232Z
191,top_vespsp2_1765_jpg.rf.f47bc633f839c344072aaaffd59560ed.jpg,top,ves,2026-04-27T18:53:13.243Z
192,top_amel2_1510_jpg.rf.1e6a1a54cd6702b9842f777948a1dd18.jpg,top,ame,2026-04-27T18:53:17.284Z
193,oth_vespsp1_0298_jpg.rf.24677fb15b1ef9aa9edd593026b9328a.jpg,oth,ves,2026-04-27T18:53:21.312Z
194,top_vcra2_4755_jpg.rf.370d0adb05a320668262584100c6cb65.jpg,top,vcr,2026-04-27T18:53:25.323Z
195,top_amel2_5391_jpg.rf.92e8f7ee833ac2504e0f4280e1302a0d.jpg,top,ame,2026-04-27T18:53:29.348Z
196,top_amel1_2410_jpg.rf.bad4ebb3dced8e92c5c8cf6f4cc6a48d.jpg,top,ame,2026-04-27T18:53:33.374Z
197,top_amel2_6898_jpg.rf.661317a1d27a128ea1be533a6c9634c3.jpg,top,ame,2026-04-27T18:53:37.388Z
198,oth_vcra1_1751_jpg.rf.04ccb8622c3acf807551b524c815862f.jpg,oth,vcr,2026-04-27T18:53:41.402Z
199,top_vvel2_5773_jpg.rf.fe39272a856fada45c9e9db78c2d5b27.jpg,top,vve,2026-04-27T18:53:45.416Z
200,sid_amel1_2235_jpg.rf.b6200c55250c49b5bb9a00ea993aa80e.jpg,sid,ame,2026-04-27T18:53:49.429Z
201,sid_vespsp1_0275_jpg.rf.d35e98875e70e2e67afdb2f2732dc316.jpg,sid,ves,2026-04-27T18:53:53.459Z
202,top_vcra2_4674_jpg.rf.f827cab150c4c4b8c760cdde42854c5d.jpg,top,vcr,2026-04-27T18:53:57.467Z
203,top_vcra2_0800_jpg.rf.08aa00f2aa0b00d5a43354ae9b79af55.jpg,top,vcr,2026-04-27T18:54:01.499Z
204,sid_vvel2_2353_jpg.rf.07cc9434ceacb72d043a79da489ea33c.jpg,sid,vve,2026-04-27T18:54:05.518Z
205,top_vvel2_2302_jpg.rf.b5ef25a356f101d2617e2e2485938a63.jpg,top,vve,2026-04-27T18:54:09.531Z
206,top_vcra2_5953_jpg.rf.396f1fb7aad744cc9ee4852dcfd98c7c.jpg,top,vcr,2026-04-27T18:54:13.549Z
207,oth_amel2_0362_jpg.rf.d6c67af17a787bcf8f0e58cf36b43d25.jpg,oth,ame,2026-04-27T18:54:17.559Z
208,sid_amel1_2466_jpg.rf.e13bf1bc923a51dd66f006f12519356b.jpg,sid,ame,2026-04-27T18:54:21.574Z
209,sid_vvel1_0836_jpg.rf.f5d56b8633338b37a1a276e782944c4a.jpg,sid,vve,2026-04-27T18:54:25.581Z
210,oth_amel2_1568_jpg.rf.f15d2be08ab73d329495ffdbc6368150.jpg,oth,ame,2026-04-27T18:54:29.595Z
211,oth_amel2_1419_jpg.rf.3fb27c217fc1ea78d0ef140b33dd32cb.jpg,oth,ame,2026-04-27T18:54:33.607Z
212,sid_amel2_6635_jpg.rf.1d08032ea8d7166a2ecb57117d79999d.jpg,sid,ame,2026-04-27T18:54:37.637Z
213,top_vvel2_1217_jpg.rf.13a97f887795d7e5c8d5fae5e735f896.jpg,top,vve,2026-04-27T18:54:41.650Z
214,oth_amel1_2291_jpg.rf.c10085c7da1fb5132f0741f974a2a991.jpg,oth,ame,2026-04-27T18:54:45.683Z
215,oth_vespsp2_0045_jpg.rf.30b6673629190ec5b25c4d9f056b272b.jpg,oth,ves,2026-04-27T18:54:49.699Z
216,top_vcra2_0981_jpg.rf.6c8949a865bcf249c353c20a48d1f766.jpg,top,vcr,2026-04-27T18:54:53.710Z
217,top_NULL_0158_jpg.rf.33847b4506179351a95f349224e65d9d.jpg,top,NUL,2026-04-27T18:54:57.733Z
218,top_NULL_0959_jpg.rf.683180f1e383390bcfa70fd6233e4fd3.jpg,top,NUL,2026-04-27T18:55:01.744Z
219,oth_vvel2_0640_jpg.rf.587be184ac9bacd05620269fdb00569f.jpg,oth,vve,2026-04-27T18:55:05.765Z
220,top_vcra2_5454_jpg.rf.f1bf857e36bdc92a68c6dd202130902a.jpg,top,vcr,2026-04-27T18:55:09.774Z
221,oth_amel1_0143_jpg.rf.28b70a35af0801a729978fe982e3d2f4.jpg,oth,ame,2026-04-27T18:55:13.784Z
222,top_vespsp1_0882_jpg.rf.b80cd6b4fe6fed224f2ac932bd2f5ae6.jpg,top,ves,2026-04-27T18:55:17.813Z
223,oth_vvel1_1126_jpg.rf.af615dac6decea49f87d2dea57dd18ba.jpg,oth,vve,2026-04-27T18:55:21.844Z
224,sid_vcra1_0363_jpg.rf.5e0a04a62469f13a9d009b6546490693.jpg,sid,vcr,2026-04-27T18:55:25.885Z
225,top_amel2_7589_jpg.rf.b7878d5d0c8e7f474565f697c0f42a1c.jpg,top,ame,2026-04-27T18:55:29.914Z
226,top_vcra2_4519_jpg.rf.ae243e4728ee9666afddce32c7c7dc80.jpg,top,vcr,2026-04-27T18:55:33.947Z
227,sid_vvel2_4215_jpg.rf.639869da6d5c52feea359e960b4751e8.jpg,sid,vve,2026-04-27T18:55:37.979Z
228,top_vvel2_4428_jpg.rf.6935a11e8275681588308f85707f69c3.jpg,top,vve,2026-04-27T18:55:41.985Z
229,oth_vcra1_1247_jpg.rf.117af6bfc11c6bbc7d72d401872ac9a8.jpg,oth,vcr,2026-04-27T18:55:46.012Z
230,top_amel2_7465_jpg.rf.a38194ecae71a07c987c052da8381610.jpg,top,ame,2026-04-27T18:55:50.020Z
231,oth_vvel2_1842_jpg.rf.140bdd50cb4cbc33597701f82912a69e.jpg,oth,vve,2026-04-27T18:55:54.045Z
232,oth_vcra1_0637_jpg.rf.18b98fd2db01b00fa03b52d3cdf62e07.jpg,oth,vcr,2026-04-27T18:55:58.072Z
233,oth_vcra2_2986_jpg.rf.a3215b8242896cfe6bb31b859d77e6fc.jpg,oth,vcr,2026-04-27T18:56:02.105Z
234,sid_vcra1_1208_jpg.rf.7c8af001959b2f6bec7fbc5e658316e3.jpg,sid,vcr,2026-04-27T18:56:06.134Z
235,top_amel2_5483_jpg.rf.318cb45abd81ea8d57c2ea89f99933b7.jpg,top,ame,2026-04-27T18:56:10.145Z
236,sid_vcra2_4108_jpg.rf.3f7f9c1e91a62c5e1e2bdde72581a675.jpg,sid,vcr,2026-04-27T18:56:14.173Z
237,top_amel1_0077_jpg.rf.3576c80f3b9493d5c47abff5e76b9750.jpg,top,ame,2026-04-27T18:56:18.189Z
238,oth_vespsp2_4641_jpg.rf.3ff452706110de72d4f51721226a9279.jpg,oth,ves,2026-04-27T18:56:22.216Z
239,sid_vcra2_1740_jpg.rf.cf6bb72b6a4cc17c820b7d9296d6664b.jpg,sid,vcr,2026-04-27T18:56:26.238Z
240,top_amel1_2081_jpg.rf.49ce636094d5e46c8497855d2c94b36c.jpg,top,ame,2026-04-27T18:56:30.264Z
241,oth_amel2_4035_jpg.rf.3948747a5d45b347543f8832ccd783ff.jpg,oth,ame,2026-04-27T18:56:34.293Z
242,top_amel2_4320_jpg.rf.04a3640f8ea91748a1ff85843f138b02.jpg,top,ame,2026-04-27T18:56:38.318Z
243,sid_amel2_0884_jpg.rf.9612f4acdb7105d58fc28766bac393c2.jpg,sid,ame,2026-04-27T18:56:42.325Z
244,oth_vcra1_2161_jpg.rf.d6373f248d214da16255e955aec3bb04.jpg,oth,vcr,2026-04-27T18:56:46.333Z
245,top_vcra2_0584_jpg.rf.40fe342e03a6987b2f0b01dc19d3d3ab.jpg,top,vcr,2026-04-27T18:56:50.339Z
246,top_vcra1_1715_jpg.rf.c325d65b50b77a2a677e0ab225be605d.jpg,top,vcr,2026-04-27T18:56:54.366Z
247,oth_vespsp2_0965_jpg.rf.b73370b100d3497ee30d671cbf95456d.jpg,oth,ves,2026-04-27T18:56:58.394Z
248,top_amel2_7444_jpg.rf.5bf2bfac54df5f220c8d04e6e1d7932c.jpg,top,ame,2026-04-27T18:57:02.426Z
249,top_amel1_2376_jpg.rf.fef4c6aac69d96b5a08ba14914024f5d.jpg,top,ame,2026-04-27T18:57:06.433Z
250,sid_vvel1_0332_jpg.rf.7d7822eec97fd40492a80dc5e98c9471.jpg,sid,vve,2026-04-27T18:57:10.465Z
251,top_amel2_6492_jpg.rf.fcce79cf4540c3c7b850cfe2c2829b6b.jpg,top,ame,2026-04-27T18:57:14.476Z
252,oth_NULL_0630_jpg.rf.c356a87e5de2735e6080aceff1aae5e3.jpg,oth,NUL,2026-04-27T18:57:18.505Z
253,top_vespsp2_2836_jpg.rf.75a9b9b47c1626c4071a9857d7803079.jpg,top,ves,2026-04-27T18:57:22.517Z
254,top_vespsp2_3617_jpg.rf.9b33ead1ef37d99e406a9bc60e079a73.jpg,top,ves,2026-04-27T18:57:26.525Z
255,top_vvel2_2720_jpg.rf.07fe7fe8424847c8a7198dfc4ae35d5f.jpg,top,vve,2026-04-27T18:57:30.537Z
256,top_vespsp2_3817_jpg.rf.77f3cbd3821bfe80ace89b9fb029fcc5.jpg,top,ves,2026-04-27T18:57:34.567Z
257,top_vvel2_6251_jpg.rf.d878e7198c09c918b92383b82ed09465.jpg,top,vve,2026-04-27T18:57:38.578Z
258,top_vvel1_2136_jpg.rf.c23113ad6c6bfa74538e736881d48c08.jpg,top,vve,2026-04-27T18:57:42.611Z
259,top_vespsp2_0778_jpg.rf.8456f229b6db3805b58e9a6c001d33a0.jpg,top,ves,2026-04-27T18:57:46.628Z
260,oth_vespsp1_1240_jpg.rf.faf7b38b1df4e2d1e12d03c9d17986af.jpg,oth,ves,2026-04-27T18:57:50.649Z
261,oth_amel1_0209_jpg.rf.dd8368c621da13b6cf566d3da582dac7.jpg,oth,ame,2026-04-27T18:57:54.680Z
262,sid_amel2_0872_jpg.rf.a85f11708d034ca33d6bdc7f483a8028.jpg,sid,ame,2026-04-27T18:57:58.708Z
263,top_amel2_4852_jpg.rf.644a65e51ad74d8d066d557d869ddedc.jpg,top,ame,2026-04-27T18:58:02.740Z
264,sid_vvel2_1434_jpg.rf.0493e80a5c39efa9b6689975bf6cb716.jpg,sid,vve,2026-04-27T18:58:06.769Z
265,sid_vvel2_3209_jpg.rf.861af0a45b1971ce98f7241e7f46dd6e.jpg,sid,vve,2026-04-27T18:58:10.782Z
266,oth_amel2_6609_jpg.rf.9e3f9232d2aaca3c148be4f8ecdb5c47.jpg,oth,ame,2026-04-27T18:58:14.793Z
267,top_vvel1_2239_jpg.rf.00f0ee56400047eef28cd39a429297ba.jpg,top,vve,2026-04-27T18:58:18.817Z
268,top_vvel1_2379_jpg.rf.b252f6c633e409b15beeda3d202245b3.jpg,top,vve,2026-04-27T18:58:22.850Z
269,oth_vespsp2_5519_jpg.rf.92c39355560fb77d264d97d504ef5288.jpg,oth,ves,2026-04-27T18:58:26.873Z
270,oth_vespsp1_0677_jpg.rf.ca2806a266f23c8cb52083aebe66d959.jpg,oth,ves,2026-04-27T18:58:30.880Z
271,oth_amel2_3014_jpg.rf.da7c58897b51d8e7a2f82def64723041.jpg,oth,ame,2026-04-27T18:58:34.909Z
272,oth_vcra2_0094_jpg.rf.a877e1cfd3b1ab32aa98a3ff227479ce.jpg,oth,vcr,2026-04-27T18:58:38.936Z
273,top_amel2_8849_jpg.rf.28dcc45dcc62754a3daddd93c654bb76.jpg,top,ame,2026-04-27T18:58:42.948Z
274,top_vcra1_1626_jpg.rf.032ed5b9ffdb08e7c0f88d3e05721802.jpg,top,vcr,2026-04-27T18:58:46.963Z
275,oth_vespsp2_2282_jpg.rf.b70d2e700699db18217636d22c65ce51.jpg,oth,ves,2026-04-27T18:58:50.979Z
276,top_vcra2_5463_jpg.rf.791e948d23ed14220ed8d4b9293d4958.jpg,top,vcr,2026-04-27T18:58:55.006Z
277,top_vespsp2_3453_jpg.rf.ffef281435e27997d94abbc52d285cbc.jpg,top,ves,2026-04-27T18:58:59.011Z
278,sid_vvel2_5562_jpg.rf.31eaec29094a15a99c5a74436d1d41bd.jpg,sid,vve,2026-04-27T18:59:03.020Z
279,top_amel1_0880_jpg.rf.f287e25346644c03ee63b95a66632b99.jpg,top,ame,2026-04-27T18:59:07.041Z
280,sid_amel2_2589_jpg.rf.b6cd604f3dac65dd54b2b2e0e2cfbc02.jpg,sid,ame,2026-04-27T18:59:11.050Z
281,top_vcra2_3162_jpg.rf.0750634e21473f7c7a37288e9543ff1b.jpg,top,vcr,2026-04-27T18:59:15.057Z
282,sid_amel2_0136_jpg.rf.779a53c0f4ab9f42f4c8c8e2263fa86f.jpg,sid,ame,2026-04-27T18:59:19.068Z
283,top_vvel2_5257_jpg.rf.be9508d8e558f06b92c873b5fab31787.jpg,top,vve,2026-04-27T18:59:23.097Z
284,top_vespsp2_5781_jpg.rf.ce45102d09bcd89b8529a0cb5a42a47f.jpg,top,ves,2026-04-27T18:59:27.127Z
285,oth_vespsp2_3457_jpg.rf.4b5a634d59d8d3657a892ff77c40fccd.jpg,oth,ves,2026-04-27T18:59:31.149Z
286,top_amel2_4342_jpg.rf.05ed29a383a30b8526ea4c4cec83957a.jpg,top,ame,2026-04-27T18:59:35.165Z
287,sid_vvel2_5287_jpg.rf.4c54f00f7d13e9850a7dd3566f0686f2.jpg,sid,vve,2026-04-27T18:59:39.197Z
288,top_vcra1_0645_jpg.rf.f031f620a1780d31c61b83791bcda229.jpg,top,vcr,2026-04-27T18:59:43.209Z
289,top_vcra2_4903_jpg.rf.7b1540439e49702b0a279c3ab0fa6c59.jpg,top,vcr,2026-04-27T18:59:47.224Z
290,top_vvel2_6285_jpg.rf.948fe7d614db3bdfab019885135bc3f6.jpg,top,vve,2026-04-27T18:59:51.251Z
291,top_vcra2_4778_jpg.rf.073c450b4b9c8953f5f7c329dbe5b657.jpg,top,vcr,2026-04-27T18:59:55.278Z
292,oth_vvel2_6073_jpg.rf.fa0bc634093021d6173c59738efd6ae0.jpg,oth,vve,2026-04-27T18:59:59.290Z
293,oth_amel2_8100_jpg.rf.058c56bb31c4efccf81c2e10e8ac1ff5.jpg,oth,ame,2026-04-27T19:00:03.303Z
294,sid_amel2_4379_jpg.rf.b88b55529dd01f289013ab6fd4d8239a.jpg,sid,ame,2026-04-27T19:00:07.339Z
295,top_NULL_0015_jpg.rf.a604ee1549684da27fb8101692d29fce.jpg,top,NUL,2026-04-27T19:00:11.353Z
296,sid_vcra2_2301_jpg.rf.68b3a64c3e6d1da59ffb1ccfae56c5ed.jpg,sid,vcr,2026-04-27T19:00:15.388Z
297,top_vvel2_3999_jpg.rf.19a667dc230a2b0a53169832aa1b2818.jpg,top,vve,2026-04-27T19:00:19.409Z
298,sid_amel1_0501_jpg.rf.9b8b53deb5a69ab7c97baed0cc653660.jpg,sid,ame,2026-04-27T19:00:23.436Z
299,oth_amel2_4274_jpg.rf.f0aa08b9a255f8304f28df1401014633.jpg,oth,ame,2026-04-27T19:00:27.448Z
300,sid_vcra2_5638_jpg.rf.3342caf941afe6b51bfaf110e771dcfe.jpg,sid,vcr,2026-04-27T19:00:31.467Z
301,top_vvel2_0673_jpg.rf.a4029a2f6374bfa0e303c52ce21b49d6.jpg,top,vve,2026-04-27T19:00:35.483Z
302,top_vcra2_4671_jpg.rf.626e1ce83bcca63913c979c09a582b91.jpg,top,vcr,2026-04-27T19:00:39.495Z
303,sid_amel2_4602_jpg.rf.985dd364c065ab4ed65f924f182a652f.jpg,sid,ame,2026-04-27T19:00:43.507Z
304,top_vespsp2_2289_jpg.rf.0c8717c66c0cd7bfa9c8fab32b94cd92.jpg,top,ves,2026-04-27T19:00:47.523Z
305,top_amel2_4455_jpg.rf.a36cafa521beac9daadaedd36eea75c8.jpg,top,ame,2026-04-27T19:00:51.532Z
306,top_vespsp2_1745_jpg.rf.acbd792376a62a30d11db1eeecd2442c.jpg,top,ves,2026-04-27T19:00:55.563Z
307,top_vvel2_5675_jpg.rf.fc15e1acf5b8ae6c171ac3faac78f831.jpg,top,vve,2026-04-27T19:00:59.570Z
308,top_vcra2_3027_jpg.rf.bfe328b68e294509454cec535d2e05ec.jpg,top,vcr,2026-04-27T19:01:03.594Z
309,oth_vvel1_2113_jpg.rf.ccaf77babcaf195f4b4177d58f16f019.jpg,oth,vve,2026-04-27T19:01:07.601Z
310,oth_amel2_8902_jpg.rf.1059a80475934994a79fac07666bb7af.jpg,oth,ame,2026-04-27T19:01:11.631Z
311,sid_amel2_3553_jpg.rf.bcbf6da836bc9d2b69e0abac6f497ae5.jpg,sid,ame,2026-04-27T19:01:15.636Z
312,oth_vvel2_6019_jpg.rf.7f20b4ab9de25149eb64634fd3a17d3e.jpg,oth,vve,2026-04-27T19:01:19.640Z
313,sid_vespsp2_5457_jpg.rf.0a7b35092c5f227d9e55dfe3cdda4b26.jpg,sid,ves,2026-04-27T19:01:23.650Z
314,sid_vvel1_1485_jpg.rf.277265744818c5775b09d49b2d7758c8.jpg,sid,vve,2026-04-27T19:01:27.675Z
315,oth_vvel1_1394_jpg.rf.85daaf87ab310f36cdc6c5a8463af8e2.jpg,oth,vve,2026-04-27T19:01:31.699Z
316,sid_vvel1_0621_jpg.rf.0014804cea9a35f93ffac4ceebe07fb2.jpg,sid,vve,2026-04-27T19:01:35.724Z
317,top_amel2_3618_jpg.rf.c8b31777d2bab0c26bccb4d2ea7bc7e9.jpg,top,ame,2026-04-27T19:01:39.746Z
318,top_vvel1_2101_jpg.rf.13530ce12c8f42cd9691650929a98947.jpg,top,vve,2026-04-27T19:01:43.768Z
319,top_vvel1_0953_jpg.rf.5de85f3ca4bb7e944e9764a7968c0bdb.jpg,top,vve,2026-04-27T19:01:47.794Z
320,oth_vcra2_3222_jpg.rf.ae1b34f14766ec7d562f9e8283a3eff5.jpg,oth,vcr,2026-04-27T19:01:51.815Z
321,top_vvel2_2329_jpg.rf.7000119b196a3f2c3eac4a8521726280.jpg,top,vve,2026-04-27T19:01:55.849Z
322,top_vespsp2_4508_jpg.rf.80a60263cff46441b28a65234a060c24.jpg,top,ves,2026-04-27T19:01:59.864Z
323,sid_amel2_7468_jpg.rf.da506371c6f565e03fe9a5c58b0ad0f6.jpg,sid,ame,2026-04-27T19:02:03.884Z
324,sid_amel1_0438_jpg.rf.0d0e7d36d4d46c0da80f741cc973b1d7.jpg,sid,ame,2026-04-27T19:02:07.919Z
325,oth_amel2_2929_jpg.rf.2b728c5a9586cd3eada56bb41654070d.jpg,oth,ame,2026-04-27T19:02:12.004Z
326,oth_amel2_8880_jpg.rf.0ce12c0b6a717d6f7222c233fd7c4c98.jpg,oth,ame,2026-04-27T19:02:16.024Z
327,oth_vvel2_2911_jpg.rf.523936d873d6232190261ddd6d5ccfc9.jpg,oth,vve,2026-04-27T19:02:20.050Z
328,top_vcra2_5094_jpg.rf.3348fe4e05e8e10ddcdacb476eb37e81.jpg,top,vcr,2026-04-27T19:02:24.060Z
329,sid_vvel1_0620_jpg.rf.603f15e7b590513132a46bd8a5bc60cf.jpg,sid,vve,2026-04-27T19:02:28.087Z
330,top_vespsp2_1801_jpg.rf.7cee1d3f3d7aacaf1c3c3eb7e4e7c9e4.jpg,top,ves,2026-04-27T19:02:32.116Z
331,top_vespsp2_2472_jpg.rf.82b9ad2d65d10b35bf357dec3b902172.jpg,top,ves,2026-04-27T19:02:36.149Z
332,sid_amel2_8391_jpg.rf.7afa1a2173487557689f771bf847ab2e.jpg,sid,ame,2026-04-27T19:02:40.164Z
333,top_vcra2_4503_jpg.rf.16d674467ff7b41eaa68387b83857d66.jpg,top,vcr,2026-04-27T19:02:44.192Z
334,oth_vcra1_0783_jpg.rf.25a40f67c3ee1cc4b12e3136e0df19df.jpg,oth,vcr,2026-04-27T19:02:48.224Z
335,sid_vvel2_0751_jpg.rf.4bcfb9e5245e27fea4478cab0e971eb3.jpg,sid,vve,2026-04-27T19:02:52.259Z
336,oth_vespsp2_0200_jpg.rf.2cfe1ca5f72b2a4865c2d35b47bd320c.jpg,oth,ves,2026-04-27T19:02:56.279Z
337,top_vcra2_3116_jpg.rf.823936e9793cb03618bbd6b70539a2f1.jpg,top,vcr,2026-04-27T19:03:00.288Z
338,top_amel2_4369_jpg.rf.453c1b2ec323b8cd0884dfa15c91c668.jpg,top,ame,2026-04-27T19:03:04.308Z
339,oth_amel2_2778_jpg.rf.df9099f1ec28aa1837063cf74a85e413.jpg,oth,ame,2026-04-27T19:03:08.321Z
340,sid_amel2_2898_jpg.rf.28b56230be34f2596fdd76c9b327b47d.jpg,sid,ame,2026-04-27T19:03:12.352Z
341,top_vespsp1_2314_jpg.rf.55e9c79794e83a6df37963266d1245fa.jpg,top,ves,2026-04-27T19:03:16.372Z
342,sid_vespsp2_2362_jpg.rf.bace50e6ad165d522297adb3fc01d876.jpg,sid,ves,2026-04-27T19:03:20.387Z
343,sid_vespsp2_6361_jpg.rf.783f1295d5facfc1482600477293ad3e.jpg,sid,ves,2026-04-27T19:03:24.417Z
344,oth_vcra2_2697_jpg.rf.3314ed4ee8d9d5024bbbb7d0bbbd6e94.jpg,oth,vcr,2026-04-27T19:03:28.447Z
345,sid_vvel2_1225_jpg.rf.91a7e86c5376f8db01ad15fe8b971f90.jpg,sid,vve,2026-04-27T19:03:32.466Z
346,top_vvel2_3206_jpg.rf.e7ca779484032acb2f23fb58f5e40885.jpg,top,vve,2026-04-27T19:03:36.493Z
347,top_vvel2_5020_jpg.rf.9a37cc4afd18c3c6d0d2167967b2717a.jpg,top,vve,2026-04-27T19:03:40.499Z
348,sid_vespsp2_0430_jpg.rf.17d89bc65d821057955d98a7f1967231.jpg,sid,ves,2026-04-27T19:03:44.520Z
349,oth_vvel2_6217_jpg.rf.07f40a5af2e8beeee12b3181585bd999.jpg,oth,vve,2026-04-27T19:03:48.547Z
350,oth_vespsp2_6041_jpg.rf.1df712275c00ad595f4007cdca604cb1.jpg,oth,ves,2026-04-27T19:03:52.565Z
351,top_vvel2_0088_jpg.rf.2b0a13f23f692345922353b732769c89.jpg,top,vve,2026-04-27T19:03:56.595Z
352,sid_vespsp2_1679_jpg.rf.5874a74c2aa16875fbe8a31a2337bbcc.jpg,sid,ves,2026-04-27T19:04:00.599Z
353,top_vvel2_4177_jpg.rf.73110402d97901327f23e48857450068.jpg,top,vve,2026-04-27T19:04:04.610Z
354,oth_vvel1_1039_jpg.rf.72a145494eea9811b86090cc59bbce0f.jpg,oth,vve,2026-04-27T19:04:08.615Z
355,oth_NULL_1759_jpg.rf.86e8c179458ca2e08d8f5a41d8b760e7.jpg,oth,NUL,2026-04-27T19:04:12.645Z
356,sid_amel2_5641_jpg.rf.ce68a0f96913e9cc655958bbf6487b6e.jpg,sid,ame,2026-04-27T19:04:16.653Z
357,top_vcra2_5577_jpg.rf.ee45adc444bd88bfefb653f0aa061598.jpg,top,vcr,2026-04-27T19:04:20.662Z
358,top_amel2_2466_jpg.rf.4f523637b86f39000b9e4cf046de88b7.jpg,top,ame,2026-04-27T19:04:24.676Z
359,sid_NULL_0018_jpg.rf.6bb7611b96dda211e5425ca727ffcc28.jpg,sid,NUL,2026-04-27T19:04:28.692Z
360,top_NULL_1539_jpg.rf.d386180a1174631c5cb8b8030c6f4bf4.jpg,top,NUL,2026-04-27T19:04:32.708Z
361,top_vvel2_4779_jpg.rf.569480dae6deea43c9e97718c30489e2.jpg,top,vve,2026-04-27T19:04:36.718Z
362,top_vvel2_0842_jpg.rf.f188b704d79a8520852a58998480fae8.jpg,top,vve,2026-04-27T19:04:40.743Z
363,top_vespsp2_4213_jpg.rf.3d04d18402cf05c9b4d198e0910cd453.jpg,top,ves,2026-04-27T19:04:44.748Z
364,oth_vvel2_4579_jpg.rf.8a3e0316beb5430b048d504539d84c20.jpg,oth,vve,2026-04-27T19:04:48.778Z
365,top_vcra2_4708_jpg.rf.3ba986c1f0c2d65db91b2d1f309ffc4f.jpg,top,vcr,2026-04-27T19:04:52.811Z
366,oth_amel1_1998_jpg.rf.e825cd029b1464a9c180fca891fec428.jpg,oth,ame,2026-04-27T19:04:56.827Z
367,top_vespsp1_2209_jpg.rf.e6a026c4c2fda477f17fa57e9649addb.jpg,top,ves,2026-04-27T19:05:00.843Z
368,top_vcra1_1404_jpg.rf.2bc499c61fc9254a3d6969511ecfd905.jpg,top,vcr,2026-04-27T19:05:04.870Z
369,sid_amel1_1495_jpg.rf.c26f1b34a4b55f3ab567f2df1ef6f9c3.jpg,sid,ame,2026-04-27T19:05:08.873Z
370,oth_vvel2_6286_jpg.rf.cd22b01c7b07d4657b0dc7adac5094ee.jpg,oth,vve,2026-04-27T19:05:12.884Z
371,oth_vcra2_0170_jpg.rf.d4eac8e8025493cf81a5ef7c06851eb6.jpg,oth,vcr,2026-04-27T19:05:16.891Z
372,oth_amel1_2371_jpg.rf.a72d62e72f265be0b119d462d3d0716d.jpg,oth,ame,2026-04-27T19:05:20.910Z
373,oth_amel2_0205_jpg.rf.6edafd9c2cf6e09689c35bfaa6e5ab46.jpg,oth,ame,2026-04-27T19:05:24.927Z
374,top_amel1_0282_jpg.rf.892f0983d55737474296559a1f9064c3.jpg,top,ame,2026-04-27T19:05:28.943Z
375,top_vcra2_5640_jpg.rf.a93eb57a0a750f8ad466796fc8f66fc4.jpg,top,vcr,2026-04-27T19:05:32.955Z
376,oth_vcra1_1990_jpg.rf.f17a031c822d7bc20bb9eadc53ef3a45.jpg,oth,vcr,2026-04-27T19:05:36.967Z
377,top_vcra2_3845_jpg.rf.92f4fedd711b4e8c21c87eefb8607b51.jpg,top,vcr,2026-04-27T19:05:40.978Z
378,top_vvel1_1319_jpg.rf.99106d9bbd3c1321b75c2c76d8771d78.jpg,top,vve,2026-04-27T19:05:44.997Z
379,oth_vcra2_4596_jpg.rf.bb7e58c543a594840c3ce27e198f9a2c.jpg,oth,vcr,2026-04-27T19:05:49.013Z
380,top_vvel2_4915_jpg.rf.5e20488dcbfbcdd280e3157fe7e36480.jpg,top,vve,2026-04-27T19:05:53.038Z
381,oth_vespsp2_2566_jpg.rf.adf5115ef36d089e2c68499fbe20f3d9.jpg,oth,ves,2026-04-27T19:05:57.052Z
382,sid_NULL_1509_jpg.rf.b3b670d7ed2d9a972c73ed96472c6d93.jpg,sid,NUL,2026-04-27T19:06:01.063Z
383,sid_amel2_0032_jpg.rf.5c5dc0e44d13c6c0f7d52d8c1e9f1cea.jpg,sid,ame,2026-04-27T19:06:05.075Z
384,sid_amel2_5363_jpg.rf.7689b084ee58cdee9d200acbc280ce25.jpg,sid,ame,2026-04-27T19:06:09.091Z
385,top_vvel2_5244_jpg.rf.fc4d528baf0901679e44c9fe90a86d94.jpg,top,vve,2026-04-27T19:06:13.102Z
386,oth_amel1_1702_jpg.rf.3b17b6aa566045574ec46e8ff52c88fb.jpg,oth,ame,2026-04-27T19:06:17.117Z
387,oth_vespsp1_0748_jpg.rf.2c94509dcad05e45b73e0520e49df2e8.jpg,oth,ves,2026-04-27T19:06:21.127Z
388,top_vespsp2_3243_jpg.rf.4bbe2fcc1fbe8e0b52197873b875c7b1.jpg,top,ves,2026-04-27T19:06:25.153Z
1,oth_vvel2_1415_jpg.rf.82b140939b01ae29fc03f3523190c93e.jpg,oth,vve,2026-04-27T19:06:29.162Z
2,sid_NULL_1491_jpg.rf.b71393a82e12e4818aa6f9ab96c28c44.jpg,sid,NUL,2026-04-27T19:06:33.170Z
3,top_vvel2_0052_jpg.rf.494cc5e19a9c0e8efd24c84305a2fa91.jpg,top,vve,2026-04-27T19:06:37.176Z
4,top_vcra1_2262_jpg.rf.66a100a6bcf10a9f94a651d26a4dcd97.jpg,top,vcr,2026-04-27T19:06:41.189Z
5,top_vespsp2_5751_jpg.rf.2f3c650787659405a2f337b014e95602.jpg,top,ves,2026-04-27T19:06:45.197Z
6,top_vcra2_3246_jpg.rf.752f908bbca348dc40172eaf6613f144.jpg,top,vcr,2026-04-27T19:06:49.221Z
7,top_amel2_1598_jpg.rf.c4a90826a5f9aa5a2418c45462704bf0.jpg,top,ame,2026-04-27T19:06:53.228Z
8,oth_vvel2_2642_jpg.rf.907276ecc8f317156b4f26e54172eaa1.jpg,oth,vve,2026-04-27T19:06:57.254Z
9,oth_vespsp2_0688_jpg.rf.c261078e19d68a6a011475dbdeae38d9.jpg,oth,ves,2026-04-27T19:07:01.284Z
10,sid_vvel2_4022_jpg.rf.c6ee2a5100f50d02124bc1a9493021e8.jpg,sid,vve,2026-04-27T19:07:05.313Z
11,sid_vcra2_1191_jpg.rf.34d86079ff7ebe957ee8986350e9dfce.jpg,sid,vcr,2026-04-27T19:07:09.346Z
12,oth_vcra2_5852_jpg.rf.ec9c50a2a5b00d722b490172a80b09c2.jpg,oth,vcr,2026-04-27T19:07:13.360Z
13,oth_vvel2_3685_jpg.rf.1b5d173726099966a47c80dcc37a9b33.jpg,oth,vve,2026-04-27T19:07:17.389Z
14,top_vvel2_4601_jpg.rf.eccfbdf96cdd6e7a08d268d6b76a6664.jpg,top,vve,2026-04-27T19:07:21.402Z
15,oth_vvel1_2503_jpg.rf.8776d94ff7061ba43b91a0c190c7c269.jpg,oth,vve,2026-04-27T19:07:25.425Z
16,top_vvel1_1222_jpg.rf.5c0b73feadb3c6a7285e4f62953b5bc2.jpg,top,vve,2026-04-27T19:07:29.447Z
17,top_vcra2_4993_jpg.rf.1749e3f9c6ba7d91a5d8c6faff59d937.jpg,top,vcr,2026-04-27T19:07:33.460Z
18,sid_vvel2_4971_jpg.rf.f605f9ce04fb230a355e188490407b9f.jpg,sid,vve,2026-04-27T19:07:37.476Z
19,top_NULL_1189_jpg.rf.6fb152c3e8032c2755cd5d5adf305d9c.jpg,top,NUL,2026-04-27T19:07:41.499Z
20,top_vcra2_5417_jpg.rf.f529ebec88e3ecfa35109b56ae0f1837.jpg,top,vcr,2026-04-27T19:07:45.516Z
21,top_amel1_2241_jpg.rf.0dc1fb6205b2c346a0db197d3d0e02cc.jpg,top,ame,2026-04-27T19:07:49.529Z
22,top_vvel2_2282_jpg.rf.58d632c09325b78bf4c19b30a58c2859.jpg,top,vve,2026-04-27T19:07:53.548Z
23,top_vcra2_4610_jpg.rf.5ec59bcdb51b620b817e0d82e2fce210.jpg,top,vcr,2026-04-27T19:07:57.565Z
24,sid_vcra2_0169_jpg.rf.1d450a03e04c1a9888333284d12c8398.jpg,sid,vcr,2026-04-27T19:08:01.584Z
25,sid_vespsp2_4146_jpg.rf.29def1c64f390a6d15252bde98452c97.jpg,sid,ves,2026-04-27T19:08:05.619Z
26,oth_amel2_8276_jpg.rf.6aa5659f172f6e8c3c3f1e20b13f0028.jpg,oth,ame,2026-04-27T19:08:09.648Z
27,oth_vespsp1_0414_jpg.rf.2391cc301bb7cd82923ff97acb806485.jpg,oth,ves,2026-04-27T19:08:13.657Z
28,oth_vespsp2_4642_jpg.rf.b3cfa113738382648f179b746cfb40fe.jpg,oth,ves,2026-04-27T19:08:17.687Z
29,sid_amel1_2405_jpg.rf.9a67327e04b326d84dccc65fd3e1ab86.jpg,sid,ame,2026-04-27T19:08:21.715Z
30,sid_vcra2_2704_jpg.rf.aef45048fdad19521b71ff8dc85b43e6.jpg,sid,vcr,2026-04-27T19:08:25.740Z
31,top_amel2_7053_jpg.rf.cf11f61a0914805604a3933c51e93cf1.jpg,top,ame,2026-04-27T19:08:29.765Z
32,oth_vespsp2_4443_jpg.rf.1929ed54bf5a67301f44a3235e7c6999.jpg,oth,ves,2026-04-27T19:08:33.776Z
33,oth_vvel2_5978_jpg.rf.81930247ae3450667e779ce99ffae6e6.jpg,oth,vve,2026-04-27T19:08:37.795Z
34,top_NULL_0353_jpg.rf.8d9c33044b01adf899fd538e76d31d15.jpg,top,NUL,2026-04-27T19:08:41.805Z
35,top_amel1_1106_jpg.rf.266b96b36c4c6e1fe4391354b86f7d00.jpg,top,ame,2026-04-27T19:08:45.836Z
36,oth_vcra1_1835_jpg.rf.49360b95a1a0021244d1557f5fb168de.jpg,oth,vcr,2026-04-27T19:08:49.844Z
37,oth_amel2_5354_jpg.rf.d8a38fc5e4fc2787865e4d057be87af6.jpg,oth,ame,2026-04-27T19:08:53.869Z
38,oth_vvel1_1642_jpg.rf.d1d9c62eb82cf0fed9a891f4afb53ddb.jpg,oth,vve,2026-04-27T19:08:57.890Z
39,oth_vespsp2_3057_jpg.rf.451e57b37252867c3392139d357468f3.jpg,oth,ves,2026-04-27T19:09:01.921Z
40,sid_amel2_2483_jpg.rf.bbfb8f66439e654268454864d95bf122.jpg,sid,ame,2026-04-27T19:09:05.952Z
41,top_amel2_6382_jpg.rf.befac5fc9a6d6f19d394c578d7c8825a.jpg,top,ame,2026-04-27T19:09:09.979Z
42,top_vespsp2_1324_jpg.rf.9f3526ffde3405f8261ef62b5303332a.jpg,top,ves,2026-04-27T19:09:13.989Z
43,top_vcra2_1572_jpg.rf.873180f675911b65da332461a2ddd7d4.jpg,top,vcr,2026-04-27T19:09:17.994Z
44,top_vespsp2_3595_jpg.rf.54946e20e7c823ba6670531f6e397e68.jpg,top,ves,2026-04-27T19:09:22.006Z
45,top_vcra2_4981_jpg.rf.4a2280b28b8590e7ffde5e3a224d6434.jpg,top,vcr,2026-04-27T19:09:26.010Z
46,sid_vespsp2_1773_jpg.rf.acdfb1032d20f333933f1379efb2f7d7.jpg,sid,ves,2026-04-27T19:09:30.029Z
47,top_amel2_6507_jpg.rf.090c5a89085ac6282ec9b049f23961b2.jpg,top,ame,2026-04-27T19:09:34.060Z
48,oth_vvel2_1030_jpg.rf.50bf8416a0f974ad1d81fb7cc9068d08.jpg,oth,vve,2026-04-27T19:09:38.075Z
49,top_amel1_0617_jpg.rf.1e306b4979d6ee1e07a142aeba33b690.jpg,top,ame,2026-04-27T19:09:42.091Z
50,sid_amel1_2436_jpg.rf.2078a2d88b20a77fcd24604a5d089c1e.jpg,sid,ame,2026-04-27T19:09:46.116Z
51,top_vcra2_0592_jpg.rf.c8279c25e8c87779b27f2ea88b419173.jpg,top,vcr,2026-04-27T19:09:50.135Z
52,oth_amel2_3759_jpg.rf.e3e9ac5d6912a501ccae113822614306.jpg,oth,ame,2026-04-27T19:09:54.148Z
53,sid_vespsp2_1055_jpg.rf.a4d772cabae42b8e441c14431d8f4019.jpg,sid,ves,2026-04-27T19:09:58.182Z
54,top_amel2_3359_jpg.rf.9b20f628a7fdc99278d91bdcc25d0eef.jpg,top,ame,2026-04-27T19:10:02.205Z
55,oth_NULL_1590_jpg.rf.f0ab9a8f5ccbc924263ca37eab5586bd.jpg,oth,NUL,2026-04-27T19:10:06.213Z
56,oth_vcra1_0406_jpg.rf.f69de260a45a3cd9773eb897e0e8eb5e.jpg,oth,vcr,2026-04-27T19:10:10.228Z
57,sid_vespsp1_0502_jpg.rf.00d39cc7ebce84a997ab3ecf3f2edabf.jpg,sid,ves,2026-04-27T19:10:14.240Z
58,top_vvel2_0464_jpg.rf.2dd3eb315a558ac9b3fe4567360517a4.jpg,top,vve,2026-04-27T19:10:18.252Z
59,oth_vvel2_0060_jpg.rf.e4c73ba7828c17e38aa417146b17dd69.jpg,oth,vve,2026-04-27T19:10:22.257Z
60,sid_amel1_1815_jpg.rf.98375f470f95d58e5067b6a52a12be9b.jpg,sid,ame,2026-04-27T19:10:26.286Z
61,sid_vcra2_0083_jpg.rf.8aa2e60a91553eafd52e5f36494e5e2a.jpg,sid,vcr,2026-04-27T19:10:30.314Z
62,sid_vvel1_2275_jpg.rf.9935f4facb2f0b517539f91b6abf7e72.jpg,sid,vve,2026-04-27T19:10:34.327Z
63,top_vcra2_3243_jpg.rf.471b68ca048c1f0c9d39e95c07e528e8.jpg,top,vcr,2026-04-27T19:10:38.341Z
64,sid_amel2_4833_jpg.rf.d08e1df20ba60c3b08892a42af79d4ef.jpg,sid,ame,2026-04-27T19:10:42.353Z
65,oth_vespsp2_1469_jpg.rf.cdbc97ec5504453d290099f9b97b8c75.jpg,oth,ves,2026-04-27T19:10:46.363Z
66,sid_vcra2_5563_jpg.rf.fb2bad3355ba8cfc88b1268c8679ceee.jpg,sid,vcr,2026-04-27T19:10:50.381Z
67,top_amel1_2037_jpg.rf.b85dc62f31ec5c7a6f56da94c2a2f262.jpg,top,ame,2026-04-27T19:10:54.400Z
68,oth_amel1_1546_jpg.rf.6de31c982a7d34e7b9cdf52400722fc8.jpg,oth,ame,2026-04-27T19:10:58.413Z
69,oth_vespsp2_0465_jpg.rf.75bac31d920b3d74ece9b585110deb27.jpg,oth,ves,2026-04-27T19:11:02.427Z
70,top_amel2_4706_jpg.rf.a855f2a1e323503094150ea16840c8d0.jpg,top,ame,2026-04-27T19:11:06.441Z
71,top_NULL_0872_jpg.rf.f456a6f2be88b1aca4f5630add0c0bc7.jpg,top,NUL,2026-04-27T19:11:10.457Z
72,sid_vvel2_5289_jpg.rf.44cc13d6e0d76162908e2da5854f9323.jpg,sid,vve,2026-04-27T19:11:14.473Z
73,oth_vespsp2_0353_jpg.rf.517e9ec46296464d7a6f456b17355efc.jpg,oth,ves,2026-04-27T19:11:18.487Z
74,top_vvel2_1498_jpg.rf.68a79957ca037d46bcfc51f15e3b311d.jpg,top,vve,2026-04-27T19:11:22.514Z
75,oth_vvel1_1000_jpg.rf.5c020230e1a9bb08146797a7bff921bb.jpg,oth,vve,2026-04-27T19:11:26.530Z
76,top_vespsp2_0975_jpg.rf.6a188772eef6b2bf29db23339c29e06b.jpg,top,ves,2026-04-27T19:11:30.535Z
77,top_vcra2_5962_jpg.rf.7958c3485dc25bf2703527b6d1e35a9c.jpg,top,vcr,2026-04-27T19:11:34.563Z
78,top_vcra1_0051_jpg.rf.88201619136a2a594e7423dbb94bb572.jpg,top,vcr,2026-04-27T19:11:38.571Z
79,top_vcra2_0894_jpg.rf.d7295df20cf4994f682ba11d7c0921c4.jpg,top,vcr,2026-04-27T19:11:42.595Z
80,top_vcra2_1648_jpg.rf.cff8c54054fe31da6f8fc85a9c5e843b.jpg,top,vcr,2026-04-27T19:11:46.622Z
81,oth_vespsp2_4262_jpg.rf.654f83a1d4f009df07e996fdaf3ca167.jpg,oth,ves,2026-04-27T19:11:50.629Z
82,top_vespsp2_2995_jpg.rf.4eedda9155b3761ad7c2a31458fdf305.jpg,top,ves,2026-04-27T19:11:54.643Z
83,oth_vvel2_4040_jpg.rf.408c6c9cb338fe35b4639afde331d7ce.jpg,oth,vve,2026-04-27T19:11:58.666Z
84,oth_amel2_8968_jpg.rf.e4899431d2d0625f4c50471dda96a1f7.jpg,oth,ame,2026-04-27T19:12:02.676Z
85,sid_amel2_5882_jpg.rf.68be86445ba755828fc4c72f5fb7fedd.jpg,sid,ame,2026-04-27T19:12:06.692Z
86,oth_amel2_1181_jpg.rf.b159639b6ad04194e3aceb7b7126aafb.jpg,oth,ame,2026-04-27T19:12:10.705Z
87,top_vcra2_3239_jpg.rf.9f16acf1eb5986cdf2195e5ff74edca3.jpg,top,vcr,2026-04-27T19:12:14.714Z
88,top_amel2_4743_jpg.rf.f9ac5c7a02843c08c162e622f170eed7.jpg,top,ame,2026-04-27T19:12:18.721Z
89,sid_vcra1_1728_jpg.rf.c429e57c14ef1965e7d5e5c1f4ec469d.jpg,sid,vcr,2026-04-27T19:12:22.730Z
90,oth_vvel1_2572_jpg.rf.97cd91025e8f0724f9f8fb020f75be92.jpg,oth,vve,2026-04-27T19:12:26.750Z
91,top_vcra2_4220_jpg.rf.c9128a3ac62e44f27b054a21928c9e39.jpg,top,vcr,2026-04-27T19:12:30.776Z
92,top_vespsp2_5842_jpg.rf.3e6111636236159b11d52b15585bbdb0.jpg,top,ves,2026-04-27T19:12:34.800Z
93,top_vespsp2_5740_jpg.rf.e88a5e738089a3a8874177fca76a2a29.jpg,top,ves,2026-04-27T19:12:38.829Z
94,sid_amel2_8519_jpg.rf.bd9fce732ef096e134dbf2015fd004b4.jpg,sid,ame,2026-04-27T19:12:42.857Z
95,sid_amel2_1827_jpg.rf.2d191c93e632fdf5d6b6d899213d9616.jpg,sid,ame,2026-04-27T19:12:46.872Z
96,top_amel2_7062_jpg.rf.51e15ebd545b368f92dcdf4cbb42f1be.jpg,top,ame,2026-04-27T19:12:50.896Z
97,top_vvel2_0310_jpg.rf.357ad908d2f81b87ea71925fe6583cf6.jpg,top,vve,2026-04-27T19:12:54.908Z
98,sid_amel2_8480_jpg.rf.17cfddac54cf5cfa3dac6248ee45eedd.jpg,sid,ame,2026-04-27T19:12:58.914Z
99,oth_amel1_0782_jpg.rf.a89a46ef3965ec93a4878d8b418106fd.jpg,oth,ame,2026-04-27T19:13:02.943Z
100,sid_vvel1_1416_jpg.rf.b34a42cd44513a31e8b1624fcb1c35a7.jpg,sid,vve,2026-04-27T19:13:06.999Z
101,sid_vespsp2_5083_jpg.rf.ee849cb42aa0cd6661327ab6ce1a642d.jpg,sid,ves,2026-04-27T19:13:11.028Z
102,top_amel1_0456_jpg.rf.d3be1392ea3a385f13524e980b1876ea.jpg,top,ame,2026-04-27T19:13:15.058Z
103,top_vespsp2_2700_jpg.rf.90755a640cd2b22aa04173f87d9d6a49.jpg,top,ves,2026-04-27T19:13:19.071Z
104,top_vvel2_5859_jpg.rf.e3f80ebc3da180d4a480eb09ac49e1f3.jpg,top,vve,2026-04-27T19:13:23.101Z
105,top_NULL_0843_jpg.rf.62929cb4b4eb3742840f2c8d79a87323.jpg,top,NUL,2026-04-27T19:13:27.131Z
106,sid_vespsp2_3391_jpg.rf.f8a501a08474545228aa96a33aac880f.jpg,sid,ves,2026-04-27T19:13:31.139Z
107,oth_vvel2_1967_jpg.rf.cf408efebd90bbd94b281e586937f33d.jpg,oth,vve,2026-04-27T19:13:35.169Z
108,oth_amel1_1610_jpg.rf.772b485f885ed74ceb70c448834a4c35.jpg,oth,ame,2026-04-27T19:13:39.182Z
109,sid_vespsp1_0024_jpg.rf.c9e83bdd63f272e1c459cd7b96d1eed2.jpg,sid,ves,2026-04-27T19:13:43.195Z
110,top_vespsp2_0967_jpg.rf.c4b982c9606dc0dd9af08ca8eff4fe33.jpg,top,ves,2026-04-27T19:13:47.212Z
111,oth_vespsp2_1848_jpg.rf.ec574b1058c14ddd82de03f413011ca9.jpg,oth,ves,2026-04-27T19:13:51.226Z
112,top_vcra2_6048_jpg.rf.b043aa437cb523b7397b4cc4f2ec58a1.jpg,top,vcr,2026-04-27T19:13:55.242Z
113,oth_amel1_0702_jpg.rf.2dd393c6504a82b005a0d181d56e7c33.jpg,oth,ame,2026-04-27T19:13:59.271Z
114,top_vvel2_5949_jpg.rf.31928502f277678cd60100297b5ecf04.jpg,top,vve,2026-04-27T19:14:03.302Z
115,top_vespsp2_4926_jpg.rf.b8424fd38daac3b2369aee522e5b125e.jpg,top,ves,2026-04-27T19:14:07.306Z
116,oth_vvel2_6210_jpg.rf.520f0293de0fbaf08ec2791a35cd89b6.jpg,oth,vve,2026-04-27T19:14:11.314Z
117,top_vespsp2_1857_jpg.rf.f74fbeb80a32f0dbf404cefd0a3c5095.jpg,top,ves,2026-04-27T19:14:15.323Z
118,top_vvel2_1179_jpg.rf.7ca23447f37daeeffb5e9111d14e0fff.jpg,top,vve,2026-04-27T19:14:19.331Z
119,sid_vvel2_4547_jpg.rf.d4d0ea5ebad163453a57d1fbbf14a951.jpg,sid,vve,2026-04-27T19:14:23.366Z
120,oth_amel1_1349_jpg.rf.c03d28b2dd63f0cd05fd95a63000e48b.jpg,oth,ame,2026-04-27T19:14:27.393Z
121,sid_amel1_1458_jpg.rf.e2d9dbc32fab63347990fa7c9273f72a.jpg,sid,ame,2026-04-27T19:14:31.406Z
122,top_vcra1_0602_jpg.rf.8a82b12875a2e6a5d93935433588860b.jpg,top,vcr,2026-04-27T19:14:35.416Z
123,oth_amel2_6212_jpg.rf.2d04ad9be02a5d3de54c70b95d3dfc2e.jpg,oth,ame,2026-04-27T19:14:39.446Z
124,oth_vespsp1_1409_jpg.rf.34fec0515876eb5e15b77439f52afb7e.jpg,oth,ves,2026-04-27T19:14:43.473Z
125,sid_amel2_0183_jpg.rf.f502906f8f0edfe1c4d2050b69e45cab.jpg,sid,ame,2026-04-27T19:14:47.508Z
126,top_vespsp2_2950_jpg.rf.0c89f9cc0271280f3e7ada597c19dcac.jpg,top,ves,2026-04-27T19:14:51.543Z
127,sid_vcra1_0437_jpg.rf.ccd2c10d7dbc78e59b443fc71602be92.jpg,sid,vcr,2026-04-27T19:14:55.573Z
128,top_vespsp2_2980_jpg.rf.8c432d77581612e4f0f430f812e15065.jpg,top,ves,2026-04-27T19:14:59.600Z
129,top_vvel2_5345_jpg.rf.fe505a5c7b997ab12c5847d1b0919f23.jpg,top,vve,2026-04-27T19:15:03.633Z
130,top_NULL_0908_jpg.rf.e5c1eceb174c35a63ce8ae328fe9b9b1.jpg,top,NUL,2026-04-27T19:15:07.663Z
131,top_vvel1_0860_jpg.rf.67348bcb961f98e4c55d3baf5c0f3732.jpg,top,vve,2026-04-27T19:15:11.695Z
132,sid_vespsp2_3327_jpg.rf.51cdb139c4837a8b23c6ab35321bf581.jpg,sid,ves,2026-04-27T19:15:15.724Z
133,top_amel2_5053_jpg.rf.adc8bd421008dedfc25d2886ebbd706f.jpg,top,ame,2026-04-27T19:15:19.738Z
134,top_vcra1_1082_jpg.rf.3f3b96ed62726422bd5744d8644fe22f.jpg,top,vcr,2026-04-27T19:15:23.773Z
135,oth_vvel2_4806_jpg.rf.b4ddea816d52a1279f1bcc8ddd5ce43f.jpg,oth,vve,2026-04-27T19:15:27.787Z
136,sid_vcra2_4251_jpg.rf.e243cb7dae9e351321b17efa8f34781f.jpg,sid,vcr,2026-04-27T19:15:31.807Z
137,oth_amel2_3625_jpg.rf.e0e34124078b7a113aef678d8a1eae79.jpg,oth,ame,2026-04-27T19:15:35.825Z
138,top_vvel2_2268_jpg.rf.f79c70f86dc3aa7575d3ac40b2017006.jpg,top,vve,2026-04-27T19:15:39.847Z
139,top_vespsp2_2373_jpg.rf.274dfb5531d9cf2773b27ae88710f716.jpg,top,ves,2026-04-27T19:15:43.867Z
140,oth_vvel2_5352_jpg.rf.3111b8fb746b34d927353d667a628c4c.jpg,oth,vve,2026-04-27T19:15:47.892Z
141,top_vespsp2_4623_jpg.rf.560c029e6a5db5455f86c8e935c65178.jpg,top,ves,2026-04-27T19:15:51.923Z
142,oth_vvel1_2602_jpg.rf.0210cc0ef7f1d5e722a67491691f6e59.jpg,oth,vve,2026-04-27T19:15:55.947Z
143,top_vvel1_1550_jpg.rf.47cff2a89160872b31dd0f9fd2a87dc0.jpg,top,vve,2026-04-27T19:15:59.968Z
144,sid_amel2_6047_jpg.rf.1982fe1f2d6858d6fde14e61d32e812d.jpg,sid,ame,2026-04-27T19:16:03.977Z
145,top_vcra2_1464_jpg.rf.5b12712c64c32a47f932f3b2d612bcd3.jpg,top,vcr,2026-04-27T19:16:07.988Z
146,oth_vcra2_2530_jpg.rf.b08c6dca5189eb97c480aab6fd385fa5.jpg,oth,vcr,2026-04-27T19:16:12.018Z
147,oth_vvel2_4895_jpg.rf.008b4280d207b296ea665b67cae1227a.jpg,oth,vve,2026-04-27T19:16:16.048Z
148,sid_amel2_7790_jpg.rf.82c965c9d6700560aa0ae0aa3cd8d0a5.jpg,sid,ame,2026-04-27T19:16:20.057Z
149,oth_vespsp2_0194_jpg.rf.f3fa00ea84b0316e9b7f5f670c0ee953.jpg,oth,ves,2026-04-27T19:16:24.083Z
150,top_amel2_0279_jpg.rf.0a6b2640f008d573c2b156e32fbfe0ec.jpg,top,ame,2026-04-27T19:16:28.114Z
151,sid_amel2_7434_jpg.rf.8d567b3815813c57acf7683e98865d12.jpg,sid,ame,2026-04-27T19:16:32.126Z
152,sid_amel2_7064_jpg.rf.f7d87437ea85b6716707da6897e99597.jpg,sid,ame,2026-04-27T19:16:36.157Z
153,top_vcra2_4915_jpg.rf.bb3f572efec02d16d48dd746e59d636f.jpg,top,vcr,2026-04-27T19:16:40.165Z
154,sid_vvel2_0160_jpg.rf.7c094d46d8f5ca285eb9cec96195296c.jpg,sid,vve,2026-04-27T19:16:44.169Z
155,sid_vvel2_0193_jpg.rf.a50673486a63bd9748088f7d443c5cb9.jpg,sid,vve,2026-04-27T19:16:48.185Z
156,top_NULL_0293_jpg.rf.0b39ade101d0d800a0963b349d042dcd.jpg,top,NUL,2026-04-27T19:16:52.212Z
157,top_vvel2_1367_jpg.rf.8423a97bbd7e1b8b2c2190285f9f91a4.jpg,top,vve,2026-04-27T19:16:56.238Z
158,oth_vespsp1_1576_jpg.rf.9b7c9229fc614825a105239950518c49.jpg,oth,ves,2026-04-27T19:17:00.254Z
159,sid_amel2_1992_jpg.rf.cf8f0c60fd32817d1cb36c891113c499.jpg,sid,ame,2026-04-27T19:17:04.278Z
160,top_vvel1_0745_jpg.rf.bc071cca94611ff789993811708c69bc.jpg,top,vve,2026-04-27T19:17:08.291Z
161,oth_vvel1_1411_jpg.rf.2108d5965422840d9deb0ea6dbe4515e.jpg,oth,vve,2026-04-27T19:17:12.302Z
162,oth_amel1_1261_jpg.rf.23761262d09b507278a95fa9bd9b0d91.jpg,oth,ame,2026-04-27T19:17:16.331Z
163,top_vcra2_0848_jpg.rf.236e8ad3814d6e7997144e78f8af7a4d.jpg,top,vcr,2026-04-27T19:17:20.358Z
164,sid_vespsp1_0869_jpg.rf.da5a780194dec3942c569e89e316f680.jpg,sid,ves,2026-04-27T19:17:24.368Z
165,top_vvel2_3756_jpg.rf.ec5271b2f58b3a7be0d82851ac6f57f5.jpg,top,vve,2026-04-27T19:17:28.403Z
166,top_vcra2_4765_jpg.rf.43c950dbb5ed169a21b35626ac080468.jpg,top,vcr,2026-04-27T19:17:32.432Z
167,oth_amel2_0791_jpg.rf.0aafef4091ca3eab68d3de3fc6d3fcaa.jpg,oth,ame,2026-04-27T19:17:36.460Z
168,oth_NULL_0994_jpg.rf.5491ed2d69aa6ce44d84159b4bc18a32.jpg,oth,NUL,2026-04-27T19:17:40.481Z
169,top_vcra2_1058_jpg.rf.3301589d00a20b39c8b0e49d43179c72.jpg,top,vcr,2026-04-27T19:17:44.506Z
170,top_vvel1_1321_jpg.rf.db0562a56d65aa9ece845c85b66446c2.jpg,top,vve,2026-04-27T19:17:48.522Z
171,top_vcra1_1482_jpg.rf.82fbed067c77a4f8021677f8d8d269ec.jpg,top,vcr,2026-04-27T19:17:52.552Z
172,sid_amel2_5446_jpg.rf.fab1fcc546ae419c2400ced998f31ae7.jpg,sid,ame,2026-04-27T19:17:56.565Z
173,top_vvel2_1578_jpg.rf.c189acc45eca8527350ea97e3b35a94f.jpg,top,vve,2026-04-27T19:18:00.572Z
174,top_vespsp1_1771_jpg.rf.33d4f6b3e61cc4dd3a42e3799087eb63.jpg,top,ves,2026-04-27T19:18:04.581Z
175,oth_vvel1_2005_jpg.rf.e4247e942cf280e422c88b364c33fe9e.jpg,oth,vve,2026-04-27T19:18:08.590Z
176,top_vcra2_5249_jpg.rf.3bf1369fa6714a4fb6a0ba906fcae346.jpg,top,vcr,2026-04-27T19:18:12.619Z
177,top_vcra1_0786_jpg.rf.96e07f3dd40f8a20ac5177bf48600893.jpg,top,vcr,2026-04-27T19:18:16.678Z
178,top_vespsp2_4659_jpg.rf.e9b98d36d00ec7447ec4287e5e13bea3.jpg,top,ves,2026-04-27T19:18:20.695Z
179,oth_amel2_5819_jpg.rf.c95f421411caa7b1fbd802ec474b2cd0.jpg,oth,ame,2026-04-27T19:18:24.705Z
180,sid_NULL_1600_jpg.rf.3ca07886e66987e79f9dc41c859031d9.jpg,sid,NUL,2026-04-27T19:18:28.740Z
181,sid_amel2_2174_jpg.rf.517d1065024362f67e497f3dc527cf25.jpg,sid,ame,2026-04-27T19:18:32.755Z
182,top_vcra2_3914_jpg.rf.4b0fcd8e4b1aa06f649adea7be64447c.jpg,top,vcr,2026-04-27T19:18:36.783Z
183,top_amel2_2896_jpg.rf.6983483f791433ea608a24cc1a654e42.jpg,top,ame,2026-04-27T19:18:40.800Z
184,top_vcra2_5461_jpg.rf.871029a9b3ba1053473d6275169b8251.jpg,top,vcr,2026-04-27T19:18:44.811Z
185,sid_vespsp1_1235_jpg.rf.8820d1eeae626ce63cdb2e466500aaab.jpg,sid,ves,2026-04-27T19:18:48.828Z
186,oth_vvel2_4584_jpg.rf.91cd4d5371c5fd18239a197880df8368.jpg,oth,vve,2026-04-27T19:18:52.840Z
187,top_vvel1_1806_jpg.rf.24953a72d0dabb94907ef800392f18c5.jpg,top,vve,2026-04-27T19:18:56.856Z
188,sid_vespsp2_5485_jpg.rf.e29e84b92a197a5e23d798248f356f68.jpg,sid,ves,2026-04-27T19:19:00.878Z
189,top_vespsp2_2329_jpg.rf.1de5e8239d960ab2dee599096cdc3411.jpg,top,ves,2026-04-27T19:19:04.891Z
190,top_vespsp2_5868_jpg.rf.0a703f85037eb966957ef574c9eba5dd.jpg,top,ves,2026-04-27T19:19:08.905Z
191,top_vespsp2_1765_jpg.rf.f47bc633f839c344072aaaffd59560ed.jpg,top,ves,2026-04-27T19:19:12.918Z
192,top_amel2_1510_jpg.rf.1e6a1a54cd6702b9842f777948a1dd18.jpg,top,ame,2026-04-27T19:19:16.931Z
193,oth_vespsp1_0298_jpg.rf.24677fb15b1ef9aa9edd593026b9328a.jpg,oth,ves,2026-04-27T19:19:20.954Z
194,top_vcra2_4755_jpg.rf.370d0adb05a320668262584100c6cb65.jpg,top,vcr,2026-04-27T19:19:24.970Z
195,top_amel2_5391_jpg.rf.92e8f7ee833ac2504e0f4280e1302a0d.jpg,top,ame,2026-04-27T19:19:28.983Z
196,top_amel1_2410_jpg.rf.bad4ebb3dced8e92c5c8cf6f4cc6a48d.jpg,top,ame,2026-04-27T19:19:32.996Z
197,top_amel2_6898_jpg.rf.661317a1d27a128ea1be533a6c9634c3.jpg,top,ame,2026-04-27T19:19:37.009Z
198,oth_vcra1_1751_jpg.rf.04ccb8622c3acf807551b524c815862f.jpg,oth,vcr,2026-04-27T19:19:41.022Z
199,top_vvel2_5773_jpg.rf.fe39272a856fada45c9e9db78c2d5b27.jpg,top,vve,2026-04-27T19:19:45.040Z
200,sid_amel1_2235_jpg.rf.b6200c55250c49b5bb9a00ea993aa80e.jpg,sid,ame,2026-04-27T19:19:49.058Z
201,sid_vespsp1_0275_jpg.rf.d35e98875e70e2e67afdb2f2732dc316.jpg,sid,ves,2026-04-27T19:19:53.066Z
202,top_vcra2_4674_jpg.rf.f827cab150c4c4b8c760cdde42854c5d.jpg,top,vcr,2026-04-27T19:19:57.078Z
203,top_vcra2_0800_jpg.rf.08aa00f2aa0b00d5a43354ae9b79af55.jpg,top,vcr,2026-04-27T19:20:01.093Z
204,sid_vvel2_2353_jpg.rf.07cc9434ceacb72d043a79da489ea33c.jpg,sid,vve,2026-04-27T19:20:05.113Z
205,top_vvel2_2302_jpg.rf.b5ef25a356f101d2617e2e2485938a63.jpg,top,vve,2026-04-27T19:20:09.145Z
206,top_vcra2_5953_jpg.rf.396f1fb7aad744cc9ee4852dcfd98c7c.jpg,top,vcr,2026-04-27T19:20:13.154Z
207,oth_amel2_0362_jpg.rf.d6c67af17a787bcf8f0e58cf36b43d25.jpg,oth,ame,2026-04-27T19:20:17.159Z
208,sid_amel1_2466_jpg.rf.e13bf1bc923a51dd66f006f12519356b.jpg,sid,ame,2026-04-27T19:20:21.163Z
209,sid_vvel1_0836_jpg.rf.f5d56b8633338b37a1a276e782944c4a.jpg,sid,vve,2026-04-27T19:20:25.174Z
210,oth_amel2_1568_jpg.rf.f15d2be08ab73d329495ffdbc6368150.jpg,oth,ame,2026-04-27T19:20:29.187Z
211,oth_amel2_1419_jpg.rf.3fb27c217fc1ea78d0ef140b33dd32cb.jpg,oth,ame,2026-04-27T19:20:33.198Z
212,sid_amel2_6635_jpg.rf.1d08032ea8d7166a2ecb57117d79999d.jpg,sid,ame,2026-04-27T19:20:37.212Z
213,top_vvel2_1217_jpg.rf.13a97f887795d7e5c8d5fae5e735f896.jpg,top,vve,2026-04-27T19:20:41.224Z
214,oth_amel1_2291_jpg.rf.c10085c7da1fb5132f0741f974a2a991.jpg,oth,ame,2026-04-27T19:20:45.241Z
215,oth_vespsp2_0045_jpg.rf.30b6673629190ec5b25c4d9f056b272b.jpg,oth,ves,2026-04-27T19:20:49.246Z
216,top_vcra2_0981_jpg.rf.6c8949a865bcf249c353c20a48d1f766.jpg,top,vcr,2026-04-27T19:20:53.280Z
217,top_NULL_0158_jpg.rf.33847b4506179351a95f349224e65d9d.jpg,top,NUL,2026-04-27T19:20:57.296Z
218,top_NULL_0959_jpg.rf.683180f1e383390bcfa70fd6233e4fd3.jpg,top,NUL,2026-04-27T19:21:01.306Z
219,oth_vvel2_0640_jpg.rf.587be184ac9bacd05620269fdb00569f.jpg,oth,vve,2026-04-27T19:21:05.333Z
220,top_vcra2_5454_jpg.rf.f1bf857e36bdc92a68c6dd202130902a.jpg,top,vcr,2026-04-27T19:21:09.341Z
221,oth_amel1_0143_jpg.rf.28b70a35af0801a729978fe982e3d2f4.jpg,oth,ame,2026-04-27T19:21:13.352Z
222,top_vespsp1_0882_jpg.rf.b80cd6b4fe6fed224f2ac932bd2f5ae6.jpg,top,ves,2026-04-27T19:21:17.359Z
223,oth_vvel1_1126_jpg.rf.af615dac6decea49f87d2dea57dd18ba.jpg,oth,vve,2026-04-27T19:21:21.368Z
224,sid_vcra1_0363_jpg.rf.5e0a04a62469f13a9d009b6546490693.jpg,sid,vcr,2026-04-27T19:21:25.381Z
225,top_amel2_7589_jpg.rf.b7878d5d0c8e7f474565f697c0f42a1c.jpg,top,ame,2026-04-27T19:21:29.401Z
226,top_vcra2_4519_jpg.rf.ae243e4728ee9666afddce32c7c7dc80.jpg,top,vcr,2026-04-27T19:21:33.409Z
227,sid_vvel2_4215_jpg.rf.639869da6d5c52feea359e960b4751e8.jpg,sid,vve,2026-04-27T19:21:37.434Z
228,top_vvel2_4428_jpg.rf.6935a11e8275681588308f85707f69c3.jpg,top,vve,2026-04-27T19:21:41.440Z
229,oth_vcra1_1247_jpg.rf.117af6bfc11c6bbc7d72d401872ac9a8.jpg,oth,vcr,2026-04-27T19:21:45.451Z
230,top_amel2_7465_jpg.rf.a38194ecae71a07c987c052da8381610.jpg,top,ame,2026-04-27T19:21:49.465Z
231,oth_vvel2_1842_jpg.rf.140bdd50cb4cbc33597701f82912a69e.jpg,oth,vve,2026-04-27T19:21:53.479Z
232,oth_vcra1_0637_jpg.rf.18b98fd2db01b00fa03b52d3cdf62e07.jpg,oth,vcr,2026-04-27T19:21:57.499Z
233,oth_vcra2_2986_jpg.rf.a3215b8242896cfe6bb31b859d77e6fc.jpg,oth,vcr,2026-04-27T19:22:01.517Z
234,sid_vcra1_1208_jpg.rf.7c8af001959b2f6bec7fbc5e658316e3.jpg,sid,vcr,2026-04-27T19:22:05.532Z
235,top_amel2_5483_jpg.rf.318cb45abd81ea8d57c2ea89f99933b7.jpg,top,ame,2026-04-27T19:22:09.547Z
236,sid_vcra2_4108_jpg.rf.3f7f9c1e91a62c5e1e2bdde72581a675.jpg,sid,vcr,2026-04-27T19:22:13.566Z
237,top_amel1_0077_jpg.rf.3576c80f3b9493d5c47abff5e76b9750.jpg,top,ame,2026-04-27T19:22:17.583Z
238,oth_vespsp2_4641_jpg.rf.3ff452706110de72d4f51721226a9279.jpg,oth,ves,2026-04-27T19:22:21.589Z
239,sid_vcra2_1740_jpg.rf.cf6bb72b6a4cc17c820b7d9296d6664b.jpg,sid,vcr,2026-04-27T19:22:25.604Z
240,top_amel1_2081_jpg.rf.49ce636094d5e46c8497855d2c94b36c.jpg,top,ame,2026-04-27T19:22:29.623Z
241,oth_amel2_4035_jpg.rf.3948747a5d45b347543f8832ccd783ff.jpg,oth,ame,2026-04-27T19:22:33.637Z
242,top_amel2_4320_jpg.rf.04a3640f8ea91748a1ff85843f138b02.jpg,top,ame,2026-04-27T19:22:37.646Z
243,sid_amel2_0884_jpg.rf.9612f4acdb7105d58fc28766bac393c2.jpg,sid,ame,2026-04-27T19:22:41.678Z
244,oth_vcra1_2161_jpg.rf.d6373f248d214da16255e955aec3bb04.jpg,oth,vcr,2026-04-27T19:22:45.696Z
245,top_vcra2_0584_jpg.rf.40fe342e03a6987b2f0b01dc19d3d3ab.jpg,top,vcr,2026-04-27T19:22:49.729Z
246,top_vcra1_1715_jpg.rf.c325d65b50b77a2a677e0ab225be605d.jpg,top,vcr,2026-04-27T19:22:53.740Z
247,oth_vespsp2_0965_jpg.rf.b73370b100d3497ee30d671cbf95456d.jpg,oth,ves,2026-04-27T19:22:57.771Z
248,top_amel2_7444_jpg.rf.5bf2bfac54df5f220c8d04e6e1d7932c.jpg,top,ame,2026-04-27T19:23:01.798Z
249,top_amel1_2376_jpg.rf.fef4c6aac69d96b5a08ba14914024f5d.jpg,top,ame,2026-04-27T19:23:05.810Z
250,sid_vvel1_0332_jpg.rf.7d7822eec97fd40492a80dc5e98c9471.jpg,sid,vve,2026-04-27T19:23:09.828Z
251,top_amel2_6492_jpg.rf.fcce79cf4540c3c7b850cfe2c2829b6b.jpg,top,ame,2026-04-27T19:23:13.838Z
252,oth_NULL_0630_jpg.rf.c356a87e5de2735e6080aceff1aae5e3.jpg,oth,NUL,2026-04-27T19:23:17.869Z
253,top_vespsp2_2836_jpg.rf.75a9b9b47c1626c4071a9857d7803079.jpg,top,ves,2026-04-27T19:23:21.901Z
254,top_vespsp2_3617_jpg.rf.9b33ead1ef37d99e406a9bc60e079a73.jpg,top,ves,2026-04-27T19:23:25.928Z
255,top_vvel2_2720_jpg.rf.07fe7fe8424847c8a7198dfc4ae35d5f.jpg,top,vve,2026-04-27T19:23:29.947Z
256,top_vespsp2_3817_jpg.rf.77f3cbd3821bfe80ace89b9fb029fcc5.jpg,top,ves,2026-04-27T19:23:33.957Z
257,top_vvel2_6251_jpg.rf.d878e7198c09c918b92383b82ed09465.jpg,top,vve,2026-04-27T19:23:37.991Z
258,top_vvel1_2136_jpg.rf.c23113ad6c6bfa74538e736881d48c08.jpg,top,vve,2026-04-27T19:23:42.004Z
259,top_vespsp2_0778_jpg.rf.8456f229b6db3805b58e9a6c001d33a0.jpg,top,ves,2026-04-27T19:23:46.026Z
260,oth_vespsp1_1240_jpg.rf.faf7b38b1df4e2d1e12d03c9d17986af.jpg,oth,ves,2026-04-27T19:23:50.041Z
261,oth_amel1_0209_jpg.rf.dd8368c621da13b6cf566d3da582dac7.jpg,oth,ame,2026-04-27T19:23:54.050Z
262,sid_amel2_0872_jpg.rf.a85f11708d034ca33d6bdc7f483a8028.jpg,sid,ame,2026-04-27T19:23:58.059Z
263,top_amel2_4852_jpg.rf.644a65e51ad74d8d066d557d869ddedc.jpg,top,ame,2026-04-27T19:24:02.073Z
264,sid_vvel2_1434_jpg.rf.0493e80a5c39efa9b6689975bf6cb716.jpg,sid,vve,2026-04-27T19:24:06.094Z
265,sid_vvel2_3209_jpg.rf.861af0a45b1971ce98f7241e7f46dd6e.jpg,sid,vve,2026-04-27T19:24:10.114Z
266,oth_amel2_6609_jpg.rf.9e3f9232d2aaca3c148be4f8ecdb5c47.jpg,oth,ame,2026-04-27T19:24:14.119Z
267,top_vvel1_2239_jpg.rf.00f0ee56400047eef28cd39a429297ba.jpg,top,vve,2026-04-27T19:24:18.136Z
268,top_vvel1_2379_jpg.rf.b252f6c633e409b15beeda3d202245b3.jpg,top,vve,2026-04-27T19:24:22.163Z
269,oth_vespsp2_5519_jpg.rf.92c39355560fb77d264d97d504ef5288.jpg,oth,ves,2026-04-27T19:24:26.179Z
270,oth_vespsp1_0677_jpg.rf.ca2806a266f23c8cb52083aebe66d959.jpg,oth,ves,2026-04-27T19:24:30.200Z
271,oth_amel2_3014_jpg.rf.da7c58897b51d8e7a2f82def64723041.jpg,oth,ame,2026-04-27T19:24:34.233Z
272,oth_vcra2_0094_jpg.rf.a877e1cfd3b1ab32aa98a3ff227479ce.jpg,oth,vcr,2026-04-27T19:24:38.244Z
273,top_amel2_8849_jpg.rf.28dcc45dcc62754a3daddd93c654bb76.jpg,top,ame,2026-04-27T19:24:42.273Z
274,top_vcra1_1626_jpg.rf.032ed5b9ffdb08e7c0f88d3e05721802.jpg,top,vcr,2026-04-27T19:24:46.282Z
275,oth_vespsp2_2282_jpg.rf.b70d2e700699db18217636d22c65ce51.jpg,oth,ves,2026-04-27T19:24:50.296Z
276,top_vcra2_5463_jpg.rf.791e948d23ed14220ed8d4b9293d4958.jpg,top,vcr,2026-04-27T19:24:54.309Z
277,top_vespsp2_3453_jpg.rf.ffef281435e27997d94abbc52d285cbc.jpg,top,ves,2026-04-27T19:24:58.324Z
278,sid_vvel2_5562_jpg.rf.31eaec29094a15a99c5a74436d1d41bd.jpg,sid,vve,2026-04-27T19:25:02.342Z
279,top_amel1_0880_jpg.rf.f287e25346644c03ee63b95a66632b99.jpg,top,ame,2026-04-27T19:25:06.363Z
280,sid_amel2_2589_jpg.rf.b6cd604f3dac65dd54b2b2e0e2cfbc02.jpg,sid,ame,2026-04-27T19:25:10.394Z
281,top_vcra2_3162_jpg.rf.0750634e21473f7c7a37288e9543ff1b.jpg,top,vcr,2026-04-27T19:25:14.400Z
282,sid_amel2_0136_jpg.rf.779a53c0f4ab9f42f4c8c8e2263fa86f.jpg,sid,ame,2026-04-27T19:25:18.425Z
283,top_vvel2_5257_jpg.rf.be9508d8e558f06b92c873b5fab31787.jpg,top,vve,2026-04-27T19:25:22.436Z
284,top_vespsp2_5781_jpg.rf.ce45102d09bcd89b8529a0cb5a42a47f.jpg,top,ves,2026-04-27T19:25:26.450Z
285,oth_vespsp2_3457_jpg.rf.4b5a634d59d8d3657a892ff77c40fccd.jpg,oth,ves,2026-04-27T19:25:30.484Z
286,top_amel2_4342_jpg.rf.05ed29a383a30b8526ea4c4cec83957a.jpg,top,ame,2026-04-27T19:25:34.490Z
287,sid_vvel2_5287_jpg.rf.4c54f00f7d13e9850a7dd3566f0686f2.jpg,sid,vve,2026-04-27T19:25:38.524Z
288,top_vcra1_0645_jpg.rf.f031f620a1780d31c61b83791bcda229.jpg,top,vcr,2026-04-27T19:25:42.555Z
289,top_vcra2_4903_jpg.rf.7b1540439e49702b0a279c3ab0fa6c59.jpg,top,vcr,2026-04-27T19:25:46.586Z
290,top_vvel2_6285_jpg.rf.948fe7d614db3bdfab019885135bc3f6.jpg,top,vve,2026-04-27T19:25:50.613Z
291,top_vcra2_4778_jpg.rf.073c450b4b9c8953f5f7c329dbe5b657.jpg,top,vcr,2026-04-27T19:25:54.645Z
292,oth_vvel2_6073_jpg.rf.fa0bc634093021d6173c59738efd6ae0.jpg,oth,vve,2026-04-27T19:25:58.657Z
293,oth_amel2_8100_jpg.rf.058c56bb31c4efccf81c2e10e8ac1ff5.jpg,oth,ame,2026-04-27T19:26:02.691Z
294,sid_amel2_4379_jpg.rf.b88b55529dd01f289013ab6fd4d8239a.jpg,sid,ame,2026-04-27T19:26:06.699Z
295,top_NULL_0015_jpg.rf.a604ee1549684da27fb8101692d29fce.jpg,top,NUL,2026-04-27T19:26:10.727Z
296,sid_vcra2_2301_jpg.rf.68b3a64c3e6d1da59ffb1ccfae56c5ed.jpg,sid,vcr,2026-04-27T19:26:14.734Z
297,top_vvel2_3999_jpg.rf.19a667dc230a2b0a53169832aa1b2818.jpg,top,vve,2026-04-27T19:26:18.761Z
298,sid_amel1_0501_jpg.rf.9b8b53deb5a69ab7c97baed0cc653660.jpg,sid,ame,2026-04-27T19:26:22.775Z
299,oth_amel2_4274_jpg.rf.f0aa08b9a255f8304f28df1401014633.jpg,oth,ame,2026-04-27T19:26:26.781Z
300,sid_vcra2_5638_jpg.rf.3342caf941afe6b51bfaf110e771dcfe.jpg,sid,vcr,2026-04-27T19:26:30.800Z
301,top_vvel2_0673_jpg.rf.a4029a2f6374bfa0e303c52ce21b49d6.jpg,top,vve,2026-04-27T19:26:34.816Z
302,top_vcra2_4671_jpg.rf.626e1ce83bcca63913c979c09a582b91.jpg,top,vcr,2026-04-27T19:26:38.828Z
303,sid_amel2_4602_jpg.rf.985dd364c065ab4ed65f924f182a652f.jpg,sid,ame,2026-04-27T19:26:42.859Z
304,top_vespsp2_2289_jpg.rf.0c8717c66c0cd7bfa9c8fab32b94cd92.jpg,top,ves,2026-04-27T19:26:46.893Z
305,top_amel2_4455_jpg.rf.a36cafa521beac9daadaedd36eea75c8.jpg,top,ame,2026-04-27T19:26:50.922Z
306,top_vespsp2_1745_jpg.rf.acbd792376a62a30d11db1eeecd2442c.jpg,top,ves,2026-04-27T19:26:54.954Z
307,top_vvel2_5675_jpg.rf.fc15e1acf5b8ae6c171ac3faac78f831.jpg,top,vve,2026-04-27T19:26:58.977Z
308,top_vcra2_3027_jpg.rf.bfe328b68e294509454cec535d2e05ec.jpg,top,vcr,2026-04-27T19:27:03.002Z
309,oth_vvel1_2113_jpg.rf.ccaf77babcaf195f4b4177d58f16f019.jpg,oth,vve,2026-04-27T19:27:07.012Z
310,oth_amel2_8902_jpg.rf.1059a80475934994a79fac07666bb7af.jpg,oth,ame,2026-04-27T19:27:11.035Z
311,sid_amel2_3553_jpg.rf.bcbf6da836bc9d2b69e0abac6f497ae5.jpg,sid,ame,2026-04-27T19:27:15.062Z
312,oth_vvel2_6019_jpg.rf.7f20b4ab9de25149eb64634fd3a17d3e.jpg,oth,vve,2026-04-27T19:27:19.074Z
313,sid_vespsp2_5457_jpg.rf.0a7b35092c5f227d9e55dfe3cdda4b26.jpg,sid,ves,2026-04-27T19:27:23.102Z
314,sid_vvel1_1485_jpg.rf.277265744818c5775b09d49b2d7758c8.jpg,sid,vve,2026-04-27T19:27:27.135Z
315,oth_vvel1_1394_jpg.rf.85daaf87ab310f36cdc6c5a8463af8e2.jpg,oth,vve,2026-04-27T19:27:31.169Z
316,sid_vvel1_0621_jpg.rf.0014804cea9a35f93ffac4ceebe07fb2.jpg,sid,vve,2026-04-27T19:27:35.199Z
317,top_amel2_3618_jpg.rf.c8b31777d2bab0c26bccb4d2ea7bc7e9.jpg,top,ame,2026-04-27T19:27:39.208Z
318,top_vvel1_2101_jpg.rf.13530ce12c8f42cd9691650929a98947.jpg,top,vve,2026-04-27T19:27:43.242Z
319,top_vvel1_0953_jpg.rf.5de85f3ca4bb7e944e9764a7968c0bdb.jpg,top,vve,2026-04-27T19:27:47.273Z
320,oth_vcra2_3222_jpg.rf.ae1b34f14766ec7d562f9e8283a3eff5.jpg,oth,vcr,2026-04-27T19:27:51.300Z
321,top_vvel2_2329_jpg.rf.7000119b196a3f2c3eac4a8521726280.jpg,top,vve,2026-04-27T19:27:55.328Z
322,top_vespsp2_4508_jpg.rf.80a60263cff46441b28a65234a060c24.jpg,top,ves,2026-04-27T19:27:59.359Z
323,sid_amel2_7468_jpg.rf.da506371c6f565e03fe9a5c58b0ad0f6.jpg,sid,ame,2026-04-27T19:28:03.379Z
324,sid_amel1_0438_jpg.rf.0d0e7d36d4d46c0da80f741cc973b1d7.jpg,sid,ame,2026-04-27T19:28:07.393Z
325,oth_amel2_2929_jpg.rf.2b728c5a9586cd3eada56bb41654070d.jpg,oth,ame,2026-04-27T19:28:11.428Z
326,oth_amel2_8880_jpg.rf.0ce12c0b6a717d6f7222c233fd7c4c98.jpg,oth,ame,2026-04-27T19:28:15.431Z
327,oth_vvel2_2911_jpg.rf.523936d873d6232190261ddd6d5ccfc9.jpg,oth,vve,2026-04-27T19:28:19.464Z
328,top_vcra2_5094_jpg.rf.3348fe4e05e8e10ddcdacb476eb37e81.jpg,top,vcr,2026-04-27T19:28:23.471Z
329,sid_vvel1_0620_jpg.rf.603f15e7b590513132a46bd8a5bc60cf.jpg,sid,vve,2026-04-27T19:28:27.497Z
330,top_vespsp2_1801_jpg.rf.7cee1d3f3d7aacaf1c3c3eb7e4e7c9e4.jpg,top,ves,2026-04-27T19:28:31.528Z
331,top_vespsp2_2472_jpg.rf.82b9ad2d65d10b35bf357dec3b902172.jpg,top,ves,2026-04-27T19:28:35.545Z
332,sid_amel2_8391_jpg.rf.7afa1a2173487557689f771bf847ab2e.jpg,sid,ame,2026-04-27T19:28:39.554Z
333,top_vcra2_4503_jpg.rf.16d674467ff7b41eaa68387b83857d66.jpg,top,vcr,2026-04-27T19:28:43.585Z
334,oth_vcra1_0783_jpg.rf.25a40f67c3ee1cc4b12e3136e0df19df.jpg,oth,vcr,2026-04-27T19:28:47.614Z
335,sid_vvel2_0751_jpg.rf.4bcfb9e5245e27fea4478cab0e971eb3.jpg,sid,vve,2026-04-27T19:28:51.651Z
336,oth_vespsp2_0200_jpg.rf.2cfe1ca5f72b2a4865c2d35b47bd320c.jpg,oth,ves,2026-04-27T19:28:55.663Z
337,top_vcra2_3116_jpg.rf.823936e9793cb03618bbd6b70539a2f1.jpg,top,vcr,2026-04-27T19:28:59.683Z
338,top_amel2_4369_jpg.rf.453c1b2ec323b8cd0884dfa15c91c668.jpg,top,ame,2026-04-27T19:29:03.688Z
339,oth_amel2_2778_jpg.rf.df9099f1ec28aa1837063cf74a85e413.jpg,oth,ame,2026-04-27T19:29:07.719Z
340,sid_amel2_2898_jpg.rf.28b56230be34f2596fdd76c9b327b47d.jpg,sid,ame,2026-04-27T19:29:11.737Z
341,top_vespsp1_2314_jpg.rf.55e9c79794e83a6df37963266d1245fa.jpg,top,ves,2026-04-27T19:29:15.744Z
342,sid_vespsp2_2362_jpg.rf.bace50e6ad165d522297adb3fc01d876.jpg,sid,ves,2026-04-27T19:29:19.768Z
343,sid_vespsp2_6361_jpg.rf.783f1295d5facfc1482600477293ad3e.jpg,sid,ves,2026-04-27T19:29:23.789Z
344,oth_vcra2_2697_jpg.rf.3314ed4ee8d9d5024bbbb7d0bbbd6e94.jpg,oth,vcr,2026-04-27T19:29:27.819Z
345,sid_vvel2_1225_jpg.rf.91a7e86c5376f8db01ad15fe8b971f90.jpg,sid,vve,2026-04-27T19:29:31.849Z
346,top_vvel2_3206_jpg.rf.e7ca779484032acb2f23fb58f5e40885.jpg,top,vve,2026-04-27T19:29:35.857Z
347,top_vvel2_5020_jpg.rf.9a37cc4afd18c3c6d0d2167967b2717a.jpg,top,vve,2026-04-27T19:29:39.890Z
348,sid_vespsp2_0430_jpg.rf.17d89bc65d821057955d98a7f1967231.jpg,sid,ves,2026-04-27T19:29:43.918Z
349,oth_vvel2_6217_jpg.rf.07f40a5af2e8beeee12b3181585bd999.jpg,oth,vve,2026-04-27T19:29:47.930Z
350,oth_vespsp2_6041_jpg.rf.1df712275c00ad595f4007cdca604cb1.jpg,oth,ves,2026-04-27T19:29:51.943Z
351,top_vvel2_0088_jpg.rf.2b0a13f23f692345922353b732769c89.jpg,top,vve,2026-04-27T19:29:55.949Z
352,sid_vespsp2_1679_jpg.rf.5874a74c2aa16875fbe8a31a2337bbcc.jpg,sid,ves,2026-04-27T19:29:59.957Z
353,top_vvel2_4177_jpg.rf.73110402d97901327f23e48857450068.jpg,top,vve,2026-04-27T19:30:03.968Z
354,oth_vvel1_1039_jpg.rf.72a145494eea9811b86090cc59bbce0f.jpg,oth,vve,2026-04-27T19:30:08.001Z
355,oth_NULL_1759_jpg.rf.86e8c179458ca2e08d8f5a41d8b760e7.jpg,oth,NUL,2026-04-27T19:30:12.014Z
356,sid_amel2_5641_jpg.rf.ce68a0f96913e9cc655958bbf6487b6e.jpg,sid,ame,2026-04-27T19:30:16.020Z
357,top_vcra2_5577_jpg.rf.ee45adc444bd88bfefb653f0aa061598.jpg,top,vcr,2026-04-27T19:30:20.029Z
358,top_amel2_2466_jpg.rf.4f523637b86f39000b9e4cf046de88b7.jpg,top,ame,2026-04-27T19:30:24.049Z
359,sid_NULL_0018_jpg.rf.6bb7611b96dda211e5425ca727ffcc28.jpg,sid,NUL,2026-04-27T19:30:28.056Z
360,top_NULL_1539_jpg.rf.d386180a1174631c5cb8b8030c6f4bf4.jpg,top,NUL,2026-04-27T19:30:32.071Z
361,top_vvel2_4779_jpg.rf.569480dae6deea43c9e97718c30489e2.jpg,top,vve,2026-04-27T19:30:36.091Z
362,top_vvel2_0842_jpg.rf.f188b704d79a8520852a58998480fae8.jpg,top,vve,2026-04-27T19:30:40.104Z
363,top_vespsp2_4213_jpg.rf.3d04d18402cf05c9b4d198e0910cd453.jpg,top,ves,2026-04-27T19:30:44.114Z
364,oth_vvel2_4579_jpg.rf.8a3e0316beb5430b048d504539d84c20.jpg,oth,vve,2026-04-27T19:30:48.146Z
365,top_vcra2_4708_jpg.rf.3ba986c1f0c2d65db91b2d1f309ffc4f.jpg,top,vcr,2026-04-27T19:30:52.154Z
366,oth_amel1_1998_jpg.rf.e825cd029b1464a9c180fca891fec428.jpg,oth,ame,2026-04-27T19:30:56.172Z
367,top_vespsp1_2209_jpg.rf.e6a026c4c2fda477f17fa57e9649addb.jpg,top,ves,2026-04-27T19:31:00.184Z
368,top_vcra1_1404_jpg.rf.2bc499c61fc9254a3d6969511ecfd905.jpg,top,vcr,2026-04-27T19:31:04.202Z
369,sid_amel1_1495_jpg.rf.c26f1b34a4b55f3ab567f2df1ef6f9c3.jpg,sid,ame,2026-04-27T19:31:08.219Z
370,oth_vvel2_6286_jpg.rf.cd22b01c7b07d4657b0dc7adac5094ee.jpg,oth,vve,2026-04-27T19:31:12.231Z
371,oth_vcra2_0170_jpg.rf.d4eac8e8025493cf81a5ef7c06851eb6.jpg,oth,vcr,2026-04-27T19:31:16.250Z
372,oth_amel1_2371_jpg.rf.a72d62e72f265be0b119d462d3d0716d.jpg,oth,ame,2026-04-27T19:31:20.264Z
373,oth_amel2_0205_jpg.rf.6edafd9c2cf6e09689c35bfaa6e5ab46.jpg,oth,ame,2026-04-27T19:31:24.282Z
374,top_amel1_0282_jpg.rf.892f0983d55737474296559a1f9064c3.jpg,top,ame,2026-04-27T19:31:28.301Z
375,top_vcra2_5640_jpg.rf.a93eb57a0a750f8ad466796fc8f66fc4.jpg,top,vcr,2026-04-27T19:31:32.312Z
376,oth_vcra1_1990_jpg.rf.f17a031c822d7bc20bb9eadc53ef3a45.jpg,oth,vcr,2026-04-27T19:31:36.325Z
377,top_vcra2_3845_jpg.rf.92f4fedd711b4e8c21c87eefb8607b51.jpg,top,vcr,2026-04-27T19:31:40.333Z
378,top_vvel1_1319_jpg.rf.99106d9bbd3c1321b75c2c76d8771d78.jpg,top,vve,2026-04-27T19:31:44.357Z
379,oth_vcra2_4596_jpg.rf.bb7e58c543a594840c3ce27e198f9a2c.jpg,oth,vcr,2026-04-27T19:31:48.387Z
380,top_vvel2_4915_jpg.rf.5e20488dcbfbcdd280e3157fe7e36480.jpg,top,vve,2026-04-27T19:31:52.416Z
381,oth_vespsp2_2566_jpg.rf.adf5115ef36d089e2c68499fbe20f3d9.jpg,oth,ves,2026-04-27T19:31:56.424Z
382,sid_NULL_1509_jpg.rf.b3b670d7ed2d9a972c73ed96472c6d93.jpg,sid,NUL,2026-04-27T19:32:00.456Z
383,sid_amel2_0032_jpg.rf.5c5dc0e44d13c6c0f7d52d8c1e9f1cea.jpg,sid,ame,2026-04-27T19:32:04.463Z
384,sid_amel2_5363_jpg.rf.7689b084ee58cdee9d200acbc280ce25.jpg,sid,ame,2026-04-27T19:32:08.542Z
385,top_vvel2_5244_jpg.rf.fc4d528baf0901679e44c9fe90a86d94.jpg,top,vve,2026-04-27T19:32:12.576Z
386,oth_amel1_1702_jpg.rf.3b17b6aa566045574ec46e8ff52c88fb.jpg,oth,ame,2026-04-27T19:32:16.607Z
387,oth_vespsp1_0748_jpg.rf.2c94509dcad05e45b73e0520e49df2e8.jpg,oth,ves,2026-04-27T19:32:20.635Z
388,top_vespsp2_3243_jpg.rf.4bbe2fcc1fbe8e0b52197873b875c7b1.jpg,top,ves,2026-04-27T19:32:24.658Z
1,oth_vvel2_1415_jpg.rf.82b140939b01ae29fc03f3523190c93e.jpg,oth,vve,2026-04-27T19:32:28.671Z
2,sid_NULL_1491_jpg.rf.b71393a82e12e4818aa6f9ab96c28c44.jpg,sid,NUL,2026-04-27T19:32:32.698Z
3,top_vvel2_0052_jpg.rf.494cc5e19a9c0e8efd24c84305a2fa91.jpg,top,vve,2026-04-27T19:32:36.716Z
4,top_vcra1_2262_jpg.rf.66a100a6bcf10a9f94a651d26a4dcd97.jpg,top,vcr,2026-04-27T19:32:40.731Z
5,top_vespsp2_5751_jpg.rf.2f3c650787659405a2f337b014e95602.jpg,top,ves,2026-04-27T19:32:44.750Z
6,top_vcra2_3246_jpg.rf.752f908bbca348dc40172eaf6613f144.jpg,top,vcr,2026-04-27T19:32:48.762Z
7,top_amel2_1598_jpg.rf.c4a90826a5f9aa5a2418c45462704bf0.jpg,top,ame,2026-04-27T19:32:52.782Z
8,oth_vvel2_2642_jpg.rf.907276ecc8f317156b4f26e54172eaa1.jpg,oth,vve,2026-04-27T19:32:56.803Z
9,oth_vespsp2_0688_jpg.rf.c261078e19d68a6a011475dbdeae38d9.jpg,oth,ves,2026-04-27T19:33:00.817Z
10,sid_vvel2_4022_jpg.rf.c6ee2a5100f50d02124bc1a9493021e8.jpg,sid,vve,2026-04-27T19:33:04.838Z
11,sid_vcra2_1191_jpg.rf.34d86079ff7ebe957ee8986350e9dfce.jpg,sid,vcr,2026-04-27T19:33:08.852Z
12,oth_vcra2_5852_jpg.rf.ec9c50a2a5b00d722b490172a80b09c2.jpg,oth,vcr,2026-04-27T19:33:12.867Z
13,oth_vvel2_3685_jpg.rf.1b5d173726099966a47c80dcc37a9b33.jpg,oth,vve,2026-04-27T19:33:16.884Z
14,top_vvel2_4601_jpg.rf.eccfbdf96cdd6e7a08d268d6b76a6664.jpg,top,vve,2026-04-27T19:33:20.897Z
15,oth_vvel1_2503_jpg.rf.8776d94ff7061ba43b91a0c190c7c269.jpg,oth,vve,2026-04-27T19:33:24.916Z
16,top_vvel1_1222_jpg.rf.5c0b73feadb3c6a7285e4f62953b5bc2.jpg,top,vve,2026-04-27T19:33:28.932Z
17,top_vcra2_4993_jpg.rf.1749e3f9c6ba7d91a5d8c6faff59d937.jpg,top,vcr,2026-04-27T19:33:32.939Z
18,sid_vvel2_4971_jpg.rf.f605f9ce04fb230a355e188490407b9f.jpg,sid,vve,2026-04-27T19:33:36.956Z
19,top_NULL_1189_jpg.rf.6fb152c3e8032c2755cd5d5adf305d9c.jpg,top,NUL,2026-04-27T19:33:40.966Z
20,top_vcra2_5417_jpg.rf.f529ebec88e3ecfa35109b56ae0f1837.jpg,top,vcr,2026-04-27T19:33:44.991Z
21,top_amel1_2241_jpg.rf.0dc1fb6205b2c346a0db197d3d0e02cc.jpg,top,ame,2026-04-27T19:33:49.002Z
22,top_vvel2_2282_jpg.rf.58d632c09325b78bf4c19b30a58c2859.jpg,top,vve,2026-04-27T19:33:53.037Z
23,top_vcra2_4610_jpg.rf.5ec59bcdb51b620b817e0d82e2fce210.jpg,top,vcr,2026-04-27T19:33:57.044Z
24,sid_vcra2_0169_jpg.rf.1d450a03e04c1a9888333284d12c8398.jpg,sid,vcr,2026-04-27T19:34:01.056Z
25,sid_vespsp2_4146_jpg.rf.29def1c64f390a6d15252bde98452c97.jpg,sid,ves,2026-04-27T19:34:05.068Z
26,oth_amel2_8276_jpg.rf.6aa5659f172f6e8c3c3f1e20b13f0028.jpg,oth,ame,2026-04-27T19:34:09.084Z
27,oth_vespsp1_0414_jpg.rf.2391cc301bb7cd82923ff97acb806485.jpg,oth,ves,2026-04-27T19:34:13.109Z
28,oth_vespsp2_4642_jpg.rf.b3cfa113738382648f179b746cfb40fe.jpg,oth,ves,2026-04-27T19:34:17.119Z
29,sid_amel1_2405_jpg.rf.9a67327e04b326d84dccc65fd3e1ab86.jpg,sid,ame,2026-04-27T19:34:21.143Z
30,sid_vcra2_2704_jpg.rf.aef45048fdad19521b71ff8dc85b43e6.jpg,sid,vcr,2026-04-27T19:34:25.160Z
31,top_amel2_7053_jpg.rf.cf11f61a0914805604a3933c51e93cf1.jpg,top,ame,2026-04-27T19:34:29.168Z
32,oth_vespsp2_4443_jpg.rf.1929ed54bf5a67301f44a3235e7c6999.jpg,oth,ves,2026-04-27T19:34:33.175Z
33,oth_vvel2_5978_jpg.rf.81930247ae3450667e779ce99ffae6e6.jpg,oth,vve,2026-04-27T19:34:37.188Z
34,top_NULL_0353_jpg.rf.8d9c33044b01adf899fd538e76d31d15.jpg,top,NUL,2026-04-27T19:34:41.216Z
35,top_amel1_1106_jpg.rf.266b96b36c4c6e1fe4391354b86f7d00.jpg,top,ame,2026-04-27T19:34:45.230Z
36,oth_vcra1_1835_jpg.rf.49360b95a1a0021244d1557f5fb168de.jpg,oth,vcr,2026-04-27T19:34:49.262Z
37,oth_amel2_5354_jpg.rf.d8a38fc5e4fc2787865e4d057be87af6.jpg,oth,ame,2026-04-27T19:34:53.291Z
38,oth_vvel1_1642_jpg.rf.d1d9c62eb82cf0fed9a891f4afb53ddb.jpg,oth,vve,2026-04-27T19:34:57.323Z
39,oth_vespsp2_3057_jpg.rf.451e57b37252867c3392139d357468f3.jpg,oth,ves,2026-04-27T19:35:01.335Z
40,sid_amel2_2483_jpg.rf.bbfb8f66439e654268454864d95bf122.jpg,sid,ame,2026-04-27T19:35:05.349Z
41,top_amel2_6382_jpg.rf.befac5fc9a6d6f19d394c578d7c8825a.jpg,top,ame,2026-04-27T19:35:09.373Z
42,top_vespsp2_1324_jpg.rf.9f3526ffde3405f8261ef62b5303332a.jpg,top,ves,2026-04-27T19:35:13.402Z
43,top_vcra2_1572_jpg.rf.873180f675911b65da332461a2ddd7d4.jpg,top,vcr,2026-04-27T19:35:17.431Z
44,top_vespsp2_3595_jpg.rf.54946e20e7c823ba6670531f6e397e68.jpg,top,ves,2026-04-27T19:35:21.462Z
45,top_vcra2_4981_jpg.rf.4a2280b28b8590e7ffde5e3a224d6434.jpg,top,vcr,2026-04-27T19:35:25.472Z
46,sid_vespsp2_1773_jpg.rf.acdfb1032d20f333933f1379efb2f7d7.jpg,sid,ves,2026-04-27T19:35:29.485Z
47,top_amel2_6507_jpg.rf.090c5a89085ac6282ec9b049f23961b2.jpg,top,ame,2026-04-27T19:35:33.506Z
48,oth_vvel2_1030_jpg.rf.50bf8416a0f974ad1d81fb7cc9068d08.jpg,oth,vve,2026-04-27T19:35:37.538Z
49,top_amel1_0617_jpg.rf.1e306b4979d6ee1e07a142aeba33b690.jpg,top,ame,2026-04-27T19:35:41.554Z
50,sid_amel1_2436_jpg.rf.2078a2d88b20a77fcd24604a5d089c1e.jpg,sid,ame,2026-04-27T19:35:45.565Z
51,top_vcra2_0592_jpg.rf.c8279c25e8c87779b27f2ea88b419173.jpg,top,vcr,2026-04-27T19:35:49.578Z
52,oth_amel2_3759_jpg.rf.e3e9ac5d6912a501ccae113822614306.jpg,oth,ame,2026-04-27T19:35:53.591Z
53,sid_vespsp2_1055_jpg.rf.a4d772cabae42b8e441c14431d8f4019.jpg,sid,ves,2026-04-27T19:35:57.600Z
54,top_amel2_3359_jpg.rf.9b20f628a7fdc99278d91bdcc25d0eef.jpg,top,ame,2026-04-27T19:36:01.624Z
55,oth_NULL_1590_jpg.rf.f0ab9a8f5ccbc924263ca37eab5586bd.jpg,oth,NUL,2026-04-27T19:36:05.657Z
56,oth_vcra1_0406_jpg.rf.f69de260a45a3cd9773eb897e0e8eb5e.jpg,oth,vcr,2026-04-27T19:36:09.684Z
57,sid_vespsp1_0502_jpg.rf.00d39cc7ebce84a997ab3ecf3f2edabf.jpg,sid,ves,2026-04-27T19:36:13.708Z
58,top_vvel2_0464_jpg.rf.2dd3eb315a558ac9b3fe4567360517a4.jpg,top,vve,2026-04-27T19:36:17.721Z
59,oth_vvel2_0060_jpg.rf.e4c73ba7828c17e38aa417146b17dd69.jpg,oth,vve,2026-04-27T19:36:21.736Z
60,sid_amel1_1815_jpg.rf.98375f470f95d58e5067b6a52a12be9b.jpg,sid,ame,2026-04-27T19:36:25.749Z
61,sid_vcra2_0083_jpg.rf.8aa2e60a91553eafd52e5f36494e5e2a.jpg,sid,vcr,2026-04-27T19:36:29.757Z
62,sid_vvel1_2275_jpg.rf.9935f4facb2f0b517539f91b6abf7e72.jpg,sid,vve,2026-04-27T19:36:33.772Z
63,top_vcra2_3243_jpg.rf.471b68ca048c1f0c9d39e95c07e528e8.jpg,top,vcr,2026-04-27T19:36:37.784Z
64,sid_amel2_4833_jpg.rf.d08e1df20ba60c3b08892a42af79d4ef.jpg,sid,ame,2026-04-27T19:36:41.795Z
65,oth_vespsp2_1469_jpg.rf.cdbc97ec5504453d290099f9b97b8c75.jpg,oth,ves,2026-04-27T19:36:45.812Z
66,sid_vcra2_5563_jpg.rf.fb2bad3355ba8cfc88b1268c8679ceee.jpg,sid,vcr,2026-04-27T19:36:49.823Z
67,top_amel1_2037_jpg.rf.b85dc62f31ec5c7a6f56da94c2a2f262.jpg,top,ame,2026-04-27T19:36:53.832Z
68,oth_amel1_1546_jpg.rf.6de31c982a7d34e7b9cdf52400722fc8.jpg,oth,ame,2026-04-27T19:36:57.853Z
69,oth_vespsp2_0465_jpg.rf.75bac31d920b3d74ece9b585110deb27.jpg,oth,ves,2026-04-27T19:37:01.880Z
70,top_amel2_4706_jpg.rf.a855f2a1e323503094150ea16840c8d0.jpg,top,ame,2026-04-27T19:37:05.897Z
71,top_NULL_0872_jpg.rf.f456a6f2be88b1aca4f5630add0c0bc7.jpg,top,NUL,2026-04-27T19:37:09.907Z
72,sid_vvel2_5289_jpg.rf.44cc13d6e0d76162908e2da5854f9323.jpg,sid,vve,2026-04-27T19:37:13.940Z
73,oth_vespsp2_0353_jpg.rf.517e9ec46296464d7a6f456b17355efc.jpg,oth,ves,2026-04-27T19:37:17.975Z
74,top_vvel2_1498_jpg.rf.68a79957ca037d46bcfc51f15e3b311d.jpg,top,vve,2026-04-27T19:37:21.993Z
75,oth_vvel1_1000_jpg.rf.5c020230e1a9bb08146797a7bff921bb.jpg,oth,vve,2026-04-27T19:37:26.004Z
76,top_vespsp2_0975_jpg.rf.6a188772eef6b2bf29db23339c29e06b.jpg,top,ves,2026-04-27T19:37:30.028Z
77,top_vcra2_5962_jpg.rf.7958c3485dc25bf2703527b6d1e35a9c.jpg,top,vcr,2026-04-27T19:37:34.063Z
78,top_vcra1_0051_jpg.rf.88201619136a2a594e7423dbb94bb572.jpg,top,vcr,2026-04-27T19:37:38.073Z
79,top_vcra2_0894_jpg.rf.d7295df20cf4994f682ba11d7c0921c4.jpg,top,vcr,2026-04-27T19:37:42.096Z
80,top_vcra2_1648_jpg.rf.cff8c54054fe31da6f8fc85a9c5e843b.jpg,top,vcr,2026-04-27T19:37:46.142Z
81,oth_vespsp2_4262_jpg.rf.654f83a1d4f009df07e996fdaf3ca167.jpg,oth,ves,2026-04-27T19:37:50.155Z
82,top_vespsp2_2995_jpg.rf.4eedda9155b3761ad7c2a31458fdf305.jpg,top,ves,2026-04-27T19:37:54.169Z
83,oth_vvel2_4040_jpg.rf.408c6c9cb338fe35b4639afde331d7ce.jpg,oth,vve,2026-04-27T19:37:58.200Z
84,oth_amel2_8968_jpg.rf.e4899431d2d0625f4c50471dda96a1f7.jpg,oth,ame,2026-04-27T19:38:02.208Z
85,sid_amel2_5882_jpg.rf.68be86445ba755828fc4c72f5fb7fedd.jpg,sid,ame,2026-04-27T19:38:06.223Z
86,oth_amel2_1181_jpg.rf.b159639b6ad04194e3aceb7b7126aafb.jpg,oth,ame,2026-04-27T19:38:10.238Z
87,top_vcra2_3239_jpg.rf.9f16acf1eb5986cdf2195e5ff74edca3.jpg,top,vcr,2026-04-27T19:38:14.252Z
88,top_amel2_4743_jpg.rf.f9ac5c7a02843c08c162e622f170eed7.jpg,top,ame,2026-04-27T19:38:18.281Z
89,sid_vcra1_1728_jpg.rf.c429e57c14ef1965e7d5e5c1f4ec469d.jpg,sid,vcr,2026-04-27T19:38:22.296Z
90,oth_vvel1_2572_jpg.rf.97cd91025e8f0724f9f8fb020f75be92.jpg,oth,vve,2026-04-27T19:38:26.321Z
91,top_vcra2_4220_jpg.rf.c9128a3ac62e44f27b054a21928c9e39.jpg,top,vcr,2026-04-27T19:38:30.343Z
92,top_vespsp2_5842_jpg.rf.3e6111636236159b11d52b15585bbdb0.jpg,top,ves,2026-04-27T19:38:34.369Z
93,top_vespsp2_5740_jpg.rf.e88a5e738089a3a8874177fca76a2a29.jpg,top,ves,2026-04-27T19:38:38.378Z
94,sid_amel2_8519_jpg.rf.bd9fce732ef096e134dbf2015fd004b4.jpg,sid,ame,2026-04-27T19:38:42.411Z
95,sid_amel2_1827_jpg.rf.2d191c93e632fdf5d6b6d899213d9616.jpg,sid,ame,2026-04-27T19:38:46.421Z
96,top_amel2_7062_jpg.rf.51e15ebd545b368f92dcdf4cbb42f1be.jpg,top,ame,2026-04-27T19:38:50.452Z
97,top_vvel2_0310_jpg.rf.357ad908d2f81b87ea71925fe6583cf6.jpg,top,vve,2026-04-27T19:38:54.462Z
98,sid_amel2_8480_jpg.rf.17cfddac54cf5cfa3dac6248ee45eedd.jpg,sid,ame,2026-04-27T19:38:58.477Z
99,oth_amel1_0782_jpg.rf.a89a46ef3965ec93a4878d8b418106fd.jpg,oth,ame,2026-04-27T19:39:02.512Z
100,sid_vvel1_1416_jpg.rf.b34a42cd44513a31e8b1624fcb1c35a7.jpg,sid,vve,2026-04-27T19:39:06.540Z
101,sid_vespsp2_5083_jpg.rf.ee849cb42aa0cd6661327ab6ce1a642d.jpg,sid,ves,2026-04-27T19:39:10.565Z
102,top_amel1_0456_jpg.rf.d3be1392ea3a385f13524e980b1876ea.jpg,top,ame,2026-04-27T19:39:14.594Z
103,top_vespsp2_2700_jpg.rf.90755a640cd2b22aa04173f87d9d6a49.jpg,top,ves,2026-04-27T19:39:18.598Z
104,top_vvel2_5859_jpg.rf.e3f80ebc3da180d4a480eb09ac49e1f3.jpg,top,vve,2026-04-27T19:39:22.622Z
105,top_NULL_0843_jpg.rf.62929cb4b4eb3742840f2c8d79a87323.jpg,top,NUL,2026-04-27T19:39:26.652Z
106,sid_vespsp2_3391_jpg.rf.f8a501a08474545228aa96a33aac880f.jpg,sid,ves,2026-04-27T19:39:30.681Z
107,oth_vvel2_1967_jpg.rf.cf408efebd90bbd94b281e586937f33d.jpg,oth,vve,2026-04-27T19:39:34.713Z
108,oth_amel1_1610_jpg.rf.772b485f885ed74ceb70c448834a4c35.jpg,oth,ame,2026-04-27T19:39:38.744Z
109,sid_vespsp1_0024_jpg.rf.c9e83bdd63f272e1c459cd7b96d1eed2.jpg,sid,ves,2026-04-27T19:39:42.755Z
110,top_vespsp2_0967_jpg.rf.c4b982c9606dc0dd9af08ca8eff4fe33.jpg,top,ves,2026-04-27T19:39:46.766Z
111,oth_vespsp2_1848_jpg.rf.ec574b1058c14ddd82de03f413011ca9.jpg,oth,ves,2026-04-27T19:39:50.778Z
112,top_vcra2_6048_jpg.rf.b043aa437cb523b7397b4cc4f2ec58a1.jpg,top,vcr,2026-04-27T19:39:54.787Z
113,oth_amel1_0702_jpg.rf.2dd393c6504a82b005a0d181d56e7c33.jpg,oth,ame,2026-04-27T19:39:58.799Z
114,top_vvel2_5949_jpg.rf.31928502f277678cd60100297b5ecf04.jpg,top,vve,2026-04-27T19:40:02.812Z
115,top_vespsp2_4926_jpg.rf.b8424fd38daac3b2369aee522e5b125e.jpg,top,ves,2026-04-27T19:40:06.824Z
116,oth_vvel2_6210_jpg.rf.520f0293de0fbaf08ec2791a35cd89b6.jpg,oth,vve,2026-04-27T19:40:10.840Z
117,top_vespsp2_1857_jpg.rf.f74fbeb80a32f0dbf404cefd0a3c5095.jpg,top,ves,2026-04-27T19:40:14.851Z
118,top_vvel2_1179_jpg.rf.7ca23447f37daeeffb5e9111d14e0fff.jpg,top,vve,2026-04-27T19:40:18.865Z
119,sid_vvel2_4547_jpg.rf.d4d0ea5ebad163453a57d1fbbf14a951.jpg,sid,vve,2026-04-27T19:40:22.897Z
120,oth_amel1_1349_jpg.rf.c03d28b2dd63f0cd05fd95a63000e48b.jpg,oth,ame,2026-04-27T19:40:26.905Z
121,sid_amel1_1458_jpg.rf.e2d9dbc32fab63347990fa7c9273f72a.jpg,sid,ame,2026-04-27T19:40:30.923Z
122,top_vcra1_0602_jpg.rf.8a82b12875a2e6a5d93935433588860b.jpg,top,vcr,2026-04-27T19:40:34.939Z
123,oth_amel2_6212_jpg.rf.2d04ad9be02a5d3de54c70b95d3dfc2e.jpg,oth,ame,2026-04-27T19:40:38.970Z
124,oth_vespsp1_1409_jpg.rf.34fec0515876eb5e15b77439f52afb7e.jpg,oth,ves,2026-04-27T19:40:43.002Z
125,sid_amel2_0183_jpg.rf.f502906f8f0edfe1c4d2050b69e45cab.jpg,sid,ame,2026-04-27T19:40:47.015Z
126,top_vespsp2_2950_jpg.rf.0c89f9cc0271280f3e7ada597c19dcac.jpg,top,ves,2026-04-27T19:40:51.028Z
127,sid_vcra1_0437_jpg.rf.ccd2c10d7dbc78e59b443fc71602be92.jpg,sid,vcr,2026-04-27T19:40:55.057Z
128,top_vespsp2_2980_jpg.rf.8c432d77581612e4f0f430f812e15065.jpg,top,ves,2026-04-27T19:40:59.089Z
129,top_vvel2_5345_jpg.rf.fe505a5c7b997ab12c5847d1b0919f23.jpg,top,vve,2026-04-27T19:41:03.102Z
130,top_NULL_0908_jpg.rf.e5c1eceb174c35a63ce8ae328fe9b9b1.jpg,top,NUL,2026-04-27T19:41:07.110Z
131,top_vvel1_0860_jpg.rf.67348bcb961f98e4c55d3baf5c0f3732.jpg,top,vve,2026-04-27T19:41:11.116Z
132,sid_vespsp2_3327_jpg.rf.51cdb139c4837a8b23c6ab35321bf581.jpg,sid,ves,2026-04-27T19:41:15.145Z
133,top_amel2_5053_jpg.rf.adc8bd421008dedfc25d2886ebbd706f.jpg,top,ame,2026-04-27T19:41:19.160Z
134,top_vcra1_1082_jpg.rf.3f3b96ed62726422bd5744d8644fe22f.jpg,top,vcr,2026-04-27T19:41:23.176Z
135,oth_vvel2_4806_jpg.rf.b4ddea816d52a1279f1bcc8ddd5ce43f.jpg,oth,vve,2026-04-27T19:41:27.204Z
136,sid_vcra2_4251_jpg.rf.e243cb7dae9e351321b17efa8f34781f.jpg,sid,vcr,2026-04-27T19:41:31.221Z
137,oth_amel2_3625_jpg.rf.e0e34124078b7a113aef678d8a1eae79.jpg,oth,ame,2026-04-27T19:41:35.243Z
138,top_vvel2_2268_jpg.rf.f79c70f86dc3aa7575d3ac40b2017006.jpg,top,vve,2026-04-27T19:41:39.260Z
139,top_vespsp2_2373_jpg.rf.274dfb5531d9cf2773b27ae88710f716.jpg,top,ves,2026-04-27T19:41:43.272Z
140,oth_vvel2_5352_jpg.rf.3111b8fb746b34d927353d667a628c4c.jpg,oth,vve,2026-04-27T19:41:47.285Z
141,top_vespsp2_4623_jpg.rf.560c029e6a5db5455f86c8e935c65178.jpg,top,ves,2026-04-27T19:41:51.305Z
142,oth_vvel1_2602_jpg.rf.0210cc0ef7f1d5e722a67491691f6e59.jpg,oth,vve,2026-04-27T19:41:55.322Z
143,top_vvel1_1550_jpg.rf.47cff2a89160872b31dd0f9fd2a87dc0.jpg,top,vve,2026-04-27T19:41:59.334Z
144,sid_amel2_6047_jpg.rf.1982fe1f2d6858d6fde14e61d32e812d.jpg,sid,ame,2026-04-27T19:42:03.363Z
145,top_vcra2_1464_jpg.rf.5b12712c64c32a47f932f3b2d612bcd3.jpg,top,vcr,2026-04-27T19:42:07.395Z
146,oth_vcra2_2530_jpg.rf.b08c6dca5189eb97c480aab6fd385fa5.jpg,oth,vcr,2026-04-27T19:42:11.412Z
147,oth_vvel2_4895_jpg.rf.008b4280d207b296ea665b67cae1227a.jpg,oth,vve,2026-04-27T19:42:15.443Z
148,sid_amel2_7790_jpg.rf.82c965c9d6700560aa0ae0aa3cd8d0a5.jpg,sid,ame,2026-04-27T19:42:19.459Z
149,oth_vespsp2_0194_jpg.rf.f3fa00ea84b0316e9b7f5f670c0ee953.jpg,oth,ves,2026-04-27T19:42:23.490Z
150,top_amel2_0279_jpg.rf.0a6b2640f008d573c2b156e32fbfe0ec.jpg,top,ame,2026-04-27T19:42:27.520Z
151,sid_amel2_7434_jpg.rf.8d567b3815813c57acf7683e98865d12.jpg,sid,ame,2026-04-27T19:42:31.529Z
152,sid_amel2_7064_jpg.rf.f7d87437ea85b6716707da6897e99597.jpg,sid,ame,2026-04-27T19:42:35.546Z
153,top_vcra2_4915_jpg.rf.bb3f572efec02d16d48dd746e59d636f.jpg,top,vcr,2026-04-27T19:42:39.573Z
154,sid_vvel2_0160_jpg.rf.7c094d46d8f5ca285eb9cec96195296c.jpg,sid,vve,2026-04-27T19:42:43.602Z
155,sid_vvel2_0193_jpg.rf.a50673486a63bd9748088f7d443c5cb9.jpg,sid,vve,2026-04-27T19:42:47.618Z
156,top_NULL_0293_jpg.rf.0b39ade101d0d800a0963b349d042dcd.jpg,top,NUL,2026-04-27T19:42:51.625Z
157,top_vvel2_1367_jpg.rf.8423a97bbd7e1b8b2c2190285f9f91a4.jpg,top,vve,2026-04-27T19:42:55.656Z
158,oth_vespsp1_1576_jpg.rf.9b7c9229fc614825a105239950518c49.jpg,oth,ves,2026-04-27T19:42:59.687Z
159,sid_amel2_1992_jpg.rf.cf8f0c60fd32817d1cb36c891113c499.jpg,sid,ame,2026-04-27T19:43:03.716Z
160,top_vvel1_0745_jpg.rf.bc071cca94611ff789993811708c69bc.jpg,top,vve,2026-04-27T19:43:07.747Z
161,oth_vvel1_1411_jpg.rf.2108d5965422840d9deb0ea6dbe4515e.jpg,oth,vve,2026-04-27T19:43:11.775Z
162,oth_amel1_1261_jpg.rf.23761262d09b507278a95fa9bd9b0d91.jpg,oth,ame,2026-04-27T19:43:15.788Z
163,top_vcra2_0848_jpg.rf.236e8ad3814d6e7997144e78f8af7a4d.jpg,top,vcr,2026-04-27T19:43:19.808Z
164,sid_vespsp1_0869_jpg.rf.da5a780194dec3942c569e89e316f680.jpg,sid,ves,2026-04-27T19:43:23.815Z
165,top_vvel2_3756_jpg.rf.ec5271b2f58b3a7be0d82851ac6f57f5.jpg,top,vve,2026-04-27T19:43:27.843Z
166,top_vcra2_4765_jpg.rf.43c950dbb5ed169a21b35626ac080468.jpg,top,vcr,2026-04-27T19:43:31.857Z
167,oth_amel2_0791_jpg.rf.0aafef4091ca3eab68d3de3fc6d3fcaa.jpg,oth,ame,2026-04-27T19:43:35.872Z
168,oth_NULL_0994_jpg.rf.5491ed2d69aa6ce44d84159b4bc18a32.jpg,oth,NUL,2026-04-27T19:43:39.899Z
169,top_vcra2_1058_jpg.rf.3301589d00a20b39c8b0e49d43179c72.jpg,top,vcr,2026-04-27T19:43:43.922Z
170,top_vvel1_1321_jpg.rf.db0562a56d65aa9ece845c85b66446c2.jpg,top,vve,2026-04-27T19:43:47.935Z
171,top_vcra1_1482_jpg.rf.82fbed067c77a4f8021677f8d8d269ec.jpg,top,vcr,2026-04-27T19:43:51.947Z
172,sid_amel2_5446_jpg.rf.fab1fcc546ae419c2400ced998f31ae7.jpg,sid,ame,2026-04-27T19:43:55.980Z
173,top_vvel2_1578_jpg.rf.c189acc45eca8527350ea97e3b35a94f.jpg,top,vve,2026-04-27T19:44:00.011Z
174,top_vespsp1_1771_jpg.rf.33d4f6b3e61cc4dd3a42e3799087eb63.jpg,top,ves,2026-04-27T19:44:04.042Z
175,oth_vvel1_2005_jpg.rf.e4247e942cf280e422c88b364c33fe9e.jpg,oth,vve,2026-04-27T19:44:08.047Z
176,top_vcra2_5249_jpg.rf.3bf1369fa6714a4fb6a0ba906fcae346.jpg,top,vcr,2026-04-27T19:44:12.058Z
177,top_vcra1_0786_jpg.rf.96e07f3dd40f8a20ac5177bf48600893.jpg,top,vcr,2026-04-27T19:44:16.084Z
178,top_vespsp2_4659_jpg.rf.e9b98d36d00ec7447ec4287e5e13bea3.jpg,top,ves,2026-04-27T19:44:20.119Z
179,oth_amel2_5819_jpg.rf.c95f421411caa7b1fbd802ec474b2cd0.jpg,oth,ame,2026-04-27T19:44:24.140Z
180,sid_NULL_1600_jpg.rf.3ca07886e66987e79f9dc41c859031d9.jpg,sid,NUL,2026-04-27T19:44:28.164Z
181,sid_amel2_2174_jpg.rf.517d1065024362f67e497f3dc527cf25.jpg,sid,ame,2026-04-27T19:44:32.174Z
182,top_vcra2_3914_jpg.rf.4b0fcd8e4b1aa06f649adea7be64447c.jpg,top,vcr,2026-04-27T19:44:36.199Z
183,top_amel2_2896_jpg.rf.6983483f791433ea608a24cc1a654e42.jpg,top,ame,2026-04-27T19:44:40.208Z
184,top_vcra2_5461_jpg.rf.871029a9b3ba1053473d6275169b8251.jpg,top,vcr,2026-04-27T19:44:44.235Z
185,sid_vespsp1_1235_jpg.rf.8820d1eeae626ce63cdb2e466500aaab.jpg,sid,ves,2026-04-27T19:44:48.241Z
186,oth_vvel2_4584_jpg.rf.91cd4d5371c5fd18239a197880df8368.jpg,oth,vve,2026-04-27T19:44:52.263Z
187,top_vvel1_1806_jpg.rf.24953a72d0dabb94907ef800392f18c5.jpg,top,vve,2026-04-27T19:44:56.301Z
188,sid_vespsp2_5485_jpg.rf.e29e84b92a197a5e23d798248f356f68.jpg,sid,ves,2026-04-27T19:45:00.320Z
189,top_vespsp2_2329_jpg.rf.1de5e8239d960ab2dee599096cdc3411.jpg,top,ves,2026-04-27T19:45:04.350Z
190,top_vespsp2_5868_jpg.rf.0a703f85037eb966957ef574c9eba5dd.jpg,top,ves,2026-04-27T19:45:08.364Z
191,top_vespsp2_1765_jpg.rf.f47bc633f839c344072aaaffd59560ed.jpg,top,ves,2026-04-27T19:45:12.388Z
192,top_amel2_1510_jpg.rf.1e6a1a54cd6702b9842f777948a1dd18.jpg,top,ame,2026-04-27T19:45:16.414Z
193,oth_vespsp1_0298_jpg.rf.24677fb15b1ef9aa9edd593026b9328a.jpg,oth,ves,2026-04-27T19:45:20.420Z
194,top_vcra2_4755_jpg.rf.370d0adb05a320668262584100c6cb65.jpg,top,vcr,2026-04-27T19:45:24.439Z
195,top_amel2_5391_jpg.rf.92e8f7ee833ac2504e0f4280e1302a0d.jpg,top,ame,2026-04-27T19:45:28.455Z
196,top_amel1_2410_jpg.rf.bad4ebb3dced8e92c5c8cf6f4cc6a48d.jpg,top,ame,2026-04-27T19:45:32.475Z
197,top_amel2_6898_jpg.rf.661317a1d27a128ea1be533a6c9634c3.jpg,top,ame,2026-04-27T19:45:36.496Z
198,oth_vcra1_1751_jpg.rf.04ccb8622c3acf807551b524c815862f.jpg,oth,vcr,2026-04-27T19:45:40.513Z
199,top_vvel2_5773_jpg.rf.fe39272a856fada45c9e9db78c2d5b27.jpg,top,vve,2026-04-27T19:45:44.528Z
200,sid_amel1_2235_jpg.rf.b6200c55250c49b5bb9a00ea993aa80e.jpg,sid,ame,2026-04-27T19:45:48.537Z
201,sid_vespsp1_0275_jpg.rf.d35e98875e70e2e67afdb2f2732dc316.jpg,sid,ves,2026-04-27T19:45:52.554Z
202,top_vcra2_4674_jpg.rf.f827cab150c4c4b8c760cdde42854c5d.jpg,top,vcr,2026-04-27T19:45:56.572Z
203,top_vcra2_0800_jpg.rf.08aa00f2aa0b00d5a43354ae9b79af55.jpg,top,vcr,2026-04-27T19:46:00.582Z
204,sid_vvel2_2353_jpg.rf.07cc9434ceacb72d043a79da489ea33c.jpg,sid,vve,2026-04-27T19:46:04.602Z
205,top_vvel2_2302_jpg.rf.b5ef25a356f101d2617e2e2485938a63.jpg,top,vve,2026-04-27T19:46:08.611Z
206,top_vcra2_5953_jpg.rf.396f1fb7aad744cc9ee4852dcfd98c7c.jpg,top,vcr,2026-04-27T19:46:12.624Z
207,oth_amel2_0362_jpg.rf.d6c67af17a787bcf8f0e58cf36b43d25.jpg,oth,ame,2026-04-27T19:46:16.644Z
208,sid_amel1_2466_jpg.rf.e13bf1bc923a51dd66f006f12519356b.jpg,sid,ame,2026-04-27T19:46:20.661Z
209,sid_vvel1_0836_jpg.rf.f5d56b8633338b37a1a276e782944c4a.jpg,sid,vve,2026-04-27T19:46:24.691Z
210,oth_amel2_1568_jpg.rf.f15d2be08ab73d329495ffdbc6368150.jpg,oth,ame,2026-04-27T19:46:28.724Z
211,oth_amel2_1419_jpg.rf.3fb27c217fc1ea78d0ef140b33dd32cb.jpg,oth,ame,2026-04-27T19:46:32.741Z
212,sid_amel2_6635_jpg.rf.1d08032ea8d7166a2ecb57117d79999d.jpg,sid,ame,2026-04-27T19:46:36.757Z
213,top_vvel2_1217_jpg.rf.13a97f887795d7e5c8d5fae5e735f896.jpg,top,vve,2026-04-27T19:46:40.791Z
214,oth_amel1_2291_jpg.rf.c10085c7da1fb5132f0741f974a2a991.jpg,oth,ame,2026-04-27T19:46:44.816Z
215,oth_vespsp2_0045_jpg.rf.30b6673629190ec5b25c4d9f056b272b.jpg,oth,ves,2026-04-27T19:46:48.835Z
216,top_vcra2_0981_jpg.rf.6c8949a865bcf249c353c20a48d1f766.jpg,top,vcr,2026-04-27T19:46:52.856Z
217,top_NULL_0158_jpg.rf.33847b4506179351a95f349224e65d9d.jpg,top,NUL,2026-04-27T19:46:56.874Z
218,top_NULL_0959_jpg.rf.683180f1e383390bcfa70fd6233e4fd3.jpg,top,NUL,2026-04-27T19:47:00.884Z
219,oth_vvel2_0640_jpg.rf.587be184ac9bacd05620269fdb00569f.jpg,oth,vve,2026-04-27T19:47:04.897Z
220,top_vcra2_5454_jpg.rf.f1bf857e36bdc92a68c6dd202130902a.jpg,top,vcr,2026-04-27T19:47:08.925Z
221,oth_amel1_0143_jpg.rf.28b70a35af0801a729978fe982e3d2f4.jpg,oth,ame,2026-04-27T19:47:12.951Z
222,top_vespsp1_0882_jpg.rf.b80cd6b4fe6fed224f2ac932bd2f5ae6.jpg,top,ves,2026-04-27T19:47:16.982Z
223,oth_vvel1_1126_jpg.rf.af615dac6decea49f87d2dea57dd18ba.jpg,oth,vve,2026-04-27T19:47:21.006Z
224,sid_vcra1_0363_jpg.rf.5e0a04a62469f13a9d009b6546490693.jpg,sid,vcr,2026-04-27T19:47:25.025Z
225,top_amel2_7589_jpg.rf.b7878d5d0c8e7f474565f697c0f42a1c.jpg,top,ame,2026-04-27T19:47:29.040Z
226,top_vcra2_4519_jpg.rf.ae243e4728ee9666afddce32c7c7dc80.jpg,top,vcr,2026-04-27T19:47:33.069Z
227,sid_vvel2_4215_jpg.rf.639869da6d5c52feea359e960b4751e8.jpg,sid,vve,2026-04-27T19:47:37.104Z
228,top_vvel2_4428_jpg.rf.6935a11e8275681588308f85707f69c3.jpg,top,vve,2026-04-27T19:47:41.123Z
229,oth_vcra1_1247_jpg.rf.117af6bfc11c6bbc7d72d401872ac9a8.jpg,oth,vcr,2026-04-27T19:47:45.158Z
230,top_amel2_7465_jpg.rf.a38194ecae71a07c987c052da8381610.jpg,top,ame,2026-04-27T19:47:49.185Z
231,oth_vvel2_1842_jpg.rf.140bdd50cb4cbc33597701f82912a69e.jpg,oth,vve,2026-04-27T19:47:53.220Z
232,oth_vcra1_0637_jpg.rf.18b98fd2db01b00fa03b52d3cdf62e07.jpg,oth,vcr,2026-04-27T19:47:57.250Z
233,oth_vcra2_2986_jpg.rf.a3215b8242896cfe6bb31b859d77e6fc.jpg,oth,vcr,2026-04-27T19:48:01.282Z
234,sid_vcra1_1208_jpg.rf.7c8af001959b2f6bec7fbc5e658316e3.jpg,sid,vcr,2026-04-27T19:48:05.297Z
235,top_amel2_5483_jpg.rf.318cb45abd81ea8d57c2ea89f99933b7.jpg,top,ame,2026-04-27T19:48:09.313Z
236,sid_vcra2_4108_jpg.rf.3f7f9c1e91a62c5e1e2bdde72581a675.jpg,sid,vcr,2026-04-27T19:48:13.320Z
237,top_amel1_0077_jpg.rf.3576c80f3b9493d5c47abff5e76b9750.jpg,top,ame,2026-04-27T19:48:17.334Z
238,oth_vespsp2_4641_jpg.rf.3ff452706110de72d4f51721226a9279.jpg,oth,ves,2026-04-27T19:48:21.344Z
239,sid_vcra2_1740_jpg.rf.cf6bb72b6a4cc17c820b7d9296d6664b.jpg,sid,vcr,2026-04-27T19:48:25.357Z
240,top_amel1_2081_jpg.rf.49ce636094d5e46c8497855d2c94b36c.jpg,top,ame,2026-04-27T19:48:29.383Z
241,oth_amel2_4035_jpg.rf.3948747a5d45b347543f8832ccd783ff.jpg,oth,ame,2026-04-27T19:48:33.416Z
242,top_amel2_4320_jpg.rf.04a3640f8ea91748a1ff85843f138b02.jpg,top,ame,2026-04-27T19:48:37.444Z
243,sid_amel2_0884_jpg.rf.9612f4acdb7105d58fc28766bac393c2.jpg,sid,ame,2026-04-27T19:48:41.452Z
244,oth_vcra1_2161_jpg.rf.d6373f248d214da16255e955aec3bb04.jpg,oth,vcr,2026-04-27T19:48:45.464Z
245,top_vcra2_0584_jpg.rf.40fe342e03a6987b2f0b01dc19d3d3ab.jpg,top,vcr,2026-04-27T19:48:49.477Z
246,top_vcra1_1715_jpg.rf.c325d65b50b77a2a677e0ab225be605d.jpg,top,vcr,2026-04-27T19:48:53.491Z
247,oth_vespsp2_0965_jpg.rf.b73370b100d3497ee30d671cbf95456d.jpg,oth,ves,2026-04-27T19:48:57.501Z
248,top_amel2_7444_jpg.rf.5bf2bfac54df5f220c8d04e6e1d7932c.jpg,top,ame,2026-04-27T19:49:01.516Z
249,top_amel1_2376_jpg.rf.fef4c6aac69d96b5a08ba14914024f5d.jpg,top,ame,2026-04-27T19:49:05.527Z
250,sid_vvel1_0332_jpg.rf.7d7822eec97fd40492a80dc5e98c9471.jpg,sid,vve,2026-04-27T19:49:09.541Z
251,top_amel2_6492_jpg.rf.fcce79cf4540c3c7b850cfe2c2829b6b.jpg,top,ame,2026-04-27T19:49:13.563Z
252,oth_NULL_0630_jpg.rf.c356a87e5de2735e6080aceff1aae5e3.jpg,oth,NUL,2026-04-27T19:49:17.579Z
253,top_vespsp2_2836_jpg.rf.75a9b9b47c1626c4071a9857d7803079.jpg,top,ves,2026-04-27T19:49:21.593Z
254,top_vespsp2_3617_jpg.rf.9b33ead1ef37d99e406a9bc60e079a73.jpg,top,ves,2026-04-27T19:49:25.602Z
255,top_vvel2_2720_jpg.rf.07fe7fe8424847c8a7198dfc4ae35d5f.jpg,top,vve,2026-04-27T19:49:29.627Z
256,top_vespsp2_3817_jpg.rf.77f3cbd3821bfe80ace89b9fb029fcc5.jpg,top,ves,2026-04-27T19:49:33.641Z
257,top_vvel2_6251_jpg.rf.d878e7198c09c918b92383b82ed09465.jpg,top,vve,2026-04-27T19:49:37.657Z
258,top_vvel1_2136_jpg.rf.c23113ad6c6bfa74538e736881d48c08.jpg,top,vve,2026-04-27T19:49:41.673Z
259,top_vespsp2_0778_jpg.rf.8456f229b6db3805b58e9a6c001d33a0.jpg,top,ves,2026-04-27T19:49:45.692Z
260,oth_vespsp1_1240_jpg.rf.faf7b38b1df4e2d1e12d03c9d17986af.jpg,oth,ves,2026-04-27T19:49:49.713Z
261,oth_amel1_0209_jpg.rf.dd8368c621da13b6cf566d3da582dac7.jpg,oth,ame,2026-04-27T19:49:53.725Z
262,sid_amel2_0872_jpg.rf.a85f11708d034ca33d6bdc7f483a8028.jpg,sid,ame,2026-04-27T19:49:57.741Z
263,top_amel2_4852_jpg.rf.644a65e51ad74d8d066d557d869ddedc.jpg,top,ame,2026-04-27T19:50:01.758Z
264,sid_vvel2_1434_jpg.rf.0493e80a5c39efa9b6689975bf6cb716.jpg,sid,vve,2026-04-27T19:50:05.771Z
265,sid_vvel2_3209_jpg.rf.861af0a45b1971ce98f7241e7f46dd6e.jpg,sid,vve,2026-04-27T19:50:09.782Z
266,oth_amel2_6609_jpg.rf.9e3f9232d2aaca3c148be4f8ecdb5c47.jpg,oth,ame,2026-04-27T19:50:13.795Z
267,top_vvel1_2239_jpg.rf.00f0ee56400047eef28cd39a429297ba.jpg,top,vve,2026-04-27T19:50:17.803Z
268,top_vvel1_2379_jpg.rf.b252f6c633e409b15beeda3d202245b3.jpg,top,vve,2026-04-27T19:50:21.836Z
269,oth_vespsp2_5519_jpg.rf.92c39355560fb77d264d97d504ef5288.jpg,oth,ves,2026-04-27T19:50:25.851Z
270,oth_vespsp1_0677_jpg.rf.ca2806a266f23c8cb52083aebe66d959.jpg,oth,ves,2026-04-27T19:50:29.873Z
271,oth_amel2_3014_jpg.rf.da7c58897b51d8e7a2f82def64723041.jpg,oth,ame,2026-04-27T19:50:33.886Z
272,oth_vcra2_0094_jpg.rf.a877e1cfd3b1ab32aa98a3ff227479ce.jpg,oth,vcr,2026-04-27T19:50:37.895Z
273,top_amel2_8849_jpg.rf.28dcc45dcc62754a3daddd93c654bb76.jpg,top,ame,2026-04-27T19:50:41.904Z
274,top_vcra1_1626_jpg.rf.032ed5b9ffdb08e7c0f88d3e05721802.jpg,top,vcr,2026-04-27T19:50:45.936Z
275,oth_vespsp2_2282_jpg.rf.b70d2e700699db18217636d22c65ce51.jpg,oth,ves,2026-04-27T19:50:49.943Z
276,top_vcra2_5463_jpg.rf.791e948d23ed14220ed8d4b9293d4958.jpg,top,vcr,2026-04-27T19:50:53.950Z
277,top_vespsp2_3453_jpg.rf.ffef281435e27997d94abbc52d285cbc.jpg,top,ves,2026-04-27T19:50:57.978Z
278,sid_vvel2_5562_jpg.rf.31eaec29094a15a99c5a74436d1d41bd.jpg,sid,vve,2026-04-27T19:51:01.993Z
279,top_amel1_0880_jpg.rf.f287e25346644c03ee63b95a66632b99.jpg,top,ame,2026-04-27T19:51:06.024Z
280,sid_amel2_2589_jpg.rf.b6cd604f3dac65dd54b2b2e0e2cfbc02.jpg,sid,ame,2026-04-27T19:51:10.059Z
281,top_vcra2_3162_jpg.rf.0750634e21473f7c7a37288e9543ff1b.jpg,top,vcr,2026-04-27T19:51:14.068Z
282,sid_amel2_0136_jpg.rf.779a53c0f4ab9f42f4c8c8e2263fa86f.jpg,sid,ame,2026-04-27T19:51:18.098Z
283,top_vvel2_5257_jpg.rf.be9508d8e558f06b92c873b5fab31787.jpg,top,vve,2026-04-27T19:51:22.131Z
284,top_vespsp2_5781_jpg.rf.ce45102d09bcd89b8529a0cb5a42a47f.jpg,top,ves,2026-04-27T19:51:26.142Z
285,oth_vespsp2_3457_jpg.rf.4b5a634d59d8d3657a892ff77c40fccd.jpg,oth,ves,2026-04-27T19:51:30.152Z
286,top_amel2_4342_jpg.rf.05ed29a383a30b8526ea4c4cec83957a.jpg,top,ame,2026-04-27T19:51:34.157Z
287,sid_vvel2_5287_jpg.rf.4c54f00f7d13e9850a7dd3566f0686f2.jpg,sid,vve,2026-04-27T19:51:38.185Z
288,top_vcra1_0645_jpg.rf.f031f620a1780d31c61b83791bcda229.jpg,top,vcr,2026-04-27T19:51:42.203Z
289,top_vcra2_4903_jpg.rf.7b1540439e49702b0a279c3ab0fa6c59.jpg,top,vcr,2026-04-27T19:51:46.223Z
290,top_vvel2_6285_jpg.rf.948fe7d614db3bdfab019885135bc3f6.jpg,top,vve,2026-04-27T19:51:50.241Z
291,top_vcra2_4778_jpg.rf.073c450b4b9c8953f5f7c329dbe5b657.jpg,top,vcr,2026-04-27T19:51:54.248Z
292,oth_vvel2_6073_jpg.rf.fa0bc634093021d6173c59738efd6ae0.jpg,oth,vve,2026-04-27T19:51:58.263Z
293,oth_amel2_8100_jpg.rf.058c56bb31c4efccf81c2e10e8ac1ff5.jpg,oth,ame,2026-04-27T19:52:02.276Z
294,sid_amel2_4379_jpg.rf.b88b55529dd01f289013ab6fd4d8239a.jpg,sid,ame,2026-04-27T19:52:06.294Z
295,top_NULL_0015_jpg.rf.a604ee1549684da27fb8101692d29fce.jpg,top,NUL,2026-04-27T19:52:10.302Z
296,sid_vcra2_2301_jpg.rf.68b3a64c3e6d1da59ffb1ccfae56c5ed.jpg,sid,vcr,2026-04-27T19:52:14.331Z
297,top_vvel2_3999_jpg.rf.19a667dc230a2b0a53169832aa1b2818.jpg,top,vve,2026-04-27T19:52:18.345Z
298,sid_amel1_0501_jpg.rf.9b8b53deb5a69ab7c97baed0cc653660.jpg,sid,ame,2026-04-27T19:52:22.365Z
299,oth_amel2_4274_jpg.rf.f0aa08b9a255f8304f28df1401014633.jpg,oth,ame,2026-04-27T19:52:26.373Z
300,sid_vcra2_5638_jpg.rf.3342caf941afe6b51bfaf110e771dcfe.jpg,sid,vcr,2026-04-27T19:52:30.407Z
301,top_vvel2_0673_jpg.rf.a4029a2f6374bfa0e303c52ce21b49d6.jpg,top,vve,2026-04-27T19:52:34.436Z
302,top_vcra2_4671_jpg.rf.626e1ce83bcca63913c979c09a582b91.jpg,top,vcr,2026-04-27T19:52:38.443Z
303,sid_amel2_4602_jpg.rf.985dd364c065ab4ed65f924f182a652f.jpg,sid,ame,2026-04-27T19:52:42.469Z
304,top_vespsp2_2289_jpg.rf.0c8717c66c0cd7bfa9c8fab32b94cd92.jpg,top,ves,2026-04-27T19:52:46.479Z
305,top_amel2_4455_jpg.rf.a36cafa521beac9daadaedd36eea75c8.jpg,top,ame,2026-04-27T19:52:50.496Z
306,top_vespsp2_1745_jpg.rf.acbd792376a62a30d11db1eeecd2442c.jpg,top,ves,2026-04-27T19:52:54.508Z
307,top_vvel2_5675_jpg.rf.fc15e1acf5b8ae6c171ac3faac78f831.jpg,top,vve,2026-04-27T19:52:58.523Z
308,top_vcra2_3027_jpg.rf.bfe328b68e294509454cec535d2e05ec.jpg,top,vcr,2026-04-27T19:53:02.534Z
309,oth_vvel1_2113_jpg.rf.ccaf77babcaf195f4b4177d58f16f019.jpg,oth,vve,2026-04-27T19:53:06.552Z
310,oth_amel2_8902_jpg.rf.1059a80475934994a79fac07666bb7af.jpg,oth,ame,2026-04-27T19:53:10.569Z
311,sid_amel2_3553_jpg.rf.bcbf6da836bc9d2b69e0abac6f497ae5.jpg,sid,ame,2026-04-27T19:53:14.584Z
312,oth_vvel2_6019_jpg.rf.7f20b4ab9de25149eb64634fd3a17d3e.jpg,oth,vve,2026-04-27T19:53:18.596Z
313,sid_vespsp2_5457_jpg.rf.0a7b35092c5f227d9e55dfe3cdda4b26.jpg,sid,ves,2026-04-27T19:53:22.631Z
314,sid_vvel1_1485_jpg.rf.277265744818c5775b09d49b2d7758c8.jpg,sid,vve,2026-04-27T19:53:26.659Z
315,oth_vvel1_1394_jpg.rf.85daaf87ab310f36cdc6c5a8463af8e2.jpg,oth,vve,2026-04-27T19:53:30.690Z
316,sid_vvel1_0621_jpg.rf.0014804cea9a35f93ffac4ceebe07fb2.jpg,sid,vve,2026-04-27T19:53:34.702Z
317,top_amel2_3618_jpg.rf.c8b31777d2bab0c26bccb4d2ea7bc7e9.jpg,top,ame,2026-04-27T19:53:38.713Z
318,top_vvel1_2101_jpg.rf.13530ce12c8f42cd9691650929a98947.jpg,top,vve,2026-04-27T19:53:42.743Z
319,top_vvel1_0953_jpg.rf.5de85f3ca4bb7e944e9764a7968c0bdb.jpg,top,vve,2026-04-27T19:53:46.776Z
320,oth_vcra2_3222_jpg.rf.ae1b34f14766ec7d562f9e8283a3eff5.jpg,oth,vcr,2026-04-27T19:53:50.802Z
321,top_vvel2_2329_jpg.rf.7000119b196a3f2c3eac4a8521726280.jpg,top,vve,2026-04-27T19:53:54.831Z
322,top_vespsp2_4508_jpg.rf.80a60263cff46441b28a65234a060c24.jpg,top,ves,2026-04-27T19:53:58.838Z
323,sid_amel2_7468_jpg.rf.da506371c6f565e03fe9a5c58b0ad0f6.jpg,sid,ame,2026-04-27T19:54:02.861Z
324,sid_amel1_0438_jpg.rf.0d0e7d36d4d46c0da80f741cc973b1d7.jpg,sid,ame,2026-04-27T19:54:06.872Z
325,oth_amel2_2929_jpg.rf.2b728c5a9586cd3eada56bb41654070d.jpg,oth,ame,2026-04-27T19:54:10.905Z
326,oth_amel2_8880_jpg.rf.0ce12c0b6a717d6f7222c233fd7c4c98.jpg,oth,ame,2026-04-27T19:54:14.933Z
327,oth_vvel2_2911_jpg.rf.523936d873d6232190261ddd6d5ccfc9.jpg,oth,vve,2026-04-27T19:54:18.949Z
328,top_vcra2_5094_jpg.rf.3348fe4e05e8e10ddcdacb476eb37e81.jpg,top,vcr,2026-04-27T19:54:22.975Z
329,sid_vvel1_0620_jpg.rf.603f15e7b590513132a46bd8a5bc60cf.jpg,sid,vve,2026-04-27T19:54:26.988Z
330,top_vespsp2_1801_jpg.rf.7cee1d3f3d7aacaf1c3c3eb7e4e7c9e4.jpg,top,ves,2026-04-27T19:54:31.005Z
331,top_vespsp2_2472_jpg.rf.82b9ad2d65d10b35bf357dec3b902172.jpg,top,ves,2026-04-27T19:54:35.020Z
332,sid_amel2_8391_jpg.rf.7afa1a2173487557689f771bf847ab2e.jpg,sid,ame,2026-04-27T19:54:39.036Z
333,top_vcra2_4503_jpg.rf.16d674467ff7b41eaa68387b83857d66.jpg,top,vcr,2026-04-27T19:54:43.065Z
334,oth_vcra1_0783_jpg.rf.25a40f67c3ee1cc4b12e3136e0df19df.jpg,oth,vcr,2026-04-27T19:54:47.094Z
335,sid_vvel2_0751_jpg.rf.4bcfb9e5245e27fea4478cab0e971eb3.jpg,sid,vve,2026-04-27T19:54:51.115Z
336,oth_vespsp2_0200_jpg.rf.2cfe1ca5f72b2a4865c2d35b47bd320c.jpg,oth,ves,2026-04-27T19:54:55.131Z
337,top_vcra2_3116_jpg.rf.823936e9793cb03618bbd6b70539a2f1.jpg,top,vcr,2026-04-27T19:54:59.151Z
338,top_amel2_4369_jpg.rf.453c1b2ec323b8cd0884dfa15c91c668.jpg,top,ame,2026-04-27T19:55:03.178Z
339,oth_amel2_2778_jpg.rf.df9099f1ec28aa1837063cf74a85e413.jpg,oth,ame,2026-04-27T19:55:07.207Z
340,sid_amel2_2898_jpg.rf.28b56230be34f2596fdd76c9b327b47d.jpg,sid,ame,2026-04-27T19:55:11.215Z
341,top_vespsp1_2314_jpg.rf.55e9c79794e83a6df37963266d1245fa.jpg,top,ves,2026-04-27T19:55:15.228Z
342,sid_vespsp2_2362_jpg.rf.bace50e6ad165d522297adb3fc01d876.jpg,sid,ves,2026-04-27T19:55:19.261Z
343,sid_vespsp2_6361_jpg.rf.783f1295d5facfc1482600477293ad3e.jpg,sid,ves,2026-04-27T19:55:23.278Z
344,oth_vcra2_2697_jpg.rf.3314ed4ee8d9d5024bbbb7d0bbbd6e94.jpg,oth,vcr,2026-04-27T19:55:27.311Z
345,sid_vvel2_1225_jpg.rf.91a7e86c5376f8db01ad15fe8b971f90.jpg,sid,vve,2026-04-27T19:55:31.335Z
346,top_vvel2_3206_jpg.rf.e7ca779484032acb2f23fb58f5e40885.jpg,top,vve,2026-04-27T19:55:35.344Z
347,top_vvel2_5020_jpg.rf.9a37cc4afd18c3c6d0d2167967b2717a.jpg,top,vve,2026-04-27T19:55:39.372Z
348,sid_vespsp2_0430_jpg.rf.17d89bc65d821057955d98a7f1967231.jpg,sid,ves,2026-04-27T19:55:43.383Z
349,oth_vvel2_6217_jpg.rf.07f40a5af2e8beeee12b3181585bd999.jpg,oth,vve,2026-04-27T19:55:47.410Z
350,oth_vespsp2_6041_jpg.rf.1df712275c00ad595f4007cdca604cb1.jpg,oth,ves,2026-04-27T19:55:51.425Z
351,top_vvel2_0088_jpg.rf.2b0a13f23f692345922353b732769c89.jpg,top,vve,2026-04-27T19:55:55.453Z
352,sid_vespsp2_1679_jpg.rf.5874a74c2aa16875fbe8a31a2337bbcc.jpg,sid,ves,2026-04-27T19:55:59.464Z
353,top_vvel2_4177_jpg.rf.73110402d97901327f23e48857450068.jpg,top,vve,2026-04-27T19:56:03.496Z
354,oth_vvel1_1039_jpg.rf.72a145494eea9811b86090cc59bbce0f.jpg,oth,vve,2026-04-27T19:56:07.529Z
355,oth_NULL_1759_jpg.rf.86e8c179458ca2e08d8f5a41d8b760e7.jpg,oth,NUL,2026-04-27T19:56:11.564Z
356,sid_amel2_5641_jpg.rf.ce68a0f96913e9cc655958bbf6487b6e.jpg,sid,ame,2026-04-27T19:56:15.571Z
357,top_vcra2_5577_jpg.rf.ee45adc444bd88bfefb653f0aa061598.jpg,top,vcr,2026-04-27T19:56:19.584Z
358,top_amel2_2466_jpg.rf.4f523637b86f39000b9e4cf046de88b7.jpg,top,ame,2026-04-27T19:56:23.603Z
359,sid_NULL_0018_jpg.rf.6bb7611b96dda211e5425ca727ffcc28.jpg,sid,NUL,2026-04-27T19:56:27.629Z
360,top_NULL_1539_jpg.rf.d386180a1174631c5cb8b8030c6f4bf4.jpg,top,NUL,2026-04-27T19:56:31.646Z
361,top_vvel2_4779_jpg.rf.569480dae6deea43c9e97718c30489e2.jpg,top,vve,2026-04-27T19:56:35.660Z
362,top_vvel2_0842_jpg.rf.f188b704d79a8520852a58998480fae8.jpg,top,vve,2026-04-27T19:56:39.673Z
363,top_vespsp2_4213_jpg.rf.3d04d18402cf05c9b4d198e0910cd453.jpg,top,ves,2026-04-27T19:56:43.691Z
364,oth_vvel2_4579_jpg.rf.8a3e0316beb5430b048d504539d84c20.jpg,oth,vve,2026-04-27T19:56:47.709Z
365,top_vcra2_4708_jpg.rf.3ba986c1f0c2d65db91b2d1f309ffc4f.jpg,top,vcr,2026-04-27T19:56:51.721Z
366,oth_amel1_1998_jpg.rf.e825cd029b1464a9c180fca891fec428.jpg,oth,ame,2026-04-27T19:56:55.744Z
367,top_vespsp1_2209_jpg.rf.e6a026c4c2fda477f17fa57e9649addb.jpg,top,ves,2026-04-27T19:56:59.748Z
368,top_vcra1_1404_jpg.rf.2bc499c61fc9254a3d6969511ecfd905.jpg,top,vcr,2026-04-27T19:57:03.758Z
369,sid_amel1_1495_jpg.rf.c26f1b34a4b55f3ab567f2df1ef6f9c3.jpg,sid,ame,2026-04-27T19:57:07.788Z
370,oth_vvel2_6286_jpg.rf.cd22b01c7b07d4657b0dc7adac5094ee.jpg,oth,vve,2026-04-27T19:57:11.820Z
371,oth_vcra2_0170_jpg.rf.d4eac8e8025493cf81a5ef7c06851eb6.jpg,oth,vcr,2026-04-27T19:57:15.837Z
372,oth_amel1_2371_jpg.rf.a72d62e72f265be0b119d462d3d0716d.jpg,oth,ame,2026-04-27T19:57:19.845Z
373,oth_amel2_0205_jpg.rf.6edafd9c2cf6e09689c35bfaa6e5ab46.jpg,oth,ame,2026-04-27T19:57:23.894Z
374,top_amel1_0282_jpg.rf.892f0983d55737474296559a1f9064c3.jpg,top,ame,2026-04-27T19:57:27.907Z
375,top_vcra2_5640_jpg.rf.a93eb57a0a750f8ad466796fc8f66fc4.jpg,top,vcr,2026-04-27T19:57:31.915Z
376,oth_vcra1_1990_jpg.rf.f17a031c822d7bc20bb9eadc53ef3a45.jpg,oth,vcr,2026-04-27T19:57:35.943Z
377,top_vcra2_3845_jpg.rf.92f4fedd711b4e8c21c87eefb8607b51.jpg,top,vcr,2026-04-27T19:57:39.963Z
378,top_vvel1_1319_jpg.rf.99106d9bbd3c1321b75c2c76d8771d78.jpg,top,vve,2026-04-27T19:57:43.977Z
379,oth_vcra2_4596_jpg.rf.bb7e58c543a594840c3ce27e198f9a2c.jpg,oth,vcr,2026-04-27T19:57:47.980Z
380,top_vvel2_4915_jpg.rf.5e20488dcbfbcdd280e3157fe7e36480.jpg,top,vve,2026-04-27T19:57:51.985Z
381,oth_vespsp2_2566_jpg.rf.adf5115ef36d089e2c68499fbe20f3d9.jpg,oth,ves,2026-04-27T19:57:56.016Z
382,sid_NULL_1509_jpg.rf.b3b670d7ed2d9a972c73ed96472c6d93.jpg,sid,NUL,2026-04-27T19:58:00.032Z
383,sid_amel2_0032_jpg.rf.5c5dc0e44d13c6c0f7d52d8c1e9f1cea.jpg,sid,ame,2026-04-27T19:58:04.063Z
384,sid_amel2_5363_jpg.rf.7689b084ee58cdee9d200acbc280ce25.jpg,sid,ame,2026-04-27T19:58:08.069Z
385,top_vvel2_5244_jpg.rf.fc4d528baf0901679e44c9fe90a86d94.jpg,top,vve,2026-04-27T19:58:12.098Z
386,oth_amel1_1702_jpg.rf.3b17b6aa566045574ec46e8ff52c88fb.jpg,oth,ame,2026-04-27T19:58:16.103Z
387,oth_vespsp1_0748_jpg.rf.2c94509dcad05e45b73e0520e49df2e8.jpg,oth,ves,2026-04-27T19:58:20.130Z
388,top_vespsp2_3243_jpg.rf.4bbe2fcc1fbe8e0b52197873b875c7b1.jpg,top,ves,2026-04-27T19:58:24.139Z
1,oth_vvel2_1415_jpg.rf.82b140939b01ae29fc03f3523190c93e.jpg,oth,vve,2026-04-27T19:58:28.147Z
2,sid_NULL_1491_jpg.rf.b71393a82e12e4818aa6f9ab96c28c44.jpg,sid,NUL,2026-04-27T19:58:32.183Z
3,top_vvel2_0052_jpg.rf.494cc5e19a9c0e8efd24c84305a2fa91.jpg,top,vve,2026-04-27T19:58:36.194Z
4,top_vcra1_2262_jpg.rf.66a100a6bcf10a9f94a651d26a4dcd97.jpg,top,vcr,2026-04-27T19:58:40.209Z
5,top_vespsp2_5751_jpg.rf.2f3c650787659405a2f337b014e95602.jpg,top,ves,2026-04-27T19:58:44.229Z
6,top_vcra2_3246_jpg.rf.752f908bbca348dc40172eaf6613f144.jpg,top,vcr,2026-04-27T19:58:48.253Z
7,top_amel2_1598_jpg.rf.c4a90826a5f9aa5a2418c45462704bf0.jpg,top,ame,2026-04-27T19:58:52.266Z
8,oth_vvel2_2642_jpg.rf.907276ecc8f317156b4f26e54172eaa1.jpg,oth,vve,2026-04-27T19:58:56.279Z
9,oth_vespsp2_0688_jpg.rf.c261078e19d68a6a011475dbdeae38d9.jpg,oth,ves,2026-04-27T19:59:00.293Z
10,sid_vvel2_4022_jpg.rf.c6ee2a5100f50d02124bc1a9493021e8.jpg,sid,vve,2026-04-27T19:59:04.311Z
11,sid_vcra2_1191_jpg.rf.34d86079ff7ebe957ee8986350e9dfce.jpg,sid,vcr,2026-04-27T19:59:08.338Z
12,oth_vcra2_5852_jpg.rf.ec9c50a2a5b00d722b490172a80b09c2.jpg,oth,vcr,2026-04-27T19:59:12.370Z
13,oth_vvel2_3685_jpg.rf.1b5d173726099966a47c80dcc37a9b33.jpg,oth,vve,2026-04-27T19:59:16.397Z
14,top_vvel2_4601_jpg.rf.eccfbdf96cdd6e7a08d268d6b76a6664.jpg,top,vve,2026-04-27T19:59:20.406Z
15,oth_vvel1_2503_jpg.rf.8776d94ff7061ba43b91a0c190c7c269.jpg,oth,vve,2026-04-27T19:59:24.413Z
16,top_vvel1_1222_jpg.rf.5c0b73feadb3c6a7285e4f62953b5bc2.jpg,top,vve,2026-04-27T19:59:28.440Z
17,top_vcra2_4993_jpg.rf.1749e3f9c6ba7d91a5d8c6faff59d937.jpg,top,vcr,2026-04-27T19:59:32.451Z
18,sid_vvel2_4971_jpg.rf.f605f9ce04fb230a355e188490407b9f.jpg,sid,vve,2026-04-27T19:59:36.460Z
19,top_NULL_1189_jpg.rf.6fb152c3e8032c2755cd5d5adf305d9c.jpg,top,NUL,2026-04-27T19:59:40.492Z
20,top_vcra2_5417_jpg.rf.f529ebec88e3ecfa35109b56ae0f1837.jpg,top,vcr,2026-04-27T19:59:44.510Z
21,top_amel1_2241_jpg.rf.0dc1fb6205b2c346a0db197d3d0e02cc.jpg,top,ame,2026-04-27T19:59:48.562Z
22,top_vvel2_2282_jpg.rf.58d632c09325b78bf4c19b30a58c2859.jpg,top,vve,2026-04-27T19:59:52.579Z
23,top_vcra2_4610_jpg.rf.5ec59bcdb51b620b817e0d82e2fce210.jpg,top,vcr,2026-04-27T19:59:56.587Z
24,sid_vcra2_0169_jpg.rf.1d450a03e04c1a9888333284d12c8398.jpg,sid,vcr,2026-04-27T20:00:00.605Z
25,sid_vespsp2_4146_jpg.rf.29def1c64f390a6d15252bde98452c97.jpg,sid,ves,2026-04-27T20:00:04.612Z
26,oth_amel2_8276_jpg.rf.6aa5659f172f6e8c3c3f1e20b13f0028.jpg,oth,ame,2026-04-27T20:00:08.639Z
27,oth_vespsp1_0414_jpg.rf.2391cc301bb7cd82923ff97acb806485.jpg,oth,ves,2026-04-27T20:00:12.660Z
28,oth_vespsp2_4642_jpg.rf.b3cfa113738382648f179b746cfb40fe.jpg,oth,ves,2026-04-27T20:00:16.674Z
29,sid_amel1_2405_jpg.rf.9a67327e04b326d84dccc65fd3e1ab86.jpg,sid,ame,2026-04-27T20:00:20.688Z
30,sid_vcra2_2704_jpg.rf.aef45048fdad19521b71ff8dc85b43e6.jpg,sid,vcr,2026-04-27T20:00:24.700Z
31,top_amel2_7053_jpg.rf.cf11f61a0914805604a3933c51e93cf1.jpg,top,ame,2026-04-27T20:00:28.728Z
32,oth_vespsp2_4443_jpg.rf.1929ed54bf5a67301f44a3235e7c6999.jpg,oth,ves,2026-04-27T20:00:32.749Z
33,oth_vvel2_5978_jpg.rf.81930247ae3450667e779ce99ffae6e6.jpg,oth,vve,2026-04-27T20:00:36.757Z
34,top_NULL_0353_jpg.rf.8d9c33044b01adf899fd538e76d31d15.jpg,top,NUL,2026-04-27T20:00:40.769Z
35,top_amel1_1106_jpg.rf.266b96b36c4c6e1fe4391354b86f7d00.jpg,top,ame,2026-04-27T20:00:44.792Z
36,oth_vcra1_1835_jpg.rf.49360b95a1a0021244d1557f5fb168de.jpg,oth,vcr,2026-04-27T20:00:48.811Z
37,oth_amel2_5354_jpg.rf.d8a38fc5e4fc2787865e4d057be87af6.jpg,oth,ame,2026-04-27T20:00:52.824Z
38,oth_vvel1_1642_jpg.rf.d1d9c62eb82cf0fed9a891f4afb53ddb.jpg,oth,vve,2026-04-27T20:00:56.843Z
39,oth_vespsp2_3057_jpg.rf.451e57b37252867c3392139d357468f3.jpg,oth,ves,2026-04-27T20:01:00.856Z
40,sid_amel2_2483_jpg.rf.bbfb8f66439e654268454864d95bf122.jpg,sid,ame,2026-04-27T20:01:04.872Z
41,top_amel2_6382_jpg.rf.befac5fc9a6d6f19d394c578d7c8825a.jpg,top,ame,2026-04-27T20:01:08.884Z
42,top_vespsp2_1324_jpg.rf.9f3526ffde3405f8261ef62b5303332a.jpg,top,ves,2026-04-27T20:01:12.908Z
43,top_vcra2_1572_jpg.rf.873180f675911b65da332461a2ddd7d4.jpg,top,vcr,2026-04-27T20:01:16.928Z
44,top_vespsp2_3595_jpg.rf.54946e20e7c823ba6670531f6e397e68.jpg,top,ves,2026-04-27T20:01:20.939Z
45,top_vcra2_4981_jpg.rf.4a2280b28b8590e7ffde5e3a224d6434.jpg,top,vcr,2026-04-27T20:01:24.966Z
46,sid_vespsp2_1773_jpg.rf.acdfb1032d20f333933f1379efb2f7d7.jpg,sid,ves,2026-04-27T20:01:28.975Z
47,top_amel2_6507_jpg.rf.090c5a89085ac6282ec9b049f23961b2.jpg,top,ame,2026-04-27T20:01:32.992Z
48,oth_vvel2_1030_jpg.rf.50bf8416a0f974ad1d81fb7cc9068d08.jpg,oth,vve,2026-04-27T20:01:37.003Z
49,top_amel1_0617_jpg.rf.1e306b4979d6ee1e07a142aeba33b690.jpg,top,ame,2026-04-27T20:01:41.033Z
50,sid_amel1_2436_jpg.rf.2078a2d88b20a77fcd24604a5d089c1e.jpg,sid,ame,2026-04-27T20:01:45.050Z
51,top_vcra2_0592_jpg.rf.c8279c25e8c87779b27f2ea88b419173.jpg,top,vcr,2026-04-27T20:01:49.084Z
52,oth_amel2_3759_jpg.rf.e3e9ac5d6912a501ccae113822614306.jpg,oth,ame,2026-04-27T20:01:53.111Z
53,sid_vespsp2_1055_jpg.rf.a4d772cabae42b8e441c14431d8f4019.jpg,sid,ves,2026-04-27T20:01:57.135Z
54,top_amel2_3359_jpg.rf.9b20f628a7fdc99278d91bdcc25d0eef.jpg,top,ame,2026-04-27T20:02:01.146Z
55,oth_NULL_1590_jpg.rf.f0ab9a8f5ccbc924263ca37eab5586bd.jpg,oth,NUL,2026-04-27T20:02:05.180Z
56,oth_vcra1_0406_jpg.rf.f69de260a45a3cd9773eb897e0e8eb5e.jpg,oth,vcr,2026-04-27T20:02:09.192Z
57,sid_vespsp1_0502_jpg.rf.00d39cc7ebce84a997ab3ecf3f2edabf.jpg,sid,ves,2026-04-27T20:02:13.208Z
58,top_vvel2_0464_jpg.rf.2dd3eb315a558ac9b3fe4567360517a4.jpg,top,vve,2026-04-27T20:02:17.242Z
59,oth_vvel2_0060_jpg.rf.e4c73ba7828c17e38aa417146b17dd69.jpg,oth,vve,2026-04-27T20:02:21.255Z
60,sid_amel1_1815_jpg.rf.98375f470f95d58e5067b6a52a12be9b.jpg,sid,ame,2026-04-27T20:02:25.268Z
61,sid_vcra2_0083_jpg.rf.8aa2e60a91553eafd52e5f36494e5e2a.jpg,sid,vcr,2026-04-27T20:02:29.298Z
62,sid_vvel1_2275_jpg.rf.9935f4facb2f0b517539f91b6abf7e72.jpg,sid,vve,2026-04-27T20:02:33.310Z
63,top_vcra2_3243_jpg.rf.471b68ca048c1f0c9d39e95c07e528e8.jpg,top,vcr,2026-04-27T20:02:37.341Z
64,sid_amel2_4833_jpg.rf.d08e1df20ba60c3b08892a42af79d4ef.jpg,sid,ame,2026-04-27T20:02:41.349Z
65,oth_vespsp2_1469_jpg.rf.cdbc97ec5504453d290099f9b97b8c75.jpg,oth,ves,2026-04-27T20:02:45.361Z
66,sid_vcra2_5563_jpg.rf.fb2bad3355ba8cfc88b1268c8679ceee.jpg,sid,vcr,2026-04-27T20:02:49.373Z
67,top_amel1_2037_jpg.rf.b85dc62f31ec5c7a6f56da94c2a2f262.jpg,top,ame,2026-04-27T20:02:53.406Z
68,oth_amel1_1546_jpg.rf.6de31c982a7d34e7b9cdf52400722fc8.jpg,oth,ame,2026-04-27T20:02:57.411Z
69,oth_vespsp2_0465_jpg.rf.75bac31d920b3d74ece9b585110deb27.jpg,oth,ves,2026-04-27T20:03:01.415Z
70,top_amel2_4706_jpg.rf.a855f2a1e323503094150ea16840c8d0.jpg,top,ame,2026-04-27T20:03:05.442Z
71,top_NULL_0872_jpg.rf.f456a6f2be88b1aca4f5630add0c0bc7.jpg,top,NUL,2026-04-27T20:03:09.466Z
72,sid_vvel2_5289_jpg.rf.44cc13d6e0d76162908e2da5854f9323.jpg,sid,vve,2026-04-27T20:03:13.505Z
73,oth_vespsp2_0353_jpg.rf.517e9ec46296464d7a6f456b17355efc.jpg,oth,ves,2026-04-27T20:03:17.513Z
74,top_vvel2_1498_jpg.rf.68a79957ca037d46bcfc51f15e3b311d.jpg,top,vve,2026-04-27T20:03:21.531Z
75,oth_vvel1_1000_jpg.rf.5c020230e1a9bb08146797a7bff921bb.jpg,oth,vve,2026-04-27T20:03:25.559Z
76,top_vespsp2_0975_jpg.rf.6a188772eef6b2bf29db23339c29e06b.jpg,top,ves,2026-04-27T20:03:29.570Z
77,top_vcra2_5962_jpg.rf.7958c3485dc25bf2703527b6d1e35a9c.jpg,top,vcr,2026-04-27T20:03:33.585Z
78,top_vcra1_0051_jpg.rf.88201619136a2a594e7423dbb94bb572.jpg,top,vcr,2026-04-27T20:03:37.594Z
79,top_vcra2_0894_jpg.rf.d7295df20cf4994f682ba11d7c0921c4.jpg,top,vcr,2026-04-27T20:03:41.627Z
80,top_vcra2_1648_jpg.rf.cff8c54054fe31da6f8fc85a9c5e843b.jpg,top,vcr,2026-04-27T20:03:45.639Z
81,oth_vespsp2_4262_jpg.rf.654f83a1d4f009df07e996fdaf3ca167.jpg,oth,ves,2026-04-27T20:03:49.653Z
82,top_vespsp2_2995_jpg.rf.4eedda9155b3761ad7c2a31458fdf305.jpg,top,ves,2026-04-27T20:03:53.662Z
83,oth_vvel2_4040_jpg.rf.408c6c9cb338fe35b4639afde331d7ce.jpg,oth,vve,2026-04-27T20:03:57.692Z
84,oth_amel2_8968_jpg.rf.e4899431d2d0625f4c50471dda96a1f7.jpg,oth,ame,2026-04-27T20:04:01.711Z
85,sid_amel2_5882_jpg.rf.68be86445ba755828fc4c72f5fb7fedd.jpg,sid,ame,2026-04-27T20:04:05.729Z
86,oth_amel2_1181_jpg.rf.b159639b6ad04194e3aceb7b7126aafb.jpg,oth,ame,2026-04-27T20:04:09.749Z
87,top_vcra2_3239_jpg.rf.9f16acf1eb5986cdf2195e5ff74edca3.jpg,top,vcr,2026-04-27T20:04:13.764Z
88,top_amel2_4743_jpg.rf.f9ac5c7a02843c08c162e622f170eed7.jpg,top,ame,2026-04-27T20:04:17.793Z
89,sid_vcra1_1728_jpg.rf.c429e57c14ef1965e7d5e5c1f4ec469d.jpg,sid,vcr,2026-04-27T20:04:21.825Z
90,oth_vvel1_2572_jpg.rf.97cd91025e8f0724f9f8fb020f75be92.jpg,oth,vve,2026-04-27T20:04:25.849Z
91,top_vcra2_4220_jpg.rf.c9128a3ac62e44f27b054a21928c9e39.jpg,top,vcr,2026-04-27T20:04:29.880Z
92,top_vespsp2_5842_jpg.rf.3e6111636236159b11d52b15585bbdb0.jpg,top,ves,2026-04-27T20:04:33.888Z
93,top_vespsp2_5740_jpg.rf.e88a5e738089a3a8874177fca76a2a29.jpg,top,ves,2026-04-27T20:04:37.898Z
94,sid_amel2_8519_jpg.rf.bd9fce732ef096e134dbf2015fd004b4.jpg,sid,ame,2026-04-27T20:04:41.905Z
95,sid_amel2_1827_jpg.rf.2d191c93e632fdf5d6b6d899213d9616.jpg,sid,ame,2026-04-27T20:04:45.924Z
96,top_amel2_7062_jpg.rf.51e15ebd545b368f92dcdf4cbb42f1be.jpg,top,ame,2026-04-27T20:04:49.940Z
97,top_vvel2_0310_jpg.rf.357ad908d2f81b87ea71925fe6583cf6.jpg,top,vve,2026-04-27T20:04:53.957Z
98,sid_amel2_8480_jpg.rf.17cfddac54cf5cfa3dac6248ee45eedd.jpg,sid,ame,2026-04-27T20:04:57.966Z
99,oth_amel1_0782_jpg.rf.a89a46ef3965ec93a4878d8b418106fd.jpg,oth,ame,2026-04-27T20:05:01.983Z
100,sid_vvel1_1416_jpg.rf.b34a42cd44513a31e8b1624fcb1c35a7.jpg,sid,vve,2026-04-27T20:05:06.017Z
101,sid_vespsp2_5083_jpg.rf.ee849cb42aa0cd6661327ab6ce1a642d.jpg,sid,ves,2026-04-27T20:05:10.039Z
102,top_amel1_0456_jpg.rf.d3be1392ea3a385f13524e980b1876ea.jpg,top,ame,2026-04-27T20:05:14.058Z
103,top_vespsp2_2700_jpg.rf.90755a640cd2b22aa04173f87d9d6a49.jpg,top,ves,2026-04-27T20:05:18.084Z
104,top_vvel2_5859_jpg.rf.e3f80ebc3da180d4a480eb09ac49e1f3.jpg,top,vve,2026-04-27T20:05:22.110Z
105,top_NULL_0843_jpg.rf.62929cb4b4eb3742840f2c8d79a87323.jpg,top,NUL,2026-04-27T20:05:26.123Z
106,sid_vespsp2_3391_jpg.rf.f8a501a08474545228aa96a33aac880f.jpg,sid,ves,2026-04-27T20:05:30.150Z
107,oth_vvel2_1967_jpg.rf.cf408efebd90bbd94b281e586937f33d.jpg,oth,vve,2026-04-27T20:05:34.155Z
108,oth_amel1_1610_jpg.rf.772b485f885ed74ceb70c448834a4c35.jpg,oth,ame,2026-04-27T20:05:38.164Z
109,sid_vespsp1_0024_jpg.rf.c9e83bdd63f272e1c459cd7b96d1eed2.jpg,sid,ves,2026-04-27T20:05:42.175Z
110,top_vespsp2_0967_jpg.rf.c4b982c9606dc0dd9af08ca8eff4fe33.jpg,top,ves,2026-04-27T20:05:46.197Z
111,oth_vespsp2_1848_jpg.rf.ec574b1058c14ddd82de03f413011ca9.jpg,oth,ves,2026-04-27T20:05:50.204Z
112,top_vcra2_6048_jpg.rf.b043aa437cb523b7397b4cc4f2ec58a1.jpg,top,vcr,2026-04-27T20:05:54.217Z
113,oth_amel1_0702_jpg.rf.2dd393c6504a82b005a0d181d56e7c33.jpg,oth,ame,2026-04-27T20:05:58.230Z
114,top_vvel2_5949_jpg.rf.31928502f277678cd60100297b5ecf04.jpg,top,vve,2026-04-27T20:06:02.244Z
115,top_vespsp2_4926_jpg.rf.b8424fd38daac3b2369aee522e5b125e.jpg,top,ves,2026-04-27T20:06:06.263Z
116,oth_vvel2_6210_jpg.rf.520f0293de0fbaf08ec2791a35cd89b6.jpg,oth,vve,2026-04-27T20:06:10.288Z
117,top_vespsp2_1857_jpg.rf.f74fbeb80a32f0dbf404cefd0a3c5095.jpg,top,ves,2026-04-27T20:06:14.313Z
118,top_vvel2_1179_jpg.rf.7ca23447f37daeeffb5e9111d14e0fff.jpg,top,vve,2026-04-27T20:06:18.321Z
119,sid_vvel2_4547_jpg.rf.d4d0ea5ebad163453a57d1fbbf14a951.jpg,sid,vve,2026-04-27T20:06:22.343Z
120,oth_amel1_1349_jpg.rf.c03d28b2dd63f0cd05fd95a63000e48b.jpg,oth,ame,2026-04-27T20:06:26.367Z
121,sid_amel1_1458_jpg.rf.e2d9dbc32fab63347990fa7c9273f72a.jpg,sid,ame,2026-04-27T20:06:30.378Z
122,top_vcra1_0602_jpg.rf.8a82b12875a2e6a5d93935433588860b.jpg,top,vcr,2026-04-27T20:06:34.411Z
123,oth_amel2_6212_jpg.rf.2d04ad9be02a5d3de54c70b95d3dfc2e.jpg,oth,ame,2026-04-27T20:06:38.432Z
124,oth_vespsp1_1409_jpg.rf.34fec0515876eb5e15b77439f52afb7e.jpg,oth,ves,2026-04-27T20:06:42.464Z
125,sid_amel2_0183_jpg.rf.f502906f8f0edfe1c4d2050b69e45cab.jpg,sid,ame,2026-04-27T20:06:46.480Z
126,top_vespsp2_2950_jpg.rf.0c89f9cc0271280f3e7ada597c19dcac.jpg,top,ves,2026-04-27T20:06:50.491Z
127,sid_vcra1_0437_jpg.rf.ccd2c10d7dbc78e59b443fc71602be92.jpg,sid,vcr,2026-04-27T20:06:54.511Z
128,top_vespsp2_2980_jpg.rf.8c432d77581612e4f0f430f812e15065.jpg,top,ves,2026-04-27T20:06:58.547Z
129,top_vvel2_5345_jpg.rf.fe505a5c7b997ab12c5847d1b0919f23.jpg,top,vve,2026-04-27T20:07:02.567Z
130,top_NULL_0908_jpg.rf.e5c1eceb174c35a63ce8ae328fe9b9b1.jpg,top,NUL,2026-04-27T20:07:06.600Z
131,top_vvel1_0860_jpg.rf.67348bcb961f98e4c55d3baf5c0f3732.jpg,top,vve,2026-04-27T20:07:10.610Z
132,sid_vespsp2_3327_jpg.rf.51cdb139c4837a8b23c6ab35321bf581.jpg,sid,ves,2026-04-27T20:07:14.625Z
133,top_amel2_5053_jpg.rf.adc8bd421008dedfc25d2886ebbd706f.jpg,top,ame,2026-04-27T20:07:18.646Z
134,top_vcra1_1082_jpg.rf.3f3b96ed62726422bd5744d8644fe22f.jpg,top,vcr,2026-04-27T20:07:22.660Z
135,oth_vvel2_4806_jpg.rf.b4ddea816d52a1279f1bcc8ddd5ce43f.jpg,oth,vve,2026-04-27T20:07:26.674Z
136,sid_vcra2_4251_jpg.rf.e243cb7dae9e351321b17efa8f34781f.jpg,sid,vcr,2026-04-27T20:07:30.689Z
137,oth_amel2_3625_jpg.rf.e0e34124078b7a113aef678d8a1eae79.jpg,oth,ame,2026-04-27T20:07:34.716Z
